word,image,emoji,fit
a,,🔤,1
aardvark,,🐖,2
abaci,,🧮,2
aback,,😲,2
abacus,,🧮,3
abaft,,⛵️,1
abalone,,🐚,2
abandon,,🚪,2
abandoned,,🏚️,2
abandonment,,🏚️,2
abase,,😔,1
abasement,,😔,1
abash,,😳,2
abashed,,😳,2
abate,,📉,2
abatement,,📉,2
abattoir,,🔪,2
abbess,,🧕,1
abbey,,⛪️,3
abbot,,⛪️,2
abbreviate,,✂️,2
abbreviation,,🔤,2
abdicate,,👑,2
abdication,,👑,2
abdomen,,🫃,3
abdominal,,🫃,2
abduct,,👽️,2
abduction,,👽️,2
abeam,,⛴️,1
abed,,🛏️,1
aberrant,,⚠️,1
aberration,,⚠️,1
abet,,🤝,1
abeyance,,⏸️,1
abhor,,🤢,2
abhorrence,,🤢,2
abhorrent,,🤢,2
abide,,✅️,1
abiding,,⏳️,1
ability,,💪,2
abject,,😞,1
abjure,,🙅,1
ablaze,,🔥,3
able,,💪,2
abnegation,,🙅,1
abnormal,,⚠️,1
abnormality,,⚠️,1
aboard,,🛳️,2
abode,,🏠️,2
abolish,,🚫,2
abolition,,🚫,2
abolitionist,,✊️,1
abominable,,🥶,1
abominate,,🤢,1
abomination,,🤢,1
aboriginal,,🪃,2
aborigine,,🪃,1
abort,,🚫,2
abortion,,🚫,1
abortionist,,🏥,1
abortive,,🚫,1
abound,,♾️,1
about,,🔄,1
above,,⬆️,3
abracadabra,,🎩,2
abrade,,🧽,1
abrasion,,🩹,2
abrasive,,🧽,2
abreast,,➡️,1
abridge,,✂️,1
abridgement,,✂️,1
abridgment,,✂️,1
abroad,,🌍️,2
abrogate,,🚫,1
abrogation,,🚫,1
abrupt,,⚡️,2
abscess,,🩹,2
abscond,,🏃,2
absence,,🚫,1
absent,,🚫,2
absentee,,🚫,1
absenteeism,,🚫,1
absinthe,,🥃,2
absolute,,💯,2
absolution,,🙏,1
absolutism,,👑,1
absolve,,🙏,1
absorb,,🧽,2
absorbency,,🧽,2
absorbent,,🧽,2
absorbing,,🧽,2
absorption,,🧽,2
abstain,,🚫,2
abstemious,,🚫,1
abstention,,🚫,1
abstinence,,🚫,1
abstinent,,🚫,1
abstract,,🎨,2
abstracted,,💭,1
abstraction,,🎨,1
abstruse,,❓️,1
absurd,,🤪,2
absurdity,,🤪,2
abundance,,🌾,2
abundant,,🌾,2
abuse,,🚫,2
abusive,,🚫,2
abut,,➡️,1
abutment,,🌉,1
abysmal,,😞,1
abyss,,🕳️,3
acacia,,🌳,2
academia,,🎓️,2
academic,,🎓️,2
academician,,🎓️,1
academy,,🏫,3
accede,,✅️,1
accelerate,,🏎️,2
acceleration,,🏎️,2
accelerator,,🚗,2
accent,,🗣️,2
accentuate,,❗️,1
accentuation,,❗️,1
accept,,✅️,3
acceptability,,✅️,1
acceptable,,✅️,2
acceptance,,✅️,2
access,,🔓️,2
accessibility,,♿️,2
accessible,,♿️,2
accession,,📈,1
accessory,,👜,2
accident,,💥,3
accidental,,💥,2
acclaim,,👏,2
acclamation,,👏,2
acclimate,,🌡️,1
acclimation,,🌡️,1
acclimatization,,🌡️,1
acclimatize,,🌡️,1
accolade,,🏅,2
accommodate,,🏨,2
accommodating,,🤝,1
accommodation,,🏨,2
accompaniment,,🎹,2
accompanist,,🎹,1
accompany,,🚶,1
accomplice,,🤝,2
accomplish,,✅️,2
accomplished,,🏆️,2
accomplishment,,🏆️,2
accord,,🤝,2
accordance,,🤝,1
accordingly,,➡️,1
accordion,,🪗,3
accost,,😠,1
account,,🧾,2
accountability,,🧾,1
accountable,,🧾,1
accountant,,💼,2
accounting,,🧾,2
accouterments,,🎒,1
accredit,,📜,1
accreditation,,📜,1
accrue,,📈,1
accumulate,,📚️,2
accumulation,,📚️,2
accumulative,,📚️,1
accuracy,,🎯,2
accurate,,🎯,2
accursed,,😈,1
accusation,,👉️,2
accusative,,👉️,1
accusatory,,👉️,1
accuse,,👉️,2
accused,,⚖️,1
accusingly,,👉️,1
accustom,,🔁,1
accustomed,,🔁,1
ace,,🃏,2
acerbic,,🍋,1
acerbity,,🍋,1
acetaminophen,,💊,2
acetate,,🧪,1
acetone,,🧪,2
acetylene,,🔥,1
ache,,🤕,3
achievable,,✅️,1
achieve,,🏆️,2
achievement,,🏆️,3
achoo,,🤧,3
achy,,🤕,2
acid,,🧪,3
acidic,,🍋,2
acidify,,🧪,1
acidity,,🧪,2
acknowledge,,✅️,2
acknowledgement,,✅️,1
acknowledgment,,✅️,1
acme,,🏔️,1
acne,,🧴,2
acolyte,,🙏,1
acorn,,🌰,3
acoustic,,🎸,2
acoustical,,🎸,1
acoustics,,🎧️,1
acquaint,,🤝,1
acquaintance,,🤝,2
acquiesce,,🙇,1
acquiescence,,🙇,1
acquiescent,,🙇,1
acquire,,📥️,2
acquirement,,📥️,1
acquisition,,📥️,2
acquisitive,,🤑,1
acquit,,⚖️,2
acquittal,,⚖️,2
acre,,🌾,2
acreage,,🌾,1
acrid,,👃,1
acrimonious,,😠,1
acrimony,,😠,1
acrobat,,🤸,3
acrobatic,,🤸,2
acrobatics,,🤸,2
acronym,,🔤,1
acropolis,,🏛️,2
across,,↔️,2
acrylic,,🎨,1
act,,🎭️,2
acting,,🎭️,2
action,,🎬️,2
activate,,🔛,2
activation,,🔛,1
active,,🏃,2
activism,,✊️,2
activist,,✊️,2
activity,,🏃,1
actor,,🎭️,3
actress,,🎭️,3
actual,,✅️,1
actuality,,✅️,1
actualization,,✅️,1
actualize,,✅️,1
actually,,❗️,1
actuarial,,🧮,1
actuary,,🧮,2
actuate,,⚙️,1
acuity,,👁️,1
acumen,,🧠,2
acupuncture,,📍,3
acupuncturist,,📍,2
acute,,📐,2
ad,,📢,2
adage,,📜,1
adagio,,🎼,1
adamant,,✊️,1
adapt,,🔧,2
adaptability,,🔧,1
adaptable,,🔧,1
adaptation,,🔧,1
adapter,,🔌,3
adaptor,,🔌,3
add,,➕️,3
addend,,➕️,1
addenda,,📎,1
addendum,,📎,2
adder,,🐍,3
addict,,💉,2
addicted,,💉,2
addiction,,💉,2
addictive,,💉,2
addition,,➕️,2
additional,,➕️,1
additive,,🧪,1
addle,,😵,1
address,,🏠️,2
addressee,,✉️,1
adduce,,📋️,1
adenoidal,,👃,1
adenoids,,👃,1
adept,,👍️,2
adequacy,,👌,1
adequate,,👌,2
adhere,,🩹,2
adherence,,🩹,1
adherent,,🩹,1
adhesion,,🩹,1
adhesive,,🩹,3
adieu,,👋,2
adieux,,👋,1
adios,,👋,2
adipose,,🍔,1
adjacent,,↔️,2
adjectival,,🔤,1
adjective,,🔤,2
adjoin,,🔗,1
adjourn,,⏸️,2
adjournment,,⏸️,1
adjudge,,⚖️,1
adjudicate,,⚖️,2
adjudication,,⚖️,1
adjunct,,📎,1
adjure,,🙏,1
adjust,,🔧,2
adjustable,,🔧,2
adjuster,,🔧,1
adjustment,,🔧,1
adjustor,,🔧,1
adjutant,,🎖️,1
adman,,📢,1
administer,,💊,2
administrate,,📋️,1
administration,,🏛️,1
administrative,,📋️,1
administrator,,💼,2
admirable,,👍️,1
admiral,,⚓️,3
admiralty,,⚓️,1
admiration,,😍,2
admire,,😍,2
admissibility,,⚖️,1
admissible,,⚖️,1
admission,,🎫,2
admit,,🗣️,1
admittance,,🚪,1
admittedly,,🗣️,1
admixture,,🥣,1
admonish,,😠,1
admonishment,,😠,1
admonition,,⚠️,1
admonitory,,⚠️,1
ado,,😤,1
adobe,,🧱,2
adolescence,,🧑,1
adolescent,,🧑,2
adopt,,👪️,2
adoption,,👪️,2
adoptive,,👪️,1
adorable,,🥰,2
adoration,,😍,2
adore,,😍,3
adorn,,💎,2
adornment,,💎,2
adrenal,,🫘,1
adrenaline,,⚡️,2
adrift,,🛟,2
adroit,,👍️,1
adulate,,👏,1
adulation,,👏,1
adult,,🧑,3
adulterant,,🧪,1
adulterate,,🧪,1
adulteration,,🧪,1
adulterer,,💔,1
adulteress,,💔,1
adulterous,,💔,1
adultery,,💔,2
adulthood,,🧑,1
advance,,➡️,2
advanced,,🚀,2
advancement,,📈,2
advantage,,✅️,2
advantageous,,✅️,1
advent,,📆,1
adventure,,🗺️,3
adventurer,,🧭,2
adventuresome,,🧭,1
adventuress,,🧭,1
adventurous,,🧭,2
adverb,,🔤,1
adverbial,,🔤,1
adversarial,,⚔️,1
adversary,,⚔️,2
adverse,,⚠️,1
adversity,,⚠️,2
advert,,📢,2
advertise,,📢,2
advertisement,,📢,3
advertising,,📢,2
advice,,💡,2
advisability,,💡,1
advisable,,💡,1
advise,,💡,2
advisedly,,💡,1
adviser,,🏫,1
advisor,,🏫,1
advisory,,⚠️,1
advocacy,,📢,2
advocate,,📢,2
adz,,🪓,2
adze,,🪓,2
aegis,,🛡️,2
aeon,,⏳️,2
aerate,,💨,1
aeration,,💨,1
aerial,,📡,2
aerialist,,🤸,1
aerie,,🪹,2
aerobatics,,✈️,2
aerobic,,🏋️,1
aerobics,,🏋️,3
aerodynamic,,✈️,1
aerodynamics,,✈️,1
aeronautical,,✈️,2
aeronautics,,✈️,2
aeroplane,,✈️,3
aerosol,,🧴,3
aerospace,,🚀,2
aesthete,,🎨,1
aesthetic,,🎨,2
aesthetics,,🎨,2
afar,,🔭,1
affability,,😊,1
affable,,😊,2
affair,,💔,2
affect,,🎭️,1
affectation,,🎭️,1
affected,,😢,1
affecting,,😢,1
affection,,❤️,3
affectionate,,❤️,2
affidavit,,📜,2
affiliate,,🔗,2
affiliation,,🔗,1
affinity,,🧲,2
affirm,,✅️,2
affirmation,,✅️,2
affirmative,,✅️,2
affix,,📌,2
afflict,,🤒,1
affliction,,🤒,2
affluence,,💰️,2
affluent,,💰️,2
afford,,💵,2
affordable,,💵,2
afforest,,🌲,1
afforestation,,🌲,2
affray,,⚔️,1
affront,,😠,1
afghan,,🧣,2
aficionado,,🤩,1
afield,,🌾,1
afire,,🔥,2
aflame,,🔥,3
afloat,,🛟,2
aflutter,,🦋,1
afoot,,🚶,1
afoul,,⚠️,1
afraid,,😨,3
afresh,,🆕,1
aft,,⛵️,1
after,,⏭️,2
afterward,,⏭️,1
afterwards,,⏭️,1
again,,🔁,2
against,,⚔️,1
agape,,😲,2
agate,,💎,2
agave,,🌵,2
age,,🎂,2
aged,,👴,2
ageless,,♾️,1
agency,,🏢,2
agenda,,📋️,3
agent,,🕵️,2
agglomeration,,🪨,1
agglutination,,🧬,1
aggrandize,,👑,1
aggrandizement,,👑,1
aggravate,,😠,2
aggravation,,😠,2
aggregate,,📊,1
aggregation,,📊,1
aggression,,😡,2
aggressive,,😡,3
aggrieved,,😢,1
aghast,,😱,2
agile,,🤸,2
agility,,🤸,2
agitate,,😠,2
agitation,,😠,2
aglitter,,✨️,1
aglow,,✨️,2
agnostic,,🤷,2
agnosticism,,🤷,1
ago,,⏮️,2
agog,,😲,1
agonize,,😖,2
agonizing,,😖,2
agony,,😖,3
agrarian,,🚜,2
agree,,🤝,3
agreeable,,🤝,2
agreement,,🤝,3
agribusiness,,🚜,1
agricultural,,🚜,2
agriculture,,🚜,3
agronomist,,🌾,1
agronomy,,🌾,1
aground,,🚢,2
ague,,🤒,1
ah,,😮,1
aha,,💡,2
ahead,,➡️,2
ahem,,😐️,1
ahoy,,⚓️,2
aid,,🆘,2
aide,,🏫,1
ail,,🤒,2
aileron,,✈️,1
ailment,,🤒,2
aim,,🎯,3
aimless,,🌀,1
air,,💨,3
airless,,🌬️,1
airy,,💨,1
aisle,,🛒,2
ajar,,🚪,2
akimbo,,🕺,1
akin,,🤝,1
alabaster,,🗿,1
alacrity,,⚡️,1
alarm,,🚨,3
alarming,,🚨,2
alarmist,,🚨,1
alas,,😔,1
albacore,,🐟️,2
albatross,,🐦️,3
albeit,,➡️,1
albino,,🦄,1
album,,💿️,3
albumen,,🥚,2
albumin,,🥚,1
alchemist,,⚗️,2
alchemy,,⚗️,2
alcohol,,🍺,3
alcoholic,,🍺,2
alcoholism,,🍺,2
alcove,,🛋️,1
alder,,🌳,1
alderman,,🏛️,2
ale,,🍺,3
alert,,🚨,2
alfalfa,,🌱,2
alfresco,,🍽️,1
alga,,🌿,2
algae,,🌿,3
algebra,,➗️,2
algebraic,,➗️,1
algorithm,,💻️,2
alias,,🎭️,2
alibi,,📜,1
alien,,👽️,3
alienate,,🚫,1
alienated,,😔,1
alienation,,😔,1
alight,,🔥,1
align,,📏,2
alignment,,📏,2
alike,,🟰,1
alimentary,,🍽️,1
alimony,,💵,2
alit,,🕊️,1
alive,,💓,2
alkali,,🧪,2
alkaline,,🧪,2
alkalinity,,🧪,1
alkaloid,,🧪,1
all,,♾️,1
allay,,😌,1
allegation,,👉️,2
allege,,👉️,1
alleged,,👉️,1
allegiance,,🫡,2
allegorical,,📖,1
allegory,,📖,2
allegro,,🎼,1
alleluia,,🙌,2
allergen,,🤧,2
allergic,,🤧,3
allergy,,🤧,3
alleviate,,😌,2
alleviation,,😌,1
alley,,🏙️,2
alliance,,🤝,2
allied,,🤝,1
alligator,,🐊,3
alliteration,,🔤,1
alliterative,,🔤,1
allocate,,📦️,2
allocation,,📦️,2
allot,,📦️,1
allotment,,🌱,1
allow,,✅️,2
allowable,,✅️,1
allowance,,💵,2
alloy,,⚙️,2
allude,,👉️,1
allure,,😍,2
alluring,,😍,2
allusion,,👉️,1
allusive,,👉️,1
alluvial,,🏞️,1
ally,,🤝,2
almanac,,📅,2
almighty,,👑,2
almond,,🌰,3
almost,,➡️,1
alms,,💰️,2
aloe,,🌵,2
aloft,,🎈,2
aloha,,🤙,2
alone,,🧍,2
along,,➡️,1
aloof,,😐️,1
aloud,,📢,2
alpaca,,🦙,3
alpha,,🅰️,2
alphabet,,🔤,3
alphabetic,,🔤,2
alphabetical,,🔤,2
alphabetize,,🔤,1
alphanumeric,,🔡,1
alpine,,🏔️,2
already,,✅️,1
alright,,👍️,2
also,,➕️,1
altar,,⛪️,3
alter,,🔧,2
alteration,,🔧,2
altercation,,🥊,2
alternate,,🔀,2
alternation,,🔀,1
alternative,,🔀,2
alternator,,🔋,1
although,,🔀,1
altimeter,,📈,2
altitude,,🏔️,2
alto,,🎤,1
altruism,,🤲,2
altruist,,🤲,2
altruistic,,🤲,2
alum,,🎓️,2
aluminum,,🥫,2
alumna,,🎓️,2
alumnae,,🎓️,1
alumni,,🎓️,2
alumnus,,🎓️,2
always,,♾️,2
am,,⏰️,1
amalgam,,🥣,1
amalgamate,,🥣,1
amalgamation,,🥣,1
amaryllis,,🌸,2
amass,,📦️,1
amateur,,🔰,2
amateurish,,🔰,1
amateurism,,🔰,1
amatory,,💘,1
amaze,,😲,2
amazement,,😲,2
ambassador,,🎖️,2
ambassadorial,,🎖️,1
ambassadorship,,🎖️,1
amber,,🟠,2
ambiance,,🕯️,1
ambidextrous,,🙌,2
ambience,,🕯️,1
ambient,,🌫️,1
ambiguity,,❓️,2
ambiguous,,❓️,2
ambition,,🎯,2
ambitious,,🎯,2
ambivalence,,🤷,2
ambivalent,,🤷,2
amble,,🚶,2
ambrosia,,🍯,1
ambulance,,🚑️,3
ambulatory,,🚶,1
ambush,,🥷,2
ameba,,🦠,2
amebae,,🦠,2
ameliorate,,📈,1
amelioration,,📈,1
amen,,🙏,3
amenable,,🙂,1
amend,,📝,2
amendable,,📝,1
amendment,,📜,2
amends,,🤝,1
amenity,,🏨,1
amethyst,,💜,2
amiability,,😊,1
amiable,,😊,2
amicability,,😊,1
amicable,,😊,2
amid,,➡️,1
amidships,,🚢,1
amidst,,➡️,1
amigo,,🤝,2
amiss,,⚠️,1
amity,,🤝,1
ammeter,,🔋,1
ammo,,🔫,2
ammonia,,🧪,2
ammunition,,🔫,2
amnesia,,🧠,2
amnesiac,,🧠,2
amnesty,,🕊️,2
amniocentesis,,🤰,1
amoeba,,🦠,3
amoebae,,🦠,3
amoebic,,🦠,2
amok,,😡,1
among,,➡️,1
amongst,,➡️,1
amoral,,🚫,1
amorality,,🚫,1
amorous,,💘,2
amorphous,,🌫️,1
amortize,,💵,1
amount,,🔢,2
amour,,💘,2
amp,,🔊,2
amperage,,🔋,1
ampere,,🔋,1
ampersand,,🔣,1
amphetamine,,💊,2
amphibian,,🐸,3
amphibious,,🐸,2
amphitheater,,🏟️,2
ample,,👍️,1
amplification,,🔊,2
amplifier,,🔊,3
amplify,,🔊,2
amplitude,,🌊,1
ampule,,💉,2
amputate,,🔪,2
amputation,,🔪,2
amputee,,🦽,2
amuck,,😡,1
amulet,,🧿,3
amuse,,😄,2
amusement,,🎡,2
amusing,,😄,2
amusingly,,😄,1
an,,🔤,1
anachronism,,⏳️,2
anachronistic,,⏳️,2
anaconda,,🐍,3
anaerobic,,🚫,1
anaesthesia,,💉,2
anaesthetic,,💉,2
anagram,,🔤,2
anal,,🍑,1
analgesia,,💊,2
analgesic,,💊,2
analog,,🎛️,2
analogous,,🔗,1
analogously,,🔗,1
analogue,,🎛️,2
analogy,,🔗,1
analyses,,🔬,2
analysis,,🔬,2
analyst,,📊,2
analytic,,📊,1
analytical,,📊,1
analyze,,🔍️,2
anapest,,🎵,1
anarchic,,🔥,1
anarchism,,🏴,2
anarchist,,🏴,2
anarchistic,,🏴,1
anarchy,,🏴,2
anathema,,🚫,1
anatomic,,🦴,2
anatomical,,🦴,2
anatomist,,🦴,1
anatomy,,🦴,2
ancestor,,👴,2
ancestral,,🌳,1
ancestry,,🌳,2
anchor,,⚓️,3
anchorage,,⚓️,2
anchorman,,📺️,2
anchorperson,,📺️,2
anchorwoman,,📺️,2
anchovy,,🐟️,2
ancient,,🏺,2
ancillary,,🔗,1
and,,➕️,1
andante,,🎵,1
andiron,,🔥,1
androgynous,,⚧️,1
android,,🤖,3
anecdotal,,💬,1
anecdote,,💬,2
anemia,,🩸,1
anemic,,🩸,1
anemometer,,🌬️,1
anemone,,🌺,2
anesthesia,,💉,2
anesthesiology,,💉,1
anesthetic,,💉,2
anesthetist,,💉,1
anesthetize,,💉,1
aneurysm,,🩸,1
anew,,🔄,1
angel,,👼,3
angelic,,👼,2
anger,,😠,3
angina,,💔,1
angioplasty,,🩺,1
angiosperm,,🌸,1
angle,,📐,2
angling,,🎣,2
angora,,🐰,1
angry,,😠,3
angst,,😟,2
anguish,,😖,2
angular,,📐,1
angularity,,📐,1
animal,,🐾,3
animate,,🎞️,2
animation,,🎞️,3
animism,,🌳,1
animosity,,😠,2
animus,,😠,1
anise,,🌿,1
ankh,,🔑,1
ankle,,🦶,2
anklet,,🦶,1
annals,,📜,1
anneal,,🔥,1
annex,,🏢,1
annexation,,🏢,1
annihilate,,💥,2
annihilation,,💥,2
anniversary,,🎉,2
annotate,,✍️,1
annotation,,✍️,1
announce,,📢,3
announcement,,📢,2
announcer,,📢,2
annoy,,😒,2
annoyance,,😒,2
annoying,,😒,2
annual,,📅,2
annuity,,💰️,1
annul,,🚫,1
annulment,,🚫,1
annunciation,,📢,1
anode,,🔋,1
anodyne,,💊,1
anoint,,💧,1
anointment,,💧,1
anomalous,,❓️,1
anomaly,,❓️,2
anon,,⏳️,1
anonymity,,🕵️,1
anonymous,,🕵️,2
anopheles,,🦟,1
anorexia,,🍽️,1
anorexic,,🍽️,1
another,,🔁,1
answer,,💬,2
answerable,,💬,1
ant,,🐜,3
antacid,,💊,2
antagonism,,⚔️,1
antagonist,,🦹,2
antagonistic,,⚔️,1
antagonize,,⚔️,1
antarctic,,🧊,3
ante,,🎰,1
anteater,,🐜,2
antebellum,,🏛️,1
antecedent,,⬅️,1
antechamber,,🚪,1
antedate,,📅,1
antediluvian,,🌊,1
antelope,,🦌,3
antenna,,📡,3
antennae,,📡,2
anterior,,➡️,1
anteroom,,🚪,1
anthem,,🎵,2
anther,,🌸,1
anthologist,,📚️,1
anthologize,,📚️,1
anthology,,📚️,2
anthracite,,⚫️,1
anthrax,,☣️,2
anthropoid,,🦍,1
anthropological,,🗿,1
anthropologist,,🔍️,1
anthropology,,🔍️,1
anthropomorphic,,🐭,1
antiabortion,,🚫,1
antibiotic,,💊,2
antibody,,🛡️,2
antic,,🤪,1
anticipate,,⏳️,2
anticipation,,⏳️,2
anticipatory,,⏳️,1
anticlimactic,,📉,1
anticlimax,,📉,1
antics,,🤪,2
antidepressant,,💊,2
antidote,,💊,2
antifreeze,,❄️,1
antigen,,🦠,1
antihero,,🦹,2
antihistamine,,💊,2
antiknock,,🔧,1
antimatter,,✨️,1
antimony,,⚗️,1
antiparticle,,⚛️,1
antipasto,,🍽️,2
antipathy,,😠,1
antiperspirant,,🧴,2
antipodes,,🌍️,1
antiquarian,,📚️,1
antiquated,,🕰️,2
antique,,🏺,3
antiquity,,🏛️,2
antiseptic,,🧴,2
antisocial,,🚫,2
antitheses,,⚖️,1
antithesis,,⚖️,1
antithetical,,⚖️,1
antitoxin,,💉,1
antitrust,,⚖️,1
antiwar,,☮️,2
antler,,🦌,2
antonym,,🔤,1
anus,,🍑,1
anvil,,⚒️,3
anxiety,,😰,3
anxious,,😰,3
any,,❓️,1
aorta,,❤️,1
apace,,🏃,1
apart,,↔️,1
apartheid,,🚫,1
apartment,,🏢,3
apathetic,,😐️,2
apathy,,😐️,2
ape,,🦍,3
aperitif,,🍸️,1
aperture,,📷️,2
apex,,🔝,2
aphid,,🐛,1
aphorism,,💬,1
aphrodisiac,,💘,1
apiary,,🐝,2
apices,,🔝,1
apiece,,➗️,1
aplenty,,🔢,1
aplomb,,😎,1
apocalypse,,☄️,2
apocalyptic,,☄️,2
apocryphal,,❓️,1
apogee,,🌕️,1
apolitical,,🚫,1
apologetic,,🙏,2
apologia,,🙏,1
apologist,,🙏,1
apologize,,🙏,3
apology,,🙏,2
apoplectic,,😡,1
apoplexy,,😡,1
apostasy,,✝️,1
apostate,,✝️,1
apostle,,✝️,2
apostolic,,✝️,1
apostrophe,,🔤,2
apothecary,,⚗️,2
apotheosis,,✨️,1
appall,,😱,1
appalling,,😱,2
appallingly,,😱,1
apparatus,,⚙️,2
apparel,,👕,2
apparent,,👁️,1
apparition,,👻,3
appeal,,🙏,2
appear,,👀,2
appearance,,👀,2
appease,,🤝,1
appeasement,,🤝,1
appellate,,⚖️,1
appellation,,🏷️,1
append,,➕️,1
appendage,,🦾,1
appendectomy,,🏥,1
appendices,,📎,1
appendicitis,,🏥,1
appendix,,📎,2
appertain,,🔗,1
appetite,,🍽️,2
appetizer,,🥗,3
appetizing,,😋,2
applaud,,👏,3
applause,,👏,3
apple,,🍎,3
appliance,,🔌,3
applicability,,✅️,1
applicable,,✅️,1
applicant,,📝,2
application,,📝,2
applicator,,🖌️,1
applied,,✅️,1
applique,,🧵,1
apply,,📝,2
appoint,,👉️,1
appointee,,👤,1
appointment,,📅,3
apportion,,➗️,1
apportionment,,➗️,1
apposite,,✅️,1
apposition,,🔗,1
appositive,,🔗,1
appraisal,,📋️,2
appraise,,📋️,1
appreciable,,✅️,1
appreciate,,🙏,2
appreciation,,🙏,2
appreciative,,🙏,2
apprehend,,🚔️,2
apprehension,,😟,2
apprehensive,,😟,2
apprentice,,🔧,2
apprenticeship,,🔧,1
apprise,,💬,1
approach,,🚶,2
approachable,,🙂,1
approbation,,👍️,1
appropriate,,✅️,2
appropriation,,💰️,1
approval,,👍️,3
approve,,✅️,3
approximate,,🔃,2
approximation,,🔃,1
appurtenance,,📎,1
apricot,,🍑,3
apron,,🥽,3
apropos,,🔗,1
apse,,⛪️,1
apt,,✅️,1
aptitude,,🧠,2
aqua,,💧,2
aquaria,,🐠,1
aquarium,,🐠,3
aquatic,,🐟️,2
aqueduct,,🌉,2
aqueous,,💧,1
aquifer,,💧,2
aquiline,,🦅,1
arabesque,,💃,1
arable,,🌾,1
arachnid,,🕷️,3
arbiter,,⚖️,2
arbitrary,,🎲,2
arbitrate,,⚖️,2
arbitration,,⚖️,2
arbitrator,,⚖️,2
arbor,,🌳,2
arboreal,,🌳,1
arboreta,,🌳,1
arboretum,,🌳,3
arborvitae,,🌲,1
arbutus,,🌳,1
arc,,🌈,2
arcade,,🕹️,3
arcane,,🔮,1
arch,,🏛️,2
archaeological,,🏺,1
archaeologist,,⛏️,2
archaeology,,⛏️,3
archaic,,🏺,2
archaism,,🏺,1
archangel,,👼,2
archbishop,,⛪️,2
archbishopric,,⛪️,1
archdiocese,,⛪️,1
archduke,,👑,1
archenemy,,🦹,2
archeology,,⛏️,3
archer,,🏹,3
archery,,🏹,3
archetype,,🧬,1
archipelago,,🏝️,3
architect,,📐,3
architectural,,🏛️,2
architecture,,🏛️,3
archive,,🗄️,2
archivist,,🗄️,1
arctic,,🧊,3
ardent,,🔥,1
ardor,,🔥,1
arduous,,😓,1
are,,🟰,1
area,,📐,1
arena,,🏟️,3
argon,,⚛️,1
argot,,🗣️,1
arguable,,🤔,1
argue,,🗣️,3
argument,,🗣️,2
argumentation,,🗣️,1
argumentative,,😤,1
aria,,🎶,2
arid,,🏜️,3
aridity,,🏜️,2
aright,,✅️,1
arise,,⬆️,2
arisen,,⬆️,1
aristocracy,,👑,2
aristocrat,,👑,2
aristocratic,,👑,2
arithmetic,,➗️,2
arithmetical,,➗️,1
ark,,🚢,3
arm,,💪,3
armada,,🚢,2
armadillo,,🐾,3
armament,,🔫,2
armature,,⚙️,1
armed,,🔫,2
armful,,🤗,1
armistice,,🕊️,2
armor,,🛡️,3
armorer,,🛡️,1
armory,,🛡️,2
arms,,🔫,2
army,,🪖,3
aroma,,👃,2
aromatic,,👃,2
arose,,⬆️,1
around,,🔄,1
arousal,,🔥,1
arouse,,🔥,1
arpeggio,,🎹,1
arraign,,⚖️,1
arraignment,,⚖️,1
arrange,,📐,1
arrangement,,🗂️,2
arrant,,❗️,1
array,,📊,1
arrears,,💰️,1
arrest,,🚔️,3
arresting,,😲,1
arrival,,🛬,2
arrive,,🛬,2
arrogance,,😤,2
arrogant,,😤,2
arrogate,,✋️,1
arrow,,🏹,3
arroyo,,🏜️,1
arsenal,,🔫,2
arsenic,,☠️,2
arson,,🔥,2
arsonist,,🔥,2
art,,🎨,3
arterial,,🩸,1
artery,,🩸,2
artful,,🎨,1
arthritic,,🦴,1
arthritis,,🦴,2
arthropod,,🦂,2
artichoke,,🌿,3
article,,📰,2
articulate,,🗣️,2
articulation,,🗣️,1
artifact,,🏺,2
artifice,,🎭️,1
artificial,,🤖,2
artificiality,,🤖,1
artillery,,💣️,2
artisan,,🔨,2
artist,,🎨,3
artistic,,🎨,2
artistry,,🎨,2
artless,,😶,1
arty,,🎨,1
as,,🟰,1
asbestos,,🏚️,1
ascend,,⬆️,2
ascendancy,,⬆️,1
ascendant,,⬆️,1
ascendency,,⬆️,1
ascendent,,⬆️,1
ascension,,⬆️,2
ascent,,⛰️,2
ascertain,,🔍️,1
ascertainable,,🔍️,1
ascetic,,🧘,2
asceticism,,🧘,2
ascot,,👔,2
ascribe,,✍️,1
aseptic,,🧼,1
asexual,,🚫,1
ash,,🌋,2
ashamed,,😳,2
ashen,,😨,1
ashore,,🏖️,2
ashram,,🕉️,1
ashy,,🌫️,1
aside,,➡️,1
asinine,,🙄,1
ask,,❓️,3
askance,,🙄,1
askew,,📐,1
aslant,,📐,1
asleep,,😴,3
asp,,🐍,2
asparagus,,🥦,3
aspartame,,🍬,1
aspect,,🔎,1
aspen,,🌳,1
asperity,,😠,1
aspersion,,🗣️,1
asphalt,,🛣️,3
asphyxia,,😵,1
asphyxiate,,😵,1
asphyxiation,,😵,1
aspic,,🍮,1
aspirant,,🎯,1
aspirate,,🌬️,1
aspiration,,🎯,2
aspire,,🎯,2
aspirin,,💊,3
ass,,🫏,2
assail,,⚔️,1
assailable,,🎯,1
assailant,,🗡️,1
assassin,,🗡️,3
assassinate,,🗡️,2
assassination,,🗡️,2
assault,,👊,2
assay,,🧪,1
assemblage,,🗂️,1
assemble,,🔧,2
assembly,,🏭️,2
assemblyman,,🏛️,1
assemblywoman,,🏛️,1
assent,,👍️,1
assert,,🗣️,1
assertion,,🗣️,1
assertive,,💪,2
assess,,📊,2
assessment,,📊,2
asset,,💰️,2
assiduous,,📌,1
assign,,📝,2
assignation,,📅,1
assignment,,📝,3
assimilate,,🔄,1
assimilation,,🔄,1
assist,,🤝,2
assistance,,🤝,2
assistant,,🙋,2
associate,,🤝,2
association,,🤝,2
associative,,🔗,1
assort,,🗂️,1
assorted,,🗂️,2
assortment,,🍬,2
assuage,,🤲,1
assume,,🤔,2
assumption,,🤔,2
assurance,,🤝,1
assure,,🤝,1
assured,,😌,1
aster,,🌼,2
asterisk,,✳️,3
astern,,⛵️,1
asteroid,,☄️,3
asthma,,🫁,2
asthmatic,,🫁,1
astigmatic,,👓️,1
astigmatism,,👓️,1
astir,,🏃,1
astonish,,😲,2
astonishment,,😲,2
astound,,😲,2
astrakhan,,🐑,1
astral,,✨️,1
astray,,🚧,1
astride,,🐎,1
astringency,,🍋,1
astringent,,🍋,1
astrologer,,🔮,2
astrological,,🔮,1
astrology,,🔮,3
astronaut,,🚀,2
astronautics,,🚀,2
astronomer,,🔭,3
astronomic,,🔭,1
astronomical,,🔭,2
astronomy,,🔭,3
astrophysicist,,🔭,2
astrophysics,,🔭,2
astute,,🧠,2
asunder,,💔,1
asylum,,🏥,2
asymmetric,,📐,1
asymmetrical,,📐,1
asymmetry,,📐,1
at,,📍,1
ate,,🍽️,2
atheism,,🚫,1
atheist,,🚫,1
atheistic,,🚫,1
athlete,,🏃,3
athletic,,🏃,2
athletics,,🏅,2
atlas,,🗺️,3
atmosphere,,🌍️,3
atmospheric,,🌫️,2
atoll,,🏝️,3
atom,,⚛️,3
atomic,,⚛️,3
atomizer,,🧴,1
atonal,,🎵,1
atonality,,🎵,1
atone,,🙏,1
atonement,,🙏,1
atop,,⬆️,1
atria,,❤️,1
atrium,,❤️,2
atrocious,,😨,1
atrocity,,😨,1
atrophy,,📉,1
attach,,📎,3
attache,,💼,2
attachment,,📎,2
attack,,⚔️,3
attain,,🎯,1
attainable,,🎯,1
attainment,,🏆️,1
attar,,🌹,1
attempt,,🎯,2
attend,,🙋,2
attendance,,📋️,1
attendant,,🙋,2
attention,,👀,2
attentive,,👀,1
attenuate,,📉,1
attenuation,,📉,1
attest,,✅️,1
attic,,🏠️,3
attire,,👗,2
attitude,,🙎,2
attorney,,⚖️,3
attract,,🧲,2
attraction,,🎡,2
attractive,,😍,2
attributable,,🔗,1
attribute,,🏷️,2
attribution,,🏷️,1
attributive,,🏷️,1
attrition,,📉,1
attune,,🎵,1
atypical,,❗️,1
auburn,,🟤,2
auction,,🔨,3
auctioneer,,🔨,2
audacious,,😲,1
audacity,,😲,1
audibility,,👂️,1
audible,,👂️,2
audience,,👥,3
audio,,🔊,3
audiophile,,🎧️,2
audit,,📊,2
audition,,🎭️,2
auditor,,📊,1
auditorium,,🎭️,2
auditory,,👂️,2
auger,,🔩,1
aught,,0️⃣,1
augment,,➕️,1
augmentation,,➕️,1
augur,,🔮,1
augury,,🔮,1
august,,📅,1
auk,,🐧,2
aunt,,👩,3
aura,,✨️,2
aural,,👂️,1
aureole,,😇,1
auricle,,👂️,1
auspices,,🙏,1
auspicious,,🍀,1
austere,,🏚️,1
austerity,,💰️,1
authentic,,✅️,2
authenticate,,✅️,1
authentication,,🔐,1
authenticity,,✅️,1
author,,✍️,3
authoritarian,,👮,1
authoritative,,👮,1
authority,,👮,2
authorization,,✅️,1
authorize,,✅️,1
authorship,,✍️,2
autism,,🧩,2
autistic,,🧩,2
auto,,🚗,3
autobiography,,📖,2
autocracy,,👑,1
autocrat,,👑,2
autocratic,,👑,1
autograph,,✍️,3
automate,,🤖,2
automatic,,🤖,2
automation,,🤖,2
automaton,,🤖,3
automobile,,🚗,3
automotive,,🚗,2
autonomous,,🤖,2
autonomy,,🕊️,1
autopilot,,✈️,2
autopsy,,🔪,2
autumn,,🍂,3
autumnal,,🍂,2
auxiliary,,🔧,1
avail,,🤲,1
availability,,✅️,1
available,,✅️,2
avalanche,,🏔️,3
avarice,,💰️,1
avaricious,,💰️,1
avatar,,👤,2
avenge,,⚔️,1
avenue,,🛣️,2
aver,,🗣️,1
average,,➗️,2
averse,,🚫,1
aversion,,🚫,1
avert,,✋️,1
avian,,🐦️,2
aviary,,🐦️,2
aviation,,✈️,3
aviator,,✈️,3
avid,,🔥,1
avidity,,🔥,1
avionics,,✈️,2
avocado,,🥑,3
avocation,,🎨,1
avoid,,🚫,2
avoidable,,🚫,1
avoidance,,🚫,1
avoirdupois,,⚖️,1
avow,,🗣️,1
avowal,,🗣️,1
avowed,,🗣️,1
avuncular,,👨,1
await,,⏳️,2
awake,,😳,3
awaken,,😳,2
awakening,,😳,2
award,,🏆️,3
aware,,👁️,2
awash,,🌊,1
away,,🚶,1
awe,,😮,2
aweigh,,⚓️,1
awesome,,😎,2
awful,,😖,2
awfully,,😖,1
awhile,,⏳️,1
awkward,,😬,3
awl,,🔧,1
awning,,⛱️,2
awoke,,😳,2
awoken,,😳,1
awry,,📐,1
ax,,🪓,3
axe,,🪓,3
axes,,🪓,2
axial,,🔩,1
axiom,,📐,1
axiomatic,,📐,1
axis,,📊,2
axle,,🔩,2
axon,,🧠,2
ayatollah,,🕌,1
aye,,👍️,1
azalea,,🌺,3
azimuth,,🧭,1
azure,,🔵,3
baa,,🐑,2
babble,,🗣️,2
babe,,👶,2
babel,,🗼,1
baboon,,🐒,3
babushka,,🧣,2
baby,,👶,3
babyhood,,👶,2
babyish,,👶,2
baccalaureate,,🎓️,2
bacchanalian,,🍷,2
bachelor,,🤵,2
bacilli,,🦠,2
bacillus,,🦠,2
back,,⬅️,2
backer,,💰️,2
backgammon,,🎲,3
backwards,,⬅️,2
bacon,,🥓,3
bacteria,,🦠,3
bacterial,,🦠,2
bacteriological,,🦠,1
bacteriologist,,🦠,1
bacteriology,,🦠,1
bacterium,,🦠,3
bad,,👎️,2
bade,,🗣️,1
badge,,🎖️,3
badger,,🦡,3
badlands,,🏜️,2
badly,,👎️,1
badminton,,🏸,3
baffle,,😕,2
bafflement,,😕,2
baffling,,😕,2
bag,,👜,3
bagel,,🥯,3
baggage,,🧳,3
baggy,,👖,2
bagpipes,,🎶,2
bah,,😒,1
bail,,⚖️,2
bailiff,,⚖️,2
bailiwick,,🗺️,1
bait,,🪱,2
baize,,🟢,1
bake,,🍞,3
baker,,🍞,2
bakery,,🥐,3
balalaika,,🎸,2
balance,,⚖️,3
balcony,,🏠️,2
bald,,🦲,2
balderdash,,🤷,1
balding,,🦲,1
bale,,🌾,2
baleful,,😠,2
balk,,🚫,2
balky,,🚫,1
ball,,⚽️,3
ballad,,🎵,2
ballast,,⚓️,2
ballerina,,🩰,3
ballet,,🩰,3
ballistic,,🚀,2
ballistics,,🎯,1
balloon,,🎈,3
balloonist,,🎈,2
ballot,,🗳️,3
balls,,⚽️,2
ballsy,,💪,1
ballyhoo,,📢,1
balm,,🧴,2
balmy,,🌤️,2
baloney,,🥩,2
balsa,,🪵,1
balsam,,🌿,1
baluster,,🏛️,1
balustrade,,🏛️,1
bamboo,,🎍,3
bamboozle,,🤥,2
ban,,🚫,3
banal,,😐️,1
banality,,😐️,1
banana,,🍌,3
band,,🎸,2
bandage,,🩹,3
bandana,,🧕,2
bandanna,,🧕,2
bandit,,🦹,2
bandoleer,,🔫,1
bandolier,,🔫,1
bandy,,🦵,1
bane,,☠️,2
baneful,,☠️,1
bang,,💥,3
bangle,,📿,2
bangs,,💇,2
banish,,🚪,2
banishment,,🚪,1
banister,,🪜,1
banjo,,🪕,3
bank,,🏦,3
banker,,🏦,2
banking,,🏦,2
bankrupt,,💸,2
bankruptcy,,💸,2
banner,,🚩,2
banns,,💍,1
banquet,,🍽️,3
banshee,,👻,2
bantam,,🐔,1
banter,,💬,2
banyan,,🌳,1
baobab,,🌳,2
baptism,,⛪️,2
baptismal,,⛪️,1
baptize,,⛪️,2
bar,,🍺,2
barb,,🎣,1
barbarian,,⚔️,2
barbaric,,⚔️,1
barbarism,,⚔️,1
barbarity,,⚔️,1
barbarous,,⚔️,1
barbecue,,🍖,3
barber,,💈,3
barbiturate,,💊,2
bard,,🎼,2
bare,,🚫,1
barely,,🤏,1
barf,,🤮,3
bargain,,🏷️,2
barge,,🛳️,2
baritone,,🎤,1
barium,,⚗️,1
bark,,🐕️,2
barker,,📢,1
barley,,🌾,2
barn,,🏚️,3
barnacle,,🦪,2
barometer,,🌡️,2
barometric,,🌡️,1
baron,,🤵,2
baroness,,👑,2
baronet,,👑,1
baronial,,🏰,1
baroque,,🎼,1
barracks,,🏢,2
barracuda,,🐟️,3
barrage,,💥,1
barrel,,🛢️,3
barren,,🏜️,2
barrette,,📎,2
barricade,,🚧,2
barrier,,🚧,3
barring,,🚫,1
barrio,,🏘️,1
barrister,,⚖️,2
barrow,,🛒,1
barter,,🔄,2
basal,,🌱,1
basalt,,🪨,1
base,,🏠️,2
baseman,,⚾️,2
basement,,🏚️,3
bases,,🏠️,1
bash,,🎉,2
bashful,,😳,2
basic,,📗,1
basil,,🌿,3
basilica,,⛪️,2
basin,,🚰,2
basis,,🧱,1
bask,,☀️,2
basket,,🧺,3
bass,,🎸,2
bassinet,,🛏️,2
bassist,,🎸,2
bassoon,,🎶,2
bastard,,😠,1
bastardize,,🚫,1
baste,,🍳,1
bastion,,🏰,2
bat,,🦇,3
batch,,📦️,2
bated,,😬,1
bath,,🛁,3
bathe,,🛁,3
bathos,,😢,1
batik,,🎨,1
baton,,🥖,2
battalion,,⚔️,2
batten,,🔧,1
batter,,🍳,2
battery,,🔋,3
battle,,⚔️,3
battlement,,🏰,2
batty,,🦇,1
bauble,,💎,2
baud,,📡,1
bauxite,,🪨,1
bawdy,,😏,1
bawl,,😭,3
bay,,🌊,2
bayonet,,🔪,2
bayou,,🌊,2
bazaar,,🛍️,2
bazooka,,🚀,3
be,,🌟,1
beach,,🏖️,3
beachcomber,,🏖️,1
beacon,,🚨,2
bead,,📿,2
beady,,👀,1
beagle,,🐶,3
beak,,🦜,3
beaker,,🧪,2
beam,,☀️,2
bean,,🫘,3
bear,,🐻,3
bearable,,👍️,1
beard,,🧔,3
bearer,,🤲,1
bearing,,🧭,1
bearish,,📉,2
beast,,🐾,2
beastly,,🐾,1
beat,,🥁,2
beaten,,😩,1
beater,,🥄,1
beatific,,😇,1
beatification,,😇,1
beatify,,😇,1
beating,,🥊,2
beatitude,,😇,1
beatnik,,🎸,1
beau,,💑,2
beauteous,,😍,1
beautician,,💄,2
beautification,,💄,1
beautiful,,😍,2
beautify,,💄,1
beauty,,💄,2
beaux,,💑,1
beaver,,🦫,3
bebop,,🎷,1
became,,🔄,1
because,,➡️,1
beck,,👋,1
beckon,,👋,2
become,,🔄,1
becoming,,😊,1
becomingly,,😊,1
bed,,🛏️,3
bedding,,🛏️,2
bedeck,,✨️,1
bedevil,,😈,1
bedevilment,,😈,1
bedlam,,🌀,2
bedraggled,,😩,1
bee,,🐝,3
beech,,🌳,2
beef,,🥩,3
beefy,,💪,2
been,,✅️,1
beep,,🔊,2
beeper,,📟️,3
beer,,🍺,3
beeswax,,🕯️,1
beet,,🥕,2
beetle,,🪲,3
beeves,,🐄,1
befall,,⚠️,1
befallen,,⚠️,1
befell,,⚠️,1
befit,,👍️,1
before,,⏪️,2
befoul,,🤢,1
befriend,,🤝,2
befuddle,,😵,2
befuddled,,😵,2
beg,,🙏,3
began,,🎬️,1
beget,,👶,1
beggar,,🥺,2
beggarly,,🥺,1
begin,,🎬️,2
beginner,,🔰,3
beginning,,🎬️,2
begone,,👉️,1
begonia,,🌸,2
begot,,👶,1
begotten,,👶,1
begrudge,,😒,1
beguile,,😏,1
beguilingly,,😏,1
begun,,🎬️,1
behalf,,🤝,1
behave,,👍️,2
behavior,,🎭️,2
behavioral,,🎭️,1
behead,,🔪,2
beheld,,👁️,1
behemoth,,🦣,2
behest,,📜,1
behind,,🍑,2
behold,,👀,2
beholden,,🙏,1
behoove,,👍️,1
beige,,🟤,2
being,,🧍,1
belabor,,🔁,1
belated,,⏰️,1
belay,,🧗,1
belch,,🤮,2
beleaguer,,😩,1
belfry,,🔔,2
belie,,🤥,1
belief,,🙏,2
believable,,👍️,1
believe,,🙏,2
belittle,,👎️,1
bell,,🔔,3
belladonna,,🌿,1
belle,,👸,2
bellicose,,⚔️,1
bellicosity,,⚔️,1
belligerence,,⚔️,1
belligerency,,⚔️,1
belligerent,,⚔️,2
belligerently,,⚔️,1
bellow,,📣,2
bellows,,🔥,2
bellwether,,🐑,1
belly,,🤰,2
bellyful,,🍽️,1
belong,,📌,1
belongings,,🧳,2
beloved,,❤️,2
below,,⬇️,2
belt,,👖,3
bemoan,,😩,1
bench,,🪑,3
bend,,➰️,2
beneath,,⬇️,2
benediction,,🙏,1
benefaction,,🎁,1
benefactor,,🎁,2
benefactress,,🎁,1
beneficence,,🎁,1
beneficent,,🎁,1
beneficial,,👍️,2
beneficiary,,🎁,1
benefit,,👍️,2
benevolence,,😇,1
benevolent,,😇,2
benighted,,🌑,1
benign,,👍️,2
bent,,➰️,2
benzene,,⚗️,1
bequeath,,📜,1
bequest,,🎁,1
berate,,😠,2
bereave,,😢,1
bereavement,,😢,2
bereft,,😢,1
beret,,🧢,3
berg,,🧊,1
beriberi,,🤒,1
berm,,⛰️,1
berry,,🫐,3
berserk,,😡,2
berth,,🛏️,1
beryl,,💎,1
beryllium,,⚗️,1
beseech,,🙏,2
beset,,⚠️,1
beside,,➡️,1
besides,,➕️,1
besiege,,⚔️,2
besmirch,,🤥,1
besotted,,😍,1
besought,,🙏,1
bespeak,,🗣️,1
bespoke,,🧵,1
bespoken,,🧵,1
best,,🏆️,2
bestial,,🐾,1
bestiality,,🐾,1
bestir,,🏃,1
bestow,,🎁,2
bestowal,,🎁,1
bestridden,,🚶,1
bestride,,🚶,1
bestrode,,🚶,1
bestseller,,📚️,2
bet,,🎰,2
beta,,🧪,1
betake,,🚶,1
betoken,,🔮,1
betray,,🗡️,2
betrayal,,🗡️,2
betroth,,💍,1
betrothal,,💍,2
betrothed,,💍,2
better,,👍️,2
betterment,,📈,1
bettor,,🎰,2
between,,↔️,2
betwixt,,↔️,1
bevel,,📐,1
beverage,,🥤,3
bevy,,👥,1
bewail,,😭,1
beware,,⚠️,2
bewilder,,😵,2
bewildered,,😵,2
bewildering,,😵,2
bewilderment,,😵,2
bewitch,,🧙,2
beyond,,➡️,1
biannual,,📅,1
bias,,⚖️,2
biathlon,,🎿,2
bib,,👶,3
bible,,📖,3
biblical,,📖,2
bibliographic,,📚️,1
bibliographical,,📚️,1
bibliography,,📚️,2
bibliophile,,📚️,2
bicameral,,🏛️,1
bicentennial,,🎉,1
biceps,,💪,3
bicker,,🗣️,2
bicuspid,,🦷,2
bicycle,,🚲️,3
bicyclist,,🚴,3
bid,,🖐️,2
bidden,,🖐️,1
bidding,,🖐️,2
bide,,⏳️,1
bidet,,🚽,2
biennial,,📅,1
bier,,⚰️,2
bifocal,,👓️,2
bifocals,,👓️,3
bifurcate,,🔱,1
bifurcation,,🔱,1
big,,🐘,2
bigamist,,💍,1
bigamous,,💍,1
bigamy,,💍,1
bight,,🌊,1
bigot,,😠,2
bigotry,,😠,1
bike,,🚲️,3
biker,,🏍️,3
bikini,,👙,3
bilateral,,↔️,1
bile,,🤢,2
bilge,,🚢,1
bilingual,,🗣️,2
bilious,,🤢,1
bilk,,🤥,1
bill,,🧾,3
billet,,🏠️,1
billiards,,🎱,3
billing,,🧾,2
billion,,💰️,2
billionaire,,💰️,3
billionth,,🔢,1
billow,,💨,2
billowy,,💨,1
billy,,🐐,1
bimbo,,💁,1
bimonthly,,📅,1
bin,,🗑️,3
binary,,🔢,2
bind,,🔗,2
binder,,📒,3
bindery,,📚️,1
binding,,🔗,2
binge,,🍕,2
bingo,,🎱,3
binnacle,,🧭,1
binocular,,🔭,1
binoculars,,🔭,3
binomial,,🔢,1
biochemical,,⚗️,1
biochemist,,⚗️,2
biochemistry,,⚗️,2
biodegradable,,♻️,2
biodiversity,,🌿,2
biographer,,✍️,2
biographical,,📖,1
biography,,📖,3
biological,,🧬,2
biologist,,🔬,2
biology,,🧬,3
bionic,,🦾,2
biophysics,,⚛️,1
biopsy,,🧪,2
biorhythm,,📈,1
biosphere,,🌍️,2
biotechnology,,🧬,2
bipartisan,,🤝,1
bipartite,,➗️,1
biped,,🚶,1
biplane,,✈️,2
biracial,,🌍️,1
birch,,🌳,2
bird,,🐦️,3
birdie,,🐦️,2
birth,,👶,3
biscuit,,🍪,3
bisect,,✂️,1
bisection,,➗️,1
bisexual,,♾️,1
bisexuality,,♾️,1
bishop,,♟️,2
bishopric,,⛪️,1
bismuth,,⚗️,1
bison,,🦬,3
bisque,,🍲,2
bistro,,🍽️,2
bit,,🔢,1
bitch,,🐕️,1
bitchy,,😒,1
bite,,🍴,2
biting,,🦷,2
bitten,,🦷,2
bitter,,😖,2
bittern,,🐦️,1
bitumen,,🛢️,1
bivalve,,🦪,2
bivouac,,⛺️,2
biweekly,,📅,1
bizarre,,🤪,2
blab,,🗣️,2
black,,⬛️,3
blacken,,⬛️,2
blackish,,⬛️,1
bladder,,🫧,1
blade,,🗡️,3
blah,,😑,1
blame,,👉️,2
blameless,,😇,1
blanch,,🍳,1
bland,,😐️,2
blandishment,,🗣️,1
blank,,⬜️,2
blanket,,🛌,3
blare,,🔊,2
blarney,,🗣️,1
blase,,😑,1
blaspheme,,🗣️,1
blasphemous,,🗣️,1
blasphemy,,🗣️,1
blast,,💥,3
blatant,,‼️,1
blaze,,🔥,3
blazer,,🧥,3
blazon,,🛡️,1
bleach,,🧴,2
bleachers,,🏟️,2
bleak,,🌫️,2
bleary,,😴,1
bleat,,🐑,2
bled,,🩸,1
bleed,,🩸,3
bleeder,,🩸,1
bleep,,🔊,1
blemish,,😣,2
blench,,😨,1
blend,,🌀,2
blender,,🧃,3
bless,,🙏,2
blessed,,🙏,2
blessing,,🙏,2
blew,,💨,1
blight,,🥀,2
blimp,,🎈,3
blind,,🦯,2
blink,,👁️,2
blinker,,🚨,2
blintz,,🥞,2
blip,,📡,1
bliss,,😌,2
blissful,,😌,2
blister,,🫧,2
blithe,,😊,1
blitz,,⚡️,2
blizzard,,🌨️,3
bloat,,🎈,1
bloated,,🎈,2
blob,,🫧,1
bloc,,🤝,1
block,,🧱,3
blockade,,🚧,2
blockage,,🚫,2
blond,,👱,2
blonde,,💇,1
blood,,🩸,3
bloodless,,👻,1
bloody,,🩸,2
bloom,,🌸,3
bloomers,,🩲,1
blooming,,🌸,2
blooper,,😅,1
blossom,,🌸,3
blot,,🖋️,2
blotch,,🔴,1
blotchy,,🔴,1
blotter,,📄,1
blouse,,👚,3
blow,,💨,2
blown,,💨,1
blowsy,,💨,1
blowzy,,💨,1
blubber,,😭,2
bludgeon,,🏏,2
blue,,🔵,3
blues,,🎷,2
bluff,,⛰️,2
bluing,,🔵,1
bluish,,🔵,1
blunder,,🤦,2
blunderbuss,,🔫,1
blunt,,🚬,2
blur,,💫,2
blurb,,📝,1
blurry,,🌫️,2
blurt,,💬,2
blush,,😊,3
blusher,,💄,2
bluster,,💨,1
blustery,,💨,2
boa,,🐍,3
boar,,🐗,3
board,,🛹,2
boarder,,🏠️,1
boast,,😤,2
boastful,,😤,1
boat,,🛥️,3
boater,,🎩,1
bob,,✂️,1
bobbin,,🧵,2
bobble,,🎾,1
bobby,,👮,1
bode,,🔮,1
bodice,,👗,1
bodily,,🧍,1
bodkin,,🪡,1
body,,🧍,3
bog,,🪵,2
bogey,,👻,1
bogeyman,,👻,2
boggle,,😵,1
boggy,,🪵,1
bogie,,👻,1
bogus,,🚫,2
bogy,,👻,1
bohemian,,🎨,1
boil,,🍳,2
boiler,,🔥,2
boisterous,,😄,1
bold,,🅱️,2
bole,,🌳,1
bolero,,💃,1
boll,,🌱,1
bologna,,🥓,1
bolster,,➕️,1
bolt,,⚡️,3
bomb,,💣️,3
bombard,,💣️,2
bombardier,,✈️,1
bombardment,,💥,2
bombast,,🗣️,1
bombastic,,🗣️,1
bomber,,✈️,2
bonanza,,💰️,2
bonbon,,🍬,2
bond,,🔗,2
bondage,,⛓️,2
bone,,🦴,3
boner,,🦴,1
bonfire,,🔥,3
bongo,,🥁,3
bonnet,,👒,3
bonny,,😊,1
bonsai,,🌳,3
bonus,,🎁,2
bony,,🦴,2
boo,,👻,2
boob,,🤦,1
booby,,🦶,1
boogie,,🕺,2
book,,📖,3
bookie,,🎰,2
booking,,📅,2
bookish,,🤓,2
booklet,,📕,2
boom,,💥,3
boomerang,,🪃,3
boon,,🎁,2
boondocks,,🌲,1
boondoggle,,🤦,1
boor,,😤,1
boorish,,😤,1
boost,,🚀,2
booster,,💉,2
boot,,👢,3
bootee,,👢,2
booth,,🛖,2
bootie,,👢,2
booty,,💰️,2
booze,,🍾,2
bop,,🥊,1
borax,,🧴,1
border,,🗺️,2
bore,,😴,2
boredom,,😴,2
boring,,😴,2
born,,👶,2
borne,,🚶,1
boron,,⚗️,1
borough,,🏙️,2
borrow,,🤲,2
borscht,,🍲,2
bosh,,🤷,1
bosom,,🫂,1
boss,,👔,2
bossy,,👔,1
bosun,,⚓️,1
botanical,,🌿,2
botanist,,🌿,2
botany,,🌿,2
botch,,🤦,1
both,,➕️,1
bother,,😣,2
bothersome,,😣,1
bottle,,🍾,3
bottom,,🔽,2
botulism,,🦠,1
boudoir,,🛏️,1
bouffant,,💇,1
bough,,🌳,2
bought,,🛍️,1
bouillabaisse,,🍲,2
bouillon,,🍲,2
boulder,,🪨,3
boulevard,,🛣️,2
bounce,,🏀,2
bouncer,,💪,2
bouncing,,🏀,2
bouncy,,🏀,2
bound,,🔗,1
boundary,,🚧,2
boundless,,♾️,2
bounds,,🚧,2
bounteous,,🎁,2
bountiful,,🎁,2
bounty,,🎁,2
bouquet,,💐,3
bourbon,,🥃,3
bourgeois,,🎩,1
bourgeoisie,,🎩,1
bout,,🥊,2
boutique,,👗,2
boutonniere,,🌸,2
bovine,,🐄,3
bow,,🎀,2
bowdlerize,,✂️,1
bowel,,🫃,1
bower,,🌳,1
bowl,,🥣,3
bowler,,🎳,2
bowling,,🎳,3
bowman,,🏹,3
bowsprit,,⛵️,1
box,,📦️,3
boxer,,🥊,3
boxing,,🥊,3
boy,,👦,3
boycott,,🚫,2
boyhood,,👦,2
boyish,,👦,1
bozo,,🤡,2
bra,,👙,2
brace,,🦴,1
bracelet,,📿,3
bracing,,❄️,1
bracken,,🌿,1
bracket,,🗜️,1
brackish,,💧,1
bract,,🌿,1
brad,,📌,1
brag,,🗣️,2
braggart,,🗣️,1
braid,,💇,2
braille,,🔡,1
brain,,🧠,3
brainless,,🧠,1
brainy,,🧠,2
braise,,🍲,2
brake,,🛑,3
brakeman,,🚂,1
bramble,,🌿,1
bran,,🌾,1
branch,,🌿,3
brand,,🏷️,2
brandish,,🗡️,2
brandy,,🥃,2
brash,,😤,1
brass,,🎺,2
brassiere,,👙,2
brassy,,🎺,1
brat,,😝,2
bratty,,😝,1
bravado,,😤,1
brave,,🦁,2
bravery,,🦁,2
bravo,,👏,2
bravura,,🎭️,1
brawl,,🥊,2
brawn,,💪,2
brawny,,💪,2
bray,,🐴,2
brazen,,😤,1
brazier,,🔥,2
breach,,🚨,1
bread,,🍞,3
breadth,,📏,1
break,,💔,2
breakable,,🥚,1
breakage,,💥,1
breaker,,🌊,1
breast,,🍗,1
breath,,💨,2
breathable,,💨,1
breathe,,💨,2
breather,,💨,1
breathless,,💨,2
bred,,👶,1
breech,,👖,1
breeches,,👖,2
breed,,🐕️,2
breeding,,🐕️,1
breeze,,🍃,3
breezy,,🍃,2
brethren,,🙏,1
breviary,,📖,1
brevity,,⏱️,1
brew,,☕️,2
brewery,,🍺,2
briar,,🌿,1
bribe,,💰️,2
bribery,,💰️,2
brick,,🧱,3
bridal,,👰,2
bride,,👰,3
bridge,,🌉,3
bridle,,🐴,2
brief,,📄,1
briefing,,📋️,2
briefs,,🩲,2
brier,,🌿,1
brig,,🚢,1
brigade,,🚒,1
brigand,,☠️,1
brigantine,,⛵️,1
bright,,✨️,2
brighten,,✨️,2
brilliance,,✨️,2
brilliant,,✨️,2
brim,,🎩,1
brimful,,🥤,1
brimstone,,🔥,1
brindled,,🐕️,1
brine,,🧂,1
bring,,🤲,1
brink,,⏳️,1
brinkmanship,,⚖️,1
briny,,🧂,1
briquette,,🔥,1
brisk,,🏃,1
brisket,,🥩,2
bristle,,🪥,1
bristly,,🪥,1
britches,,👖,1
brittle,,💔,1
broach,,🗣️,1
broad,,📏,1
broaden,,📏,1
brocade,,🧵,1
broccoli,,🥦,3
brochure,,📄,2
brogan,,👞,1
brogue,,👞,1
broil,,🍳,2
broiler,,🍳,1
broke,,💸,2
broken,,💔,3
broker,,💼,2
brokerage,,💼,1
bromide,,🧪,1
bromine,,🧪,1
bronchi,,🫁,1
bronchial,,🫁,1
bronchitis,,🫁,2
bronchus,,🫁,1
bronco,,🐴,2
brontosaurus,,🦕,3
bronze,,🥉,3
brooch,,📌,2
brood,,🐣,2
brooder,,🐔,1
brook,,🏞️,2
broom,,🧹,3
broth,,🍲,2
brothel,,🏚️,1
brother,,👬,3
brotherhood,,👬,2
brotherly,,👬,1
brought,,🤲,1
brouhaha,,😵,1
brow,,👁️,1
brown,,🟤,3
brownie,,🍫,3
brownish,,🟤,1
browse,,🔍️,2
brr,,🥶,2
bruin,,🐻,2
bruise,,🤕,3
bruiser,,🥊,1
brunch,,🥞,2
brunet,,👨,1
brunette,,👩,2
brunt,,💥,1
brush,,🖌️,3
brusque,,😤,1
brutal,,😡,2
brutality,,😡,1
brutalize,,😡,1
brute,,👹,2
brutish,,👹,1
bubble,,🫧,3
bubbly,,🍾,2
buccaneer,,☠️,2
buck,,🦌,2
bucket,,🪣,3
bucketful,,🪣,1
buckle,,🔧,1
buckler,,🛡️,1
bucolic,,🌾,1
bud,,🌱,2
buddy,,🤝,1
budge,,➡️,1
budgerigar,,🐦️,2
budget,,💰️,2
budgetary,,💰️,1
budgie,,🐦️,2
buff,,💪,1
buffalo,,🐃,3
buffer,,🛡️,1
buffet,,🍽️,3
buffoon,,🤡,2
buffoonery,,🤡,1
bug,,🐛,3
bugaboo,,👻,1
buggy,,🚙,2
bugle,,🎺,3
build,,🏗️,2
builder,,👷,2
building,,🏢,3
built,,🏗️,1
bulb,,💡,3
bulbous,,🧅,1
bulge,,🫃,1
bulgy,,🫃,1
bulimia,,🤢,1
bulimic,,🤢,1
bulk,,📦️,1
bulky,,📦️,1
bull,,🐂,3
bulldoze,,🚜,1
bulldozer,,🚜,3
bullet,,🔫,2
bulletin,,📰,2
bullion,,🪙,2
bullish,,📈,1
bullock,,🐂,2
bully,,😠,2
bulrush,,🌾,1
bulwark,,🧱,1
bum,,🍑,1
bumble,,🐝,1
bumbling,,😵,1
bummer,,😞,2
bump,,💥,2
bumper,,🚗,2
bumpkin,,🌾,1
bumptious,,😤,1
bumpy,,🛣️,2
bun,,🍞,2
bunch,,🍇,2
bundle,,📦️,2
bung,,🍺,1
bungalow,,🏠️,2
bungle,,🤦,1
bunion,,🦶,2
bunk,,🛏️,2
bunker,,🪖,2
bunkum,,🗑️,1
bunny,,🐰,3
buns,,🍞,2
bunt,,⚾️,2
bunting,,🎏,1
buoy,,🛟,3
buoyancy,,🛟,1
buoyant,,🛟,1
bur,,🌰,1
burden,,🎒,2
burdensome,,🎒,1
burdock,,🌿,1
bureau,,🏢,1
bureaucracy,,🏛️,1
bureaucrat,,🏛️,1
bureaucratic,,🏛️,1
bureaux,,🏢,1
burg,,🏘️,1
burgeon,,🌱,1
burger,,🍔,3
burgher,,🏘️,1
burglar,,🥷,2
burglarize,,🥷,1
burglary,,🥷,2
burial,,⚰️,3
burlap,,🧵,1
burlesque,,🎭️,1
burly,,💪,1
burn,,🔥,3
burner,,🔥,2
burning,,🔥,3
burnish,,✨️,1
burnoose,,🧥,1
burnt,,🔥,2
burp,,😮,2
burr,,🌰,1
burrito,,🌯,3
burro,,🫏,2
burrow,,🕳️,2
bursar,,💰️,1
bursitis,,🤕,1
burst,,💥,2
bury,,⚰️,2
bus,,🚌,3
bush,,🌳,2
bushed,,😴,1
bushel,,🧺,1
bushman,,🏹,1
bushy,,🌳,1
business,,💼,3
businessman,,💼,2
businesswoman,,💼,2
busing,,🚌,1
buss,,💋,1
bussing,,🚌,1
bust,,👤,1
buster,,💥,1
bustle,,🏃,1
busy,,🏃,2
but,,🔗,1
butane,,🔥,1
butch,,💪,1
butcher,,🔪,3
butchery,,🔪,2
butler,,🤵,3
butt,,🍑,1
butte,,⛰️,1
butter,,🧈,3
buttery,,🧈,1
buttock,,🍑,2
button,,🔘,3
buttress,,🏛️,1
buxom,,👙,1
buy,,🛒,2
buyer,,🛒,2
buzz,,🐝,2
buzzard,,🦅,2
buzzer,,🔔,2
by,,🔗,1
bye,,👋,2
bylaw,,📜,1
byte,,💾,2
byway,,🛣️,1
cab,,🚕,3
cabal,,🤫,1
cabana,,🏖️,2
cabaret,,🎭️,1
cabbage,,🥬,3
cabbie,,🚕,2
cabby,,🚕,2
cabin,,🛖,3
cabinet,,🗄️,3
cable,,🔌,2
caboose,,🚃,2
cacao,,🍫,2
cache,,💾,1
cachet,,✨️,1
cackle,,😆,2
cacophony,,📢,1
cacti,,🌵,3
cactus,,🌵,3
cad,,😏,1
cadaver,,💀,2
cadaverous,,💀,1
caddie,,⛳️,2
caddy,,⛳️,1
cadence,,🎵,1
cadenza,,🎵,1
cadet,,🎖️,2
cadge,,🤲,1
cadmium,,🧪,1
cadre,,👥,1
caesarean,,🏥,1
caesura,,✋️,1
cafe,,☕️,3
cafeteria,,🍽️,2
caffeine,,☕️,2
caftan,,👘,1
cage,,🔒️,2
cagey,,🤐,1
cagy,,🤐,1
cahoots,,🤝,1
cairn,,🪨,1
caisson,,📦️,1
cajole,,🗣️,1
cake,,🎂,3
calabash,,🎃,1
calamine,,🧴,1
calamitous,,💥,1
calamity,,💥,2
calcify,,🦴,1
calcium,,🥛,2
calculable,,🧮,1
calculate,,🧮,2
calculated,,🧮,1
calculating,,🧮,1
calculation,,🧮,2
calculator,,🧮,3
calculus,,➗️,1
caldron,,🍲,1
calendar,,📅,3
calf,,🐄,2
caliber,,🔫,1
calibrate,,⚙️,1
calibration,,⚙️,1
calico,,🐱,1
caliper,,📏,1
caliph,,👳,1
caliphate,,🕌,1
calisthenics,,🤸,2
calk,,⚒️,1
call,,📞,3
caller,,📞,2
calligraphy,,✍️,2
calling,,📞,1
calliope,,🎹,1
callous,,😐️,1
callow,,🌱,1
callus,,🦶,1
calm,,😌,3
caloric,,🔥,1
calorie,,🔥,2
calorific,,🔥,1
calumniate,,🗣️,1
calumny,,🗣️,1
calve,,🐄,1
calves,,🦵,1
calyces,,🌸,1
calypso,,🎵,1
calyx,,🌸,1
cam,,⚙️,1
camaraderie,,🤝,2
camber,,📐,1
cambium,,🌳,1
cambric,,🧵,1
camcorder,,📹️,3
came,,🚶,1
camel,,🐫,3
camellia,,🌸,2
cameo,,🎬️,1
camera,,📷️,3
cameraman,,📹️,2
camisole,,👚,2
camomile,,🌼,2
camouflage,,🪖,2
camp,,🏕️,3
campaign,,🗳️,2
campanile,,🔔,1
camper,,🚐,2
camphor,,🌳,1
campus,,🏫,2
campy,,🎭️,1
can,,🥫,3
canal,,🚤,2
canape,,🍢,1
canard,,🦢,1
canary,,🐤,3
cancan,,💃,1
cancel,,❌️,2
cancellation,,❌️,1
cancer,,🦀,2
cancerous,,🦀,1
candelabra,,🕯️,2
candelabrum,,🕯️,2
candid,,📸,1
candidacy,,🗳️,1
candidate,,🗳️,2
candied,,🍬,1
candle,,🕯️,3
candor,,🗣️,1
candy,,🍬,3
cane,,🦯,2
canine,,🐕️,2
canister,,🥫,1
canker,,🦷,1
cankerous,,🦷,1
cannabis,,🌿,2
canned,,🥫,1
cannery,,🏭️,1
cannibal,,🍖,1
cannibalism,,🍖,1
cannibalistic,,🍖,1
cannibalize,,🍖,1
cannon,,💣️,3
cannonade,,💣️,1
cannot,,🚫,1
canny,,🤔,1
canoe,,🛶,3
canoeist,,🛶,2
canon,,📜,1
canonical,,📜,1
canonization,,⛪️,1
canonize,,⛪️,1
canopy,,🌳,2
cant,,🗣️,1
cantaloupe,,🍈,3
cantankerous,,😠,1
cantata,,🎵,1
canteen,,🍽️,2
canter,,🐴,2
canticle,,🎵,1
cantilever,,🌉,1
canto,,📜,1
canton,,🗺️,1
cantor,,🎤,1
canvas,,🖼️,2
canvass,,🗳️,1
canyon,,🏜️,3
cap,,🧢,3
capability,,✅️,1
capable,,✅️,1
capacious,,📦️,1
capacitor,,🔋,1
capacity,,📊,1
cape,,🦸,2
caper,,🎭️,1
capillary,,🩸,1
capital,,🏛️,2
capitalism,,💰️,1
capitalist,,💰️,1
capitalistic,,💰️,1
capitalization,,🔠,1
capitalize,,🔠,1
capitol,,🏛️,3
capitulate,,🏳️,1
capitulation,,🏳️,1
caplet,,💊,2
capon,,🐓,1
cappuccino,,☕️,3
caprice,,🎭️,1
capricious,,🎭️,1
capstan,,⚓️,1
capsule,,💊,3
captain,,⚓️,2
captaincy,,⚓️,1
caption,,💬,3
captivate,,😍,1
captivation,,😍,1
captive,,⛓️,2
captivity,,⛓️,2
captor,,🥷,1
capture,,📸,2
car,,🚗,3
carafe,,🍾,2
caramel,,🍮,2
carapace,,🐢,1
carat,,💎,2
caravan,,🚐,2
caraway,,🌿,1
carbine,,🔫,1
carbohydrate,,🍞,1
carbon,,⚫️,1
carbonated,,🥤,1
carbonation,,🥤,1
carbuncle,,🔴,1
carburetor,,⚙️,1
carcass,,💀,2
carcinogen,,☠️,1
carcinogenic,,☠️,1
carcinoma,,🦠,1
card,,🃏,3
cardiac,,❤️,2
cardigan,,🧥,2
cardinal,,🐦️,2
cardiologist,,❤️,2
cardiology,,❤️,1
cardiovascular,,❤️,1
care,,❤️,2
careen,,🚗,1
career,,💼,2
carefree,,😊,1
careful,,⚠️,2
careless,,😬,1
caress,,🤗,2
caret,,🔣,1
cargo,,📦️,2
caribou,,🦌,2
caricature,,🎨,2
caricaturist,,🎨,1
caries,,🦷,1
carillon,,🔔,1
caring,,❤️,1
carmine,,🔴,1
carnage,,💥,1
carnal,,😏,1
carnation,,🌸,2
carnelian,,💎,1
carnival,,🎡,3
carnivore,,🦁,2
carnivorous,,🦁,1
carol,,🎶,2
carom,,🎱,1
carouse,,🍻,1
carousel,,🎠,3
carp,,🐟️,2
carpal,,🦴,1
carpel,,🌸,1
carpenter,,🔨,3
carpentry,,🔨,2
carpet,,🟫,2
carpeting,,🟫,1
carrel,,📚️,1
carriage,,🛺,2
carrier,,📦️,1
carrion,,💀,1
carrot,,🥕,3
carrousel,,🎠,2
carry,,🤲,2
cart,,🛒,3
cartel,,💰️,1
cartilage,,🦴,1
cartilaginous,,🦴,1
cartography,,🗺️,1
carton,,📦️,2
cartoon,,📺️,2
cartoonist,,🎨,2
carve,,🔪,2
carving,,🗿,2
cascade,,🏞️,2
case,,💼,1
casein,,🥛,1
casement,,🪟,1
cash,,💵,3
cashew,,🥜,3
cashier,,💳️,2
cashmere,,🧣,1
casing,,📦️,1
casino,,🎰,3
cask,,🛢️,2
casket,,⚰️,3
cassava,,🍠,1
casserole,,🍲,2
cassette,,📼,3
cassock,,👘,1
cast,,🎭️,1
castanet,,🎵,1
caste,,👥,1
caster,,🎲,1
castigate,,😤,1
castigation,,😤,1
casting,,🎣,1
castle,,🏰,3
castor,,🦫,1
castrate,,✂️,1
castration,,✂️,1
casual,,👕,1
casualty,,🤕,2
casuist,,🤔,1
casuistry,,🤔,1
cat,,🐱,3
cataclysm,,🌋,2
cataclysmic,,🌋,1
catacomb,,⚰️,1
catafalque,,⚰️,1
catalog,,📖,2
catalogue,,📖,2
catalpa,,🌳,1
catalysis,,🧪,1
catalyst,,🧪,2
catalytic,,🧪,1
catamaran,,⛵️,2
catapult,,🏹,2
cataract,,👁️,2
catarrh,,🤧,1
catastrophe,,💥,2
catastrophic,,💥,1
catatonic,,😶,1
catch,,🧤,2
catcher,,🧤,3
catching,,🤲,1
catchy,,🎵,1
catechism,,📖,1
catechize,,📖,1
categorical,,🏷️,1
categorization,,🏷️,1
categorize,,🏷️,2
category,,🏷️,2
cater,,🍽️,2
caterpillar,,🐛,3
caterwaul,,🐈️,1
catharsis,,😢,1
cathartic,,😢,1
cathedral,,⛪️,3
catheter,,💉,1
cathode,,🔋,1
catholic,,⛪️,2
catsup,,🍅,2
cattle,,🐄,3
catty,,😼,1
caucus,,🗳️,1
caudal,,🦎,1
caught,,🎣,1
cauldron,,🍲,3
cauliflower,,🥦,3
caulk,,🔧,1
causal,,➡️,1
causality,,➡️,1
causation,,➡️,1
causative,,➡️,1
cause,,➡️,1
caustic,,🧪,1
cauterize,,🔥,1
caution,,⚠️,3
cautionary,,⚠️,2
cautious,,⚠️,2
cavalcade,,🚗,1
cavalier,,🐴,1
cavalry,,🐴,2
cave,,🕳️,3
caveat,,⚠️,1
caveman,,🧔,2
cavern,,🕳️,2
cavernous,,🕳️,1
caviar,,🐟️,2
cavil,,🗣️,1
cavity,,🦷,2
cavort,,💃,1
caw,,🐦️,2
cayenne,,🌶️,2
cease,,🛑,2
ceaseless,,♾️,1
cedar,,🌲,2
cede,,🤲,1
cedilla,,🔤,1
ceiling,,🏠️,2
celebrant,,🎉,1
celebrate,,🎉,3
celebrated,,🌟,1
celebration,,🎉,3
celebrity,,🌟,2
celerity,,⚡️,1
celery,,🥬,3
celesta,,🎹,1
celestial,,🌌,2
celibacy,,🚫,1
celibate,,🚫,1
cell,,🦠,2
cellar,,🍷,2
cellist,,🎻,2
cello,,🎻,3
cellophane,,📦️,1
cellular,,📱,1
cellulite,,🦵,1
celluloid,,🎞️,1
cellulose,,🌿,1
cement,,🧱,3
cemetery,,⚰️,3
cenotaph,,🪦,2
censor,,🚫,2
censorious,,🙅,1
censorship,,🚫,2
censure,,👎️,2
census,,📋️,2
cent,,💰️,2
centaur,,🐴,2
centenarian,,🎂,1
centenary,,🎉,1
centennial,,🎉,1
center,,🎯,2
centigrade,,🌡️,2
centigram,,⚖️,1
centime,,💰️,1
centimeter,,📏,2
centipede,,🐛,3
central,,🎯,2
centralization,,🏛️,1
centralize,,🏛️,1
centre,,🎯,2
centrifugal,,🌀,1
centrifuge,,🌀,2
centripetal,,🌀,1
centrist,,⚖️,1
centurion,,🛡️,2
century,,💯,2
cephalic,,🧠,1
ceramic,,🏺,3
ceramics,,🏺,3
cereal,,🥣,3
cerebella,,🧠,1
cerebellum,,🧠,2
cerebra,,🧠,1
cerebral,,🧠,2
cerebrum,,🧠,2
ceremonial,,🎩,1
ceremonious,,🎩,1
ceremony,,💍,2
cerise,,🌸,1
certain,,✅️,2
certainly,,✅️,1
certainty,,✅️,2
certifiable,,📜,1
certificate,,📜,3
certification,,📜,2
certify,,📜,2
certitude,,✅️,1
cerulean,,🔵,2
cervical,,🦴,1
cervices,,🦴,1
cervix,,🦴,1
cesarean,,🏥,1
cessation,,🛑,2
cession,,📜,1
cesspool,,🚽,2
chafe,,🔥,1
chaff,,🌾,2
chagrin,,😳,2
chain,,⛓️,3
chair,,🪑,3
chairman,,👔,2
chairmanship,,👔,1
chairperson,,👔,1
chairwoman,,👔,2
chaise,,🛋️,2
chalet,,🏔️,2
chalice,,🏆️,2
chalk,,🖍️,3
chalky,,⚪️,1
challenge,,🏆️,2
challenged,,🏆️,1
challenging,,🧗,2
chamber,,🏛️,1
chamberlain,,👔,1
chameleon,,🦎,3
chamois,,🐐,1
chamomile,,🌼,2
champ,,🏆️,2
champagne,,🍾,3
champion,,🏆️,3
championship,,🏆️,3
chance,,🎲,2
chancel,,⛪️,1
chancellor,,👔,2
chancery,,🏛️,1
chancy,,🎲,2
chandelier,,💡,3
chandler,,🕯️,1
change,,🔄,2
changeable,,🔄,1
changeling,,👶,1
channel,,📺️,2
chant,,🎵,2
chaos,,🌀,3
chaotic,,🌀,2
chap,,👦,1
chaparral,,🌵,1
chapel,,⛪️,3
chaperon,,👤,1
chaperone,,👤,1
chaplain,,⛪️,2
chaplet,,📿,1
chaps,,👖,1
chapter,,📖,2
char,,🔥,2
character,,🎭️,2
characteristic,,🏷️,1
characterize,,🏷️,1
charade,,🎭️,2
charge,,⚡️,2
chargeable,,💳️,1
charger,,🔌,2
chariot,,🏇,2
charioteer,,🏇,1
charisma,,✨️,2
charismatic,,✨️,2
charitable,,🤲,2
charity,,🤲,3
charlatan,,🎩,1
charm,,🍀,2
charming,,😍,2
chart,,📊,3
charter,,📜,1
chartreuse,,🟢,1
charwoman,,🧹,1
chary,,🤨,1
chase,,🏃,2
chaser,,🏃,1
chasm,,🕳️,3
chassis,,🚗,1
chaste,,😇,1
chasten,,😔,1
chastise,,😠,1
chastisement,,😠,1
chastity,,😇,1
chat,,💬,3
chateau,,🏰,2
chateaux,,🏰,2
chattel,,📦️,1
chatter,,💬,2
chatty,,💬,2
chauffeur,,🚗,2
chauvinism,,👨,1
chauvinist,,👨,1
chauvinistic,,👨,1
cheap,,💸,2
cheapen,,💸,1
cheat,,🚫,2
check,,✅️,2
checked,,✅️,1
checker,,♟️,1
checkered,,🏁,2
checkers,,♟️,3
cheddar,,🧀,3
cheek,,😊,2
cheeky,,😏,2
cheep,,🐣,2
cheer,,📣,2
cheerful,,😄,3
cheerless,,😞,2
cheery,,😄,2
cheese,,🧀,3
cheesy,,🧀,2
cheetah,,🐆,3
chef,,🍳,3
chemical,,🧪,3
chemise,,👗,1
chemist,,🧪,2
chemistry,,🧪,3
chemotherapy,,💉,2
chenille,,🧶,1
cheque,,🧾,2
cherish,,🥰,2
cheroot,,🚬,1
cherry,,🍒,3
cherub,,👼,3
cherubic,,👼,2
chess,,♟️,3
chessman,,♟️,2
chest,,📦️,2
chevron,,➡️,1
chew,,🦷,2
chewy,,🦷,1
chic,,💅,2
chicanery,,🎭️,1
chichi,,💅,1
chick,,🐤,3
chickadee,,🐦️,2
chicken,,🐔,3
chicle,,🍬,1
chicory,,🌿,1
chid,,😠,1
chidden,,😠,1
chide,,😠,2
chief,,👑,2
chiefly,,👑,1
chieftain,,👑,2
chiffon,,👗,1
chigger,,🐛,1
chignon,,💇,1
chilblain,,🥶,1
child,,🧒,3
childhood,,🧒,2
childish,,🧒,2
childless,,🚫,1
childlike,,🧒,2
children,,🧒,3
chile,,🌶️,2
chili,,🌶️,3
chill,,🧊,2
chilly,,🥶,2
chime,,🔔,2
chimera,,🐉,2
chimerical,,🐉,1
chimney,,🏭️,3
chimp,,🐒,3
chimpanzee,,🐒,3
chin,,🧑,2
china,,🏺,2
chinchilla,,🐭,2
chink,,⚔️,1
chino,,👖,1
chintz,,🧵,1
chintzy,,🧵,1
chip,,🍟,2
chipmunk,,🐿️,3
chipper,,😊,1
chiropodist,,🦶,1
chiropody,,🦶,1
chiropractic,,🦴,1
chiropractor,,🦴,2
chirp,,🐦️,3
chisel,,🔨,3
chit,,📝,1
chitin,,🦗,1
chitlins,,🍖,1
chitterlings,,🍖,1
chivalrous,,🤴,2
chivalry,,🤴,2
chive,,🌿,2
chloride,,🧪,1
chlorinate,,🧪,1
chlorination,,🧪,1
chlorine,,🧪,2
chloroform,,🧪,1
chlorophyll,,🌿,1
chock,,🪵,1
chocolate,,🍫,3
choice,,🤔,2
choir,,🎤,2
choke,,😖,2
choker,,📿,2
cholera,,🦠,2
choleric,,😠,1
cholesterol,,🩺,1
chomp,,🍽️,2
choose,,👉️,2
choosy,,🤨,2
chop,,🔪,2
chopper,,🚁,2
choppy,,🌊,2
chops,,🥩,1
choral,,🎵,1
chorale,,🎵,1
chord,,🎵,2
chore,,🧹,2
choreograph,,💃,1
choreography,,💃,2
chores,,🧹,2
chorister,,🎤,1
chortle,,😆,2
chorus,,🎤,2
chose,,👉️,1
chosen,,👉️,1
chow,,🍽️,1
chowder,,🍲,2
christen,,⛪️,1
chromatic,,🌈,1
chrome,,✨️,1
chromium,,⚙️,1
chromosome,,🧬,3
chronic,,🔁,1
chronicle,,📖,2
chronological,,📅,2
chronology,,📅,2
chronometer,,⏱️,2
chrysalis,,🐛,2
chrysanthemum,,🌼,2
chubby,,🐷,1
chuck,,🎳,1
chuckle,,😄,2
chug,,🍺,1
chum,,🐟️,1
chummy,,🤝,1
chump,,🤦,1
chunk,,🧊,1
chunky,,🍫,1
church,,⛪️,3
churchman,,⛪️,1
churl,,😒,1
churlish,,😒,1
churn,,🧈,2
chute,,🛝,2
chutney,,🍯,1
chutzpah,,😎,1
cicada,,🦗,3
cider,,🍎,2
cigar,,🚬,3
cigarette,,🚬,3
cilantro,,🌿,2
cilia,,🦠,1
cinch,,👌,1
cinchona,,🌳,1
cinder,,🔥,2
cinema,,🎬️,3
cinematic,,🎬️,2
cinematography,,🎥,2
cinnamon,,🌰,2
cipher,,🔐,2
circa,,📅,1
circadian,,⏰️,1
circle,,⭕️,3
circlet,,👑,1
circuit,,🔌,2
circuitous,,🔄,1
circuitry,,🔌,2
circular,,⭕️,2
circularity,,🔄,1
circulate,,🔄,2
circulation,,🔄,2
circulatory,,❤️,1
circumcise,,🔪,1
circumcision,,🔪,1
circumference,,⭕️,2
circumflex,,🔣,1
circumlocution,,💬,1
circumnavigate,,🌍️,2
circumscribe,,✏️,1
circumspect,,🤔,1
circumspection,,🤔,1
circumstance,,📋️,1
circumstantial,,📋️,1
circumvent,,↪️,1
circumvention,,↪️,1
circus,,🎪,3
cirrhosis,,🍺,1
cirrus,,☁️,2
cistern,,💧,2
citadel,,🏰,3
citation,,📜,2
cite,,📜,1
citizen,,🧑,2
citizenry,,🧑,1
citizenship,,🪪,2
citron,,🍋,2
citronella,,🌿,1
citrus,,🍊,3
city,,🏙️,3
civet,,🐈️,1
civic,,🏛️,1
civics,,🏛️,1
civil,,🤝,1
civilian,,🧑,2
civility,,🤝,1
civilization,,🏛️,2
civilize,,🏛️,1
civvies,,👕,1
clack,,🔊,1
clad,,👕,1
claim,,📢,2
claimant,,📢,1
clairvoyance,,🔮,2
clairvoyant,,🔮,3
clam,,🦪,3
clamber,,🧗,2
clammy,,💧,1
clamor,,📢,2
clamorous,,📢,1
clamp,,🔧,3
clan,,👪️,2
clandestine,,🕵️,1
clang,,🔔,1
clangor,,🔔,1
clank,,⛓️,1
clannish,,👪️,1
clap,,👏,3
clapper,,🔔,1
claret,,🍷,2
clarification,,💡,2
clarify,,💡,2
clarinet,,🎵,3
clarinetist,,🎵,2
clarion,,📯,1
clarity,,💡,2
clash,,⚔️,3
clasp,,📎,2
class,,🏫,2
classic,,📀,1
classical,,🎻,2
classicism,,🏛️,1
classicist,,🏛️,1
classifiable,,🏷️,1
classification,,🏷️,2
classified,,🔒️,2
classify,,🏷️,2
classy,,💅,2
clatter,,🔊,1
clause,,📜,2
claustrophobia,,😰,1
claustrophobic,,😰,1
clavichord,,🎹,2
clavicle,,🦴,2
claw,,🦅,3
clay,,🏺,2
clayey,,🏺,1
clean,,🧼,3
cleaner,,🧼,2
cleanly,,🧼,1
cleanse,,🧼,2
cleanser,,🧼,2
clear,,🔍️,1
clearance,,🏷️,2
clearing,,🌳,2
cleat,,👟,2
cleavage,,👙,1
cleave,,🔪,1
cleaver,,🔪,2
clef,,🎼,3
cleft,,➗️,1
clematis,,🌸,1
clemency,,🕊️,1
clement,,🌤️,1
clench,,✊️,2
clergy,,⛪️,2
clergyman,,⛪️,2
clergywoman,,⛪️,2
cleric,,⛪️,2
clerical,,📋️,1
clerk,,📋️,1
clever,,🧠,2
cliche,,💬,1
click,,🖱️,3
client,,🤝,1
clientele,,🤝,1
cliff,,🏔️,3
climactic,,🎬️,1
climate,,🌍️,2
climatic,,🌍️,1
climax,,🎬️,2
climb,,🧗,3
clime,,🌍️,1
clinch,,🥊,2
clincher,,✅️,1
cling,,🤗,2
clingy,,🤗,1
clinic,,🏥,3
clinical,,🏥,2
clinician,,🩺,2
clink,,🥂,2
clinker,,🔥,1
clip,,📎,3
clipper,,✂️,2
clipping,,✂️,2
clique,,👥,2
cliquish,,👥,1
clitoris,,🔴,1
cloak,,🧥,3
clobber,,👊,2
clock,,🕐️,3
clockwise,,🔄,2
clod,,🪨,1
clodhopper,,🥾,1
clog,,👞,2
cloister,,⛪️,2
clomp,,🥾,1
clone,,👯,2
clop,,🐴,1
close,,🚪,2
closed,,🚫,2
closet,,🚪,2
closure,,🔒️,2
clot,,🩸,2
cloth,,🧵,2
clothe,,👕,2
clothes,,👕,3
clothier,,👔,1
clothing,,👕,3
cloture,,📜,1
cloud,,☁️,3
cloudless,,☀️,1
cloudy,,☁️,3
clout,,💪,2
clove,,🧄,2
cloven,,🐐,1
clover,,🍀,3
clown,,🤡,3
clownish,,🤡,2
cloy,,🍬,1
club,,♣️,2
cluck,,🐔,2
clue,,🔍️,3
clueless,,😕,2
clump,,🌳,1
clumsy,,🤦,2
clung,,🤗,1
clunk,,🔧,1
clunker,,🚗,1
cluster,,🍇,2
clutch,,👜,2
clutter,,🗑️,2
coach,,🚌,2
coachman,,🐴,1
coagulate,,🩸,1
coagulation,,🩸,1
coal,,⚫️,3
coalesce,,🔗,1
coalescence,,🔗,1
coalition,,🤝,2
coarse,,🪨,1
coarsen,,🪨,1
coast,,🏖️,3
coastal,,🏖️,2
coaster,,🥤,2
coat,,🧥,3
coating,,🎨,1
coauthor,,✍️,1
coax,,🗣️,1
cob,,🌽,2
cobalt,,🔵,1
cobble,,🧱,2
cobbler,,👞,2
cobra,,🐍,3
cocaine,,❄️,1
coccyges,,🦴,1
coccyx,,🦴,1
cochlea,,👂️,1
cock,,🐓,2
cockade,,🎀,1
cockatoo,,🦜,2
cockerel,,🐓,2
cockeyed,,😵,1
cockle,,🐚,1
cockney,,🗣️,1
cocky,,😏,2
cocoa,,🍫,2
coconut,,🥥,3
cocoon,,🐛,3
cod,,🐟️,2
coda,,🎵,1
coddle,,🤗,1
code,,💻️,2
codeine,,💊,1
codependency,,🔗,1
codependent,,🔗,1
codex,,📖,1
codger,,👴,1
codices,,📖,1
codicil,,📜,1
codification,,📜,1
codify,,📜,1
coed,,🎓️,1
coeducation,,🎓️,1
coeducational,,🎓️,1
coefficient,,🔢,1
coequal,,⚖️,1
coerce,,😠,1
coercion,,😠,2
coercive,,😠,1
coexist,,🤝,2
coexistence,,🤝,1
coffee,,☕️,3
coffer,,💰️,2
coffin,,⚰️,3
cog,,⚙️,3
cogency,,💡,1
cogent,,💡,1
cogitate,,🤔,2
cogitation,,🤔,1
cognac,,🥃,2
cognate,,🔗,1
cognition,,🧠,2
cognitive,,🧠,2
cognizance,,🧠,1
cognizant,,🧠,1
cohabit,,🏠️,1
cohabitation,,🏠️,1
cohere,,🔗,1
coherence,,🔗,1
coherent,,🔗,1
cohesion,,🔗,2
cohesive,,🔗,2
cohort,,👥,2
coif,,💇,1
coiffure,,💇,2
coil,,🌀,3
coin,,🪙,3
coinage,,🪙,1
coincide,,🔀,1
coincidence,,🎲,2
coincident,,🎲,1
coincidental,,🎲,1
coitus,,💑,1
coke,,🥤,1
cola,,🥤,3
colander,,🥣,3
cold,,🥶,3
coleslaw,,🥗,2
colic,,😖,1
colicky,,😖,1
coliseum,,🏟️,3
colitis,,😖,1
collaborate,,🤝,2
collaboration,,🤝,2
collage,,🖼️,2
collapse,,💥,2
collapsible,,📦️,1
collar,,🐶,2
collate,,📑,1
collateral,,📑,1
collation,,📑,1
colleague,,🤝,2
collect,,📥️,2
collected,,😌,1
collectible,,🏆️,1
collection,,📚️,2
collective,,👥,1
collectivism,,👥,1
collector,,📦️,1
college,,🎓️,3
collegiate,,🎓️,2
collide,,💥,3
collie,,🐕️,2
colliery,,⛏️,1
collision,,💥,3
collocate,,🔗,1
collocation,,🔗,1
colloid,,🧪,1
colloquia,,💬,1
colloquial,,💬,1
colloquialism,,💬,1
colloquium,,💬,2
colloquy,,💬,1
collusion,,🤝,1
collusive,,🤝,1
cologne,,🧴,2
colon,,📄,1
colonel,,🎖️,3
colonial,,🏛️,1
colonialism,,🏛️,1
colonialist,,🏛️,1
colonist,,🚢,2
colonization,,🏛️,1
colonize,,🏛️,1
colonnade,,🏛️,2
colony,,🏘️,2
color,,🎨,3
coloration,,🎨,2
coloratura,,🎤,1
colored,,🎨,2
colorful,,🌈,3
coloring,,🎨,2
colorless,,⚪️,2
colossal,,🗿,2
colossi,,🗿,2
colossus,,🗿,3
colour,,🎨,3
colt,,🐴,2
coltish,,🐴,1
columbine,,🌸,1
column,,🏛️,2
columnist,,✍️,2
coma,,😴,2
comatose,,😴,2
comb,,🪮,3
combat,,⚔️,3
combatant,,🪖,2
combative,,⚔️,2
combination,,🔀,2
combine,,➕️,2
combo,,🍔,1
combustibility,,🔥,1
combustible,,🔥,2
combustion,,🔥,3
come,,👋,1
comedian,,🎤,3
comedienne,,🎤,3
comedy,,🎭️,3
comely,,😊,1
comet,,☄️,3
comeuppance,,😤,1
comfort,,🛋️,2
comfortable,,🛋️,2
comforter,,🛏️,2
comforting,,🤗,2
comfortingly,,🤗,1
comfy,,🛋️,2
comic,,😂,2
comical,,😂,2
coming,,👋,1
comma,,🔤,2
command,,⌨️,2
commandant,,🎖️,1
commandeer,,✋️,1
commander,,🎖️,2
commanding,,🫡,1
commandment,,📜,2
commando,,🪖,2
commemorate,,🕯️,2
commemoration,,🕯️,1
commemorative,,🕯️,1
commence,,🏁,2
commencement,,🎓️,2
commend,,👍️,2
commendable,,👍️,1
commendation,,🎖️,1
commensurate,,⚖️,1
comment,,💬,3
commentary,,💬,2
commentator,,🎙️,2
commerce,,💼,2
commercial,,📺️,2
commercialism,,💰️,1
commercialize,,💰️,1
commingle,,🔀,1
commiserate,,😔,1
commiseration,,😔,1
commissar,,👔,1
commissary,,🏪,1
commission,,📜,2
commissioner,,👔,2
commit,,✅️,1
commitment,,💍,2
committee,,👥,2
commode,,🚽,2
commodious,,🏠️,1
commodity,,📦️,2
commodore,,⚓️,2
common,,🔁,1
commoner,,🧑,1
commotion,,😵,2
communal,,👥,1
commune,,🏘️,1
communicable,,🦠,1
communicant,,⛪️,1
communicate,,💬,2
communication,,📡,2
communicative,,💬,1
communion,,⛪️,2
communique,,📜,1
communism,,🚩,2
communist,,🚩,2
communistic,,🚩,1
community,,🏘️,2
commutation,,🔄,1
commutative,,🔄,1
commute,,🚆,2
commuter,,🚆,2
compact,,📦️,2
compactor,,🗜️,2
companion,,🤝,2
companionable,,🤝,1
companionship,,🤝,2
company,,🏢,2
comparable,,⚖️,1
comparative,,⚖️,1
compare,,⚖️,2
comparison,,⚖️,2
compartment,,🚪,2
compass,,🧭,3
compassion,,❤️,2
compassionate,,❤️,2
compatibility,,🤝,1
compatible,,🔌,2
compatriot,,🤝,1
compel,,👉️,1
compelling,,✨️,1
compellingly,,✨️,1
compendia,,📚️,1
compendium,,📚️,2
compensate,,💰️,2
compensation,,💰️,2
compensatory,,💰️,1
compete,,🏁,2
competence,,✅️,1
competency,,✅️,1
competent,,✅️,2
competition,,🏆️,2
competitive,,🏆️,2
competitively,,🏆️,1
competitor,,🏃,2
compilation,,📚️,2
compile,,📚️,2
compiler,,💻️,2
complacence,,😌,1
complacency,,😌,2
complacent,,😌,2
complain,,😣,2
complainant,,⚖️,1
complaint,,😣,2
complaisance,,🙂,1
complaisant,,🙂,1
complement,,➕️,1
complementary,,➕️,1
complete,,✅️,2
completion,,✅️,2
complex,,🧩,2
complexion,,😊,1
complexity,,🧩,2
compliance,,✅️,1
compliant,,✅️,1
complicate,,🧩,1
complicated,,🧩,2
complication,,🧩,2
complicity,,🤝,1
compliment,,💬,2
complimentary,,🎁,2
comply,,✅️,1
component,,🔩,2
comport,,🚶,1
comportment,,🚶,1
compose,,🎼,2
composed,,😌,2
composer,,🎼,3
composite,,🧩,1
composition,,🎼,2
compositor,,🖨️,1
compost,,🌱,3
composure,,😌,2
compote,,🍯,2
compound,,🧪,2
comprehend,,🧠,2
comprehensible,,🧠,1
comprehension,,🧠,2
comprehensive,,📋️,1
compress,,🗜️,2
compression,,🗜️,2
compressor,,🗜️,2
comprise,,🧩,1
compromise,,🤝,2
comptroller,,💼,1
compulsion,,🔁,1
compulsive,,🔁,2
compulsory,,📋️,1
compunction,,😣,1
computation,,🧮,2
compute,,🧮,2
computer,,💻️,3
computerization,,💻️,1
computerize,,💻️,2
comrade,,🤝,2
comradeship,,🤝,2
con,,🚫,1
concatenation,,🔗,2
concave,,🌙,2
concavity,,🌙,1
conceal,,🙈,2
concealment,,🙈,2
concede,,🏳️,2
conceit,,😤,2
conceited,,😤,2
conceivable,,🤔,1
conceive,,🤔,1
concentrate,,🧠,2
concentrated,,🧠,2
concentration,,🧠,2
concentric,,🎯,2
concept,,💡,2
conception,,💡,2
conceptual,,💡,1
conceptualize,,💡,1
concern,,😟,2
concerned,,😟,2
concerning,,❓️,1
concert,,🎤,3
concerted,,🤝,1
concerti,,🎻,2
concertina,,🪗,2
concerto,,🎻,2
concession,,🎫,2
conch,,🐚,3
concierge,,🛎️,2
conciliate,,🤝,1
conciliation,,🤝,2
conciliatory,,🤝,1
concise,,✂️,2
conclave,,🏛️,1
conclude,,🏁,2
conclusion,,🏁,2
conclusive,,✅️,2
concoct,,🧪,2
concoction,,🧪,2
concomitant,,➕️,1
concord,,🤝,2
concordance,,🤝,1
concordant,,🤝,1
concourse,,🏛️,2
concrete,,🧱,3
concubine,,👑,1
concur,,✅️,2
concurrence,,✅️,1
concurrent,,🔀,1
concussion,,🤕,3
condemn,,👎️,2
condemnation,,👎️,2
condemnatory,,👎️,1
condensation,,💧,2
condense,,💧,2
condenser,,🧊,1
condescend,,😒,2
condescending,,😒,2
condescension,,😒,2
condiment,,🧂,2
condition,,📋️,2
conditional,,❓️,1
conditioned,,📋️,1
conditioner,,🧴,2
condo,,🏢,2
condolence,,🕯️,2
condom,,🍆,1
condominium,,🏢,2
condone,,✅️,1
condor,,🦅,3
conducive,,➕️,1
conduct,,🎼,2
conduction,,⚡️,2
conductive,,⚡️,2
conductivity,,⚡️,2
conductor,,🎼,3
conduit,,🔧,2
cone,,🍦,3
confection,,🍬,2
confectioner,,🍬,2
confectionery,,🍬,2
confederacy,,🤝,2
confederate,,🤝,2
confederation,,🤝,2
confer,,💬,2
conference,,🎙️,2
conferment,,🎓️,1
confess,,🙏,2
confession,,🙏,3
confessional,,⛪️,2
confessor,,⛪️,1
confetti,,🎊,3
confidant,,🤫,2
confidante,,🤫,2
confide,,🤫,2
confidence,,💪,2
confident,,💪,2
confidential,,🤫,2
confidentiality,,🤫,2
configuration,,⚙️,2
confine,,🔒️,2
confinement,,🔒️,2
confines,,🔒️,1
confirm,,✅️,2
confirmation,,✅️,2
confirmed,,✅️,2
confiscate,,🚫,2
confiscation,,🚫,2
conflagration,,🔥,2
conflict,,⚔️,2
confluence,,🌊,2
conform,,✅️,1
conformation,,⚙️,1
conformist,,👥,1
conformity,,👥,1
confound,,😵,2
confront,,😠,2
confrontation,,⚔️,2
confuse,,😵,2
confused,,😵,3
confusing,,😵,2
confusion,,😵,2
conga,,💃,2
congeal,,🧊,2
congenial,,😊,2
congeniality,,😊,1
congenital,,🧬,2
congest,,🚦,2
congestion,,🚦,2
conglomerate,,🏢,2
conglomeration,,🏢,1
congratulate,,🎉,2
congratulation,,🎉,2
congratulations,,🎉,3
congratulatory,,🎉,2
congregate,,👥,2
congregation,,⛪️,2
congregational,,⛪️,1
congress,,🏛️,2
congressional,,🏛️,1
congressman,,🏛️,2
congresswoman,,🏛️,2
congruence,,🟰,1
congruent,,🟰,1
congruity,,🟰,1
congruous,,🟰,1
conic,,🔺,2
conical,,🔺,2
conifer,,🌲,3
coniferous,,🌲,2
conjectural,,🤔,1
conjecture,,🤔,2
conjoin,,🔗,2
conjugal,,💍,1
conjugate,,🔗,1
conjugation,,📖,1
conjunction,,➕️,1
conjunctive,,➕️,1
conjunctivitis,,👁️,2
conjure,,🪄,2
conjuror,,🎩,2
conk,,👊,1
connect,,🔗,3
connected,,🔗,2
connection,,🔗,3
connective,,🔗,2
connivance,,🤝,1
connive,,🤫,1
connoisseur,,🍷,2
connotation,,💬,1
connotative,,💬,1
connote,,💬,1
connubial,,💍,1
conquer,,⚔️,2
conquest,,⚔️,2
conquistador,,⚔️,2
conquistadores,,⚔️,2
conscience,,😇,2
conscientious,,😇,2
conscious,,🧠,2
consciousness,,🧠,2
conscript,,🎖️,2
conscription,,🎖️,2
consecrate,,⛪️,2
consecration,,⛪️,2
consecutive,,🔢,2
consensual,,🤝,2
consensus,,🤝,2
consent,,✅️,2
consequence,,➡️,2
consequent,,➡️,1
consequential,,➡️,1
consequently,,➡️,1
conservation,,🌳,2
conservationist,,🌳,2
conservatism,,🐘,1
conservative,,🐘,2
conservatory,,🎻,2
conserve,,♻️,2
consider,,🤔,2
considerable,,📏,1
considerate,,🤗,2
consideration,,🤔,2
considered,,🤔,1
considering,,🤔,1
consign,,📦️,1
consignment,,📦️,2
consist,,🧩,1
consistency,,📏,1
consistent,,📏,2
consolation,,🤗,2
console,,🎮️,2
consolidate,,🔗,2
consolidation,,🔗,2
consomme,,🍲,3
consonance,,🎵,1
consonant,,🔤,2
consort,,👑,1
consortia,,🤝,1
consortium,,🤝,2
conspicuous,,👀,2
conspiracy,,🕵️,2
conspirator,,🕵️,2
conspiratorial,,🕵️,2
conspire,,🤫,2
constable,,👮,2
constabulary,,👮,2
constancy,,📏,1
constant,,📏,2
constellation,,✨️,3
consternation,,😨,2
constipate,,🚽,2
constipation,,🚽,2
constituency,,🗳️,2
constituent,,🗳️,2
constitute,,📜,1
constitution,,📜,2
constitutional,,📜,2
constrain,,🔗,2
constraint,,🔗,2
constrict,,🐍,2
constriction,,🐍,2
constrictive,,🐍,1
constrictor,,🐍,3
construct,,🏗️,2
construction,,🏗️,3
constructive,,🏗️,2
construe,,🤔,1
consul,,🏛️,2
consular,,🏛️,1
consulate,,🏛️,2
consult,,💬,2
consultant,,💼,2
consultation,,💬,2
consume,,🍽️,2
consumer,,🛒,2
consumerism,,🛍️,2
consummate,,💍,1
consummation,,💍,1
consumption,,🍽️,2
contact,,📞,2
contagion,,🦠,2
contagious,,🦠,3
contain,,📦️,2
container,,📦️,3
containment,,📦️,2
contaminant,,☣️,2
contaminate,,☣️,2
contaminated,,☣️,2
contamination,,☣️,2
contemplate,,🤔,2
contemplation,,🤔,2
contemplative,,🤔,2
contemporaneous,,🕰️,1
contemporary,,🕰️,2
contempt,,😤,2
contemptible,,😤,1
contemptuous,,😤,2
contend,,⚔️,1
content,,📄,1
contented,,😊,2
contention,,⚔️,1
contentious,,⚔️,2
contentment,,😊,2
contents,,📄,2
contest,,🏆️,2
contestant,,🙋,2
context,,📄,1
contextual,,📄,1
contiguous,,📏,1
continence,,🚻,1
continent,,🌍️,3
continental,,🌍️,2
contingency,,📋️,1
contingent,,📋️,1
continua,,➡️,1
continual,,🔁,2
continuance,,🔁,1
continuation,,➡️,2
continue,,➡️,2
continuity,,🔁,1
continuous,,🔁,2
continuum,,➡️,1
contort,,🤸,2
contortion,,🤸,2
contortionist,,🤸,3
contour,,📐,2
contraband,,🚫,2
contraception,,💊,2
contraceptive,,💊,2
contract,,📜,2
contraction,,📉,2
contractor,,👷,2
contractual,,📜,2
contradict,,🚫,2
contradiction,,🚫,2
contradictory,,🚫,2
contrail,,✈️,2
contralto,,🎤,2
contraption,,⚙️,2
contrariwise,,🔄,1
contrary,,🔄,2
contrast,,⚖️,2
contravene,,🚫,1
contretemps,,😬,1
contribute,,🤝,2
contribution,,🤝,2
contributory,,🤝,1
contrite,,😔,2
contrition,,😔,2
contrivance,,⚙️,2
contrive,,🛠️,1
contrived,,🛠️,1
control,,🎮️,3
controllable,,🎮️,1
controller,,🎮️,3
controversial,,⚡️,2
controversy,,⚡️,2
controvert,,⚔️,1
contusion,,🤕,3
conundrum,,🧩,2
convalesce,,🛌,2
convalescence,,🛌,2
convalescent,,🛌,2
convection,,🌬️,2
convene,,🤝,2
convenience,,🏪,2
convenient,,👍️,2
convent,,⛪️,3
convention,,🎪,2
conventional,,📏,2
conventionality,,📏,1
converge,,🔀,2
convergence,,🔀,2
convergent,,🔀,2
conversant,,💬,1
conversation,,💬,3
conversational,,💬,2
converse,,💬,2
conversion,,🔄,2
convert,,🔄,2
convertible,,🚗,2
convex,,🌗,2
convey,,🚚,2
conveyance,,🚚,2
conveyer,,🎢,2
convict,,🔒️,2
conviction,,⚖️,2
convince,,👉️,2
convincing,,👍️,2
convivial,,🎉,2
conviviality,,🎉,2
convocation,,🎓️,2
convoke,,📣,1
convoluted,,🌀,2
convolution,,🌀,2
convoy,,🚛,2
convulse,,😫,2
convulsion,,😫,2
convulsive,,😫,2
coo,,🐦️,2
cook,,🍳,3
cookery,,🍳,2
cookie,,🍪,3
cooking,,🍳,3
cool,,😎,3
coolant,,🧊,2
cooler,,🧊,3
coolie,,👷,1
coon,,🦝,2
coop,,🐔,2
cooper,,🛢️,2
cooperate,,🤝,2
cooperation,,🤝,2
cooperative,,🤝,2
cooperatively,,🤝,1
coordinate,,📍,2
coordination,,🤹,2
coot,,🐦️,2
cootie,,🦠,1
cop,,👮,3
cope,,💪,2
copier,,🖨️,3
copilot,,✈️,1
copious,,📦️,1
copper,,🥉,2
coppice,,🌳,1
copra,,🥥,1
copse,,🌳,2
copter,,🚁,3
copula,,🔗,1
copulate,,💞,1
copulation,,💞,1
copy,,📋️,2
coquette,,💃,1
coquettish,,💃,1
coral,,🪸,3
cord,,🔌,2
cordial,,🥂,2
cordiality,,🤝,1
cordless,,🔋,1
cordon,,🚧,2
corduroy,,👖,1
core,,🍎,2
coriander,,🌿,2
cork,,🍾,2
cormorant,,🐦️,2
corn,,🌽,3
cornea,,👁️,2
corner,,📐,2
cornet,,🎺,2
cornice,,🏛️,1
cornucopia,,🌽,2
corny,,😅,2
corolla,,🌸,1
corollary,,➡️,1
corona,,👑,1
coronary,,❤️,2
coronation,,👑,2
coroner,,⚰️,2
coronet,,👑,2
corpora,,📚️,1
corporal,,🎖️,2
corporate,,🏢,2
corporation,,🏢,2
corporeal,,👤,1
corps,,🎖️,2
corpse,,💀,3
corpulence,,🍔,1
corpulent,,🍔,2
corpus,,📚️,1
corpuscle,,🩸,2
corral,,🐎,2
correct,,✅️,3
correction,,✏️,2
correctional,,🚔️,2
corrective,,✏️,1
correlate,,📊,2
correlation,,📊,2
correlative,,📊,1
correspond,,✉️,2
correspondence,,✉️,3
correspondent,,✉️,2
corresponding,,➡️,1
corridor,,🚪,2
corroborate,,✅️,2
corroboration,,✅️,1
corroborative,,✅️,1
corrode,,🦠,2
corrosion,,🦠,2
corrosive,,☣️,2
corrugate,,〰️,1
corrugated,,〰️,2
corrupt,,😈,2
corruptible,,😈,1
corruption,,😈,2
corsage,,🌸,2
corsair,,☠️,2
corset,,👗,2
cortege,,⚰️,2
cortex,,🧠,2
cortical,,🧠,1
cortices,,🧠,1
cortisone,,💉,2
cosign,,✍️,2
cosignatory,,✍️,1
cosmetic,,💄,3
cosmetics,,💄,3
cosmetology,,💄,2
cosmic,,🌌,3
cosmogony,,🌌,1
cosmology,,🌌,2
cosmonaut,,🚀,2
cosmopolitan,,🌆,2
cosmos,,🌌,3
cosponsor,,🤝,1
cost,,💲,3
costly,,💰️,2
costume,,🎭️,3
cosy,,🛋️,2
cot,,🛏️,2
coterie,,👥,1
cottage,,🏡,3
cotton,,🧶,2
cotyledon,,🌱,1
couch,,🛋️,3
cougar,,🐆,2
cough,,🤧,3
could,,❓️,1
council,,🏛️,2
councilman,,🏛️,2
councilor,,🏛️,2
councilwoman,,🏛️,2
counsel,,⚖️,2
counsellor,,⚖️,2
counselor,,⚖️,2
count,,🔢,3
countable,,🔢,1
countenance,,😐️,2
counter,,🛎️,2
counteract,,🔄,2
counterbalance,,⚖️,2
counterculture,,✊️,1
counterfeit,,🚫,2
countermand,,🚫,1
counteroffer,,🤝,1
counterpane,,🛏️,1
counterpart,,🤝,1
counterpoint,,🎵,1
countersign,,✍️,1
countertenor,,🎤,1
countess,,👸,2
countless,,♾️,2
countrified,,🌾,1
country,,🗺️,3
countryman,,🗺️,1
countrywoman,,🗺️,1
county,,🗺️,2
coup,,⚔️,2
coupe,,🚗,2
couple,,💑,3
couplet,,📜,1
coupling,,🔗,2
coupon,,🎟️,3
courage,,🦁,2
courageous,,🦁,2
courier,,🚴,2
course,,🏁,2
court,,⚖️,2
courteous,,🙏,2
courtesan,,👘,1
courtesy,,🙏,2
courtier,,🤴,2
courtly,,👑,1
courtship,,💐,2
cousin,,👪️,1
cove,,🏖️,2
coven,,🧙,2
covenant,,📜,2
cover,,📔,2
coverage,,📰,2
covering,,🧥,2
coverlet,,🛏️,2
covert,,🕵️,2
covet,,😍,2
covetous,,😍,2
covey,,🐦️,1
cow,,🐄,3
coward,,🐔,2
cowardice,,🐔,2
cower,,😨,2
cowl,,🧥,2
cowling,,✈️,1
coworker,,🏢,1
coxcomb,,🎩,1
coxswain,,🚣,2
coy,,😳,2
coyote,,🐺,3
cozy,,🛋️,2
crab,,🦀,3
crabbed,,😠,1
crabby,,😠,2
crack,,💥,2
cracked,,🥚,2
cracker,,🍘,3
crackle,,🔥,2
cradle,,👶,3
craft,,🛶,2
craftsman,,🛠️,2
craftsmanship,,🛠️,2
crafty,,🦊,2
crag,,🏔️,2
craggy,,🏔️,2
cram,,📚️,2
cramp,,😖,2
cramped,,📦️,2
crane,,🏗️,3
crania,,💀,2
cranial,,🧠,1
cranium,,💀,2
crank,,🔧,2
cranky,,😤,2
cranny,,🕳️,1
crap,,💩,2
crappy,,👎️,1
craps,,🎲,2
crash,,💥,3
crass,,😒,1
crate,,📦️,3
crater,,🌑,3
cravat,,👔,2
crave,,🤤,2
craven,,😨,1
craving,,🤤,2
craw,,🐦️,1
crawl,,🐛,3
crayon,,🖍️,3
craze,,🤪,2
crazy,,🤪,3
creak,,🚪,2
creaky,,🚪,2
cream,,🥛,2
creamer,,🥛,2
creamery,,🧀,2
creamy,,🥛,2
crease,,👖,2
create,,✨️,2
creation,,✨️,2
creationism,,📖,1
creative,,🎨,3
creativity,,🎨,3
creator,,🎨,1
creature,,👾,2
creche,,🍼,2
credence,,🤝,1
credential,,🪪,2
credentials,,🪪,2
credibility,,✅️,1
credible,,✅️,1
credit,,💳️,3
creditable,,✅️,1
creditor,,💳️,2
credo,,📜,1
credulity,,🤥,1
credulous,,🤥,2
creed,,📜,2
creek,,🏞️,3
creel,,🧺,2
creep,,😨,2
creeper,,🌿,2
creepy,,😱,2
cremate,,⚱️,2
cremation,,⚱️,2
crematoria,,⚱️,2
crematorium,,⚱️,2
crematory,,⚱️,2
creole,,🍲,1
creosote,,🪵,1
crepe,,🥞,3
crept,,🐢,1
crescendo,,🔊,2
crescent,,🌙,3
cress,,🌿,2
crest,,🏔️,2
cretin,,🙄,1
crevasse,,🕳️,2
crevice,,🕳️,2
crew,,👥,2
crewman,,⛵️,2
crib,,🛏️,3
cribbage,,🃏,1
crick,,😖,1
cricket,,🏏,3
cried,,😢,3
crier,,📢,2
crime,,🔪,2
criminal,,🔫,2
criminologist,,🔍️,1
criminology,,🔍️,1
crimp,,〰️,1
crimson,,🔴,2
cringe,,😬,3
crinkle,,〰️,2
crinkly,,〰️,2
crinoline,,👗,1
cripple,,🦽,2
crippled,,🦽,2
crises,,🚨,2
crisis,,🚨,2
crisp,,🍟,2
crispy,,🍟,2
criteria,,📋️,1
criterion,,📋️,1
critic,,📝,2
critical,,‼️,2
criticism,,📝,2
criticize,,👎️,2
critique,,📝,2
critter,,🐾,2
croak,,🐸,3
crochet,,🧶,3
crock,,🍲,2
crockery,,🍽️,2
crocodile,,🐊,3
crocus,,🌸,2
croissant,,🥐,3
crone,,👵,2
crony,,🤝,1
crook,,🦯,1
crooked,,➰️,1
croon,,🎤,2
crop,,🌾,3
croquet,,🏏,2
croquette,,🍢,2
cross,,✝️,3
crossbones,,☠️,3
crossing,,🚸,2
crossroads,,🛣️,2
crossways,,↔️,1
crotch,,🩲,1
crotchet,,🎵,1
crotchety,,😠,1
crouch,,🧎,3
croup,,🤒,1
croupier,,🎰,2
crouton,,🍞,2
crow,,🐦️,2
crowd,,👥,3
crown,,👑,3
crucial,,❗️,2
crucible,,🔥,2
crucifix,,✝️,3
crucifixion,,✝️,2
cruciform,,✝️,1
crucify,,✝️,2
crud,,🧹,1
cruddy,,🧹,1
crude,,🛢️,2
crudity,,🛢️,1
cruel,,😈,2
cruelty,,😈,2
cruet,,🫙,1
cruise,,🛳️,3
cruiser,,🚢,2
cruller,,🍩,2
crumb,,🍞,2
crumble,,🍞,2
crumbly,,🍞,1
crumby,,🍞,1
crummy,,👎️,1
crumpet,,🥞,2
crumple,,📄,2
crunch,,🥨,2
crunchy,,🥨,2
crusade,,⚔️,2
crush,,💥,2
crust,,🥧,2
crustacean,,🦀,3
crusty,,🍞,1
crutch,,🩼,3
crux,,🎯,1
cry,,😢,3
crying,,😢,3
cryogenics,,🧊,2
crypt,,⚰️,3
cryptic,,🔐,2
cryptogram,,🔐,2
cryptography,,🔐,2
crystal,,💎,3
crystalline,,💎,2
crystallization,,💎,1
crystallize,,💎,2
cub,,🐻,3
cube,,🧊,3
cubic,,🧊,2
cubical,,🧊,1
cubicle,,🖥️,2
cubism,,🎨,2
cubist,,🎨,1
cubit,,📏,1
cuckold,,😔,1
cuckoo,,🐦️,2
cucumber,,🥒,3
cud,,🐄,1
cuddle,,🤗,3
cuddly,,🧸,2
cudgel,,🏏,1
cue,,🎱,2
cuff,,👔,2
cuisine,,🍽️,2
culinary,,🍳,2
cull,,✂️,1
culminate,,🏁,2
culmination,,🏁,2
culpability,,⚖️,1
culpable,,⚖️,1
culprit,,🕵️,2
cult,,🕯️,2
cultivate,,🌱,2
cultivated,,🌱,2
cultivation,,🌱,2
cultivator,,🚜,1
cultural,,🎭️,1
culture,,🎭️,2
cultured,,🎭️,1
culvert,,🚰,1
cumbersome,,🧳,1
cumin,,🌿,2
cummerbund,,👔,1
cumulative,,➕️,1
cumuli,,☁️,2
cumulus,,☁️,3
cuneiform,,📜,2
cunnilingus,,💋,1
cunning,,🦊,2
cunt,,🚫,1
cup,,☕️,3
cupful,,☕️,2
cupidity,,💰️,1
cupola,,🏛️,2
cur,,🐕️,1
curable,,💊,1
curate,,🖼️,2
curative,,💊,2
curator,,🖼️,2
curb,,🚧,2
curd,,🧀,2
curdle,,🥛,1
cure,,💊,2
curfew,,🌙,1
curie,,⚛️,1
curio,,🏺,1
curiosity,,🤔,3
curious,,🤔,3
curl,,➰️,2
curlew,,🐦️,1
curlicue,,➰️,2
curly,,➰️,2
curmudgeon,,😠,1
currant,,🫐,2
currency,,💵,3
current,,🌊,2
curricula,,📚️,1
curriculum,,📚️,2
curry,,🍛,3
curse,,🤬,2
cursed,,🤬,2
cursive,,✍️,2
cursor,,🖱️,3
cursory,,👀,1
curt,,😐️,1
curtail,,✂️,1
curtailment,,✂️,1
curtain,,🪟,3
curtsey,,🙇,2
curtsy,,🙇,2
curvaceous,,〰️,1
curvature,,〰️,2
curve,,〰️,3
curvy,,〰️,2
cushion,,🛋️,3
cushy,,😌,1
cusp,,➡️,1
cuspid,,🦷,1
cuss,,🤬,2
custard,,🍮,3
custodial,,🧹,1
custodian,,🧹,2
custody,,👮,2
custom,,🎩,1
customary,,📅,1
customer,,🛍️,2
customize,,🛠️,2
cut,,✂️,3
cute,,🥰,3
cuticle,,💅,2
cutlass,,🗡️,3
cutlery,,🍴,3
cutlet,,🍖,2
cutoffs,,✂️,1
cutter,,✂️,2
cutting,,✂️,2
cutup,,😂,1
cyanide,,☠️,2
cybernetic,,🤖,2
cybernetics,,🤖,2
cyberpunk,,🤖,1
cyberspace,,💻️,2
cyclamen,,🌸,1
cycle,,🔄,2
cyclic,,🔄,2
cyclical,,🔄,2
cyclist,,🚴,3
cyclone,,🌀,3
cyclotron,,⚛️,1
cygnet,,🦢,2
cylinder,,🛢️,3
cylindrical,,🛢️,2
cymbal,,🥁,2
cynic,,🙄,2
cynical,,🙄,2
cynicism,,🙄,1
cypress,,🌲,2
cyst,,🩹,1
cystic,,🩺,1
cytology,,🔬,1
cytoplasm,,🔬,1
czar,,👑,2
czarina,,👑,2
dab,,🕺,2
dabble,,🎨,1
dachshund,,🐕️,3
dactylic,,🎵,1
dad,,👨,3
daddy,,👨,3
daffodil,,🌼,3
daffy,,🤪,1
daft,,🙃,1
dagger,,🗡️,3
dahlia,,🌸,2
daily,,📅,2
dainty,,🌸,1
daiquiri,,🍹,3
dairy,,🥛,3
dairying,,🥛,1
dairyman,,🥛,1
dais,,🎤,1
daisy,,🌼,3
dale,,🏞️,1
dalliance,,💑,1
dally,,🐌,1
dam,,🌊,2
damage,,💥,2
damask,,🧵,1
dame,,👸,1
damn,,🤬,1
damnable,,🤬,1
damnation,,🔥,1
damned,,🔥,1
damp,,💧,2
dampen,,💧,2
damper,,🔥,1
damsel,,👸,1
damson,,🍇,1
dance,,💃,3
dandelion,,🌼,3
dander,,😤,1
dandle,,👶,1
dandruff,,❄️,1
dandy,,🎩,1
danger,,⚠️,3
dangerous,,⚠️,3
dangle,,〰️,2
dank,,💧,1
dapper,,🎩,2
dapple,,🐴,1
dare,,😏,2
daring,,😎,2
dark,,🌑,3
darken,,🌑,2
darling,,💖,2
darn,,🧵,1
dart,,🎯,3
dash,,➖️,2
dashiki,,👗,1
dashing,,😎,2
dastardly,,😈,1
data,,📊,2
date,,📅,3
dated,,📅,1
dative,,📖,1
datum,,📊,1
daub,,🎨,1
daughter,,👧,3
daunt,,😰,1
daunting,,😰,2
dauntless,,💪,1
dauphin,,🤴,1
davenport,,🛋️,1
davit,,⚓️,1
dawdle,,🐌,2
dawn,,🌅,3
day,,☀️,3
daze,,😵,2
dazzle,,✨️,2
deacon,,⛪️,2
deaconess,,⛪️,2
deactivate,,🔌,1
dead,,💀,3
deaden,,🔇,1
deadly,,☠️,2
deaf,,🦻,2
deafen,,🔊,1
deal,,🤝,2
dealer,,🃏,2
dealership,,🚗,2
dealing,,🤝,1
dealt,,🃏,1
dean,,🎓️,2
dear,,💌,2
dearth,,📉,1
death,,💀,3
deathless,,♾️,1
deathlike,,💀,1
deathly,,💀,1
deb,,👗,1
debacle,,💥,1
debar,,🚫,1
debark,,⚓️,1
debarkation,,⚓️,1
debase,,📉,1
debasement,,📉,1
debatable,,🤔,1
debate,,🗣️,2
debauch,,🍷,1
debauchery,,🍷,1
debilitate,,🤒,1
debilitation,,🤒,1
debility,,🤒,1
debit,,💳️,3
debonair,,🎩,1
debrief,,🗣️,1
debriefing,,🗣️,1
debris,,🗑️,2
debt,,💳️,2
debtor,,💳️,1
debug,,🐛,2
debunk,,❌️,1
debut,,🎬️,2
debutante,,👗,1
decade,,🔟,1
decadence,,💎,1
decadent,,🍰,1
decaf,,☕️,2
decaffeinated,,☕️,2
decal,,🏷️,1
decamp,,🏃,1
decant,,🍷,2
decanter,,🍾,2
decapitate,,🔪,1
decapitation,,🔪,1
decathlon,,🏃,2
decay,,🦠,2
decease,,⚰️,1
deceased,,⚰️,2
deceit,,🤥,2
deceitful,,🤥,2
deceive,,🤥,2
decelerate,,🐢,1
deceleration,,🐢,1
decency,,🙏,1
decent,,👍️,1
decentralize,,🔀,1
deception,,🤥,2
deceptive,,🤥,2
decibel,,🔊,2
decide,,✅️,2
decided,,✅️,1
deciduous,,🍂,2
decimal,,🔢,2
decimate,,💥,1
decimation,,💥,1
decipher,,🔍️,2
decipherable,,🔍️,1
decision,,✅️,2
decisive,,✅️,1
deck,,🛳️,2
declaim,,📢,1
declamation,,📢,1
declamatory,,📢,1
declaration,,📜,2
declarative,,📜,1
declare,,📢,2
declassify,,🔓️,1
declension,,📖,1
decline,,📉,2
decode,,🔓️,2
decollete,,👗,1
decommission,,🔧,1
decompose,,🦠,2
decomposition,,🦠,1
decompress,,🌬️,1
decompression,,🌬️,1
decongestant,,💊,2
deconstruction,,🏗️,1
decontaminate,,🧼,1
decontamination,,🧼,1
decor,,🖼️,2
decorate,,🎀,2
decoration,,🎀,3
decorative,,🎀,2
decorous,,🎩,1
decorum,,🎩,1
decoy,,🦆,2
decrease,,📉,3
decree,,📜,2
decrepit,,🦯,2
decrepitude,,🦯,1
decriminalize,,⚖️,1
decry,,😠,1
dedicate,,🙏,1
dedicated,,🙏,1
dedication,,🙏,2
deduce,,🔍️,2
deducible,,🔍️,1
deduct,,➖️,2
deductible,,➖️,1
deduction,,➖️,2
deductive,,🧠,1
deed,,📜,2
deem,,🤔,1
deep,,🌊,2
deepen,,🌊,1
deer,,🦌,3
deescalate,,🕊️,1
deescalation,,🕊️,1
deface,,🖍️,1
defacement,,🖍️,1
defamation,,🗣️,1
defamatory,,🗣️,1
defame,,🗣️,1
default,,⚙️,1
defeat,,🏳️,2
defeatism,,🏳️,1
defeatist,,🏳️,1
defecate,,💩,2
defecation,,💩,2
defect,,🐛,2
defection,,🏃,1
defective,,🐛,1
defend,,🛡️,3
defendant,,⚖️,2
defense,,🛡️,3
defenseless,,🛡️,1
defensible,,🛡️,1
defensive,,🛡️,2
defer,,⏳️,1
deference,,🙇,1
deferential,,🙇,1
deferment,,⏳️,1
defiance,,✊️,2
defiant,,✊️,2
deficiency,,📉,1
deficient,,📉,1
deficit,,📉,2
defile,,🚫,1
defilement,,🚫,1
define,,📖,2
definite,,✅️,1
definition,,📖,2
definitive,,✅️,1
deflate,,🎈,3
deflation,,📉,2
deflect,,🛡️,2
deflection,,🛡️,1
defoliant,,🍂,1
defoliate,,🍂,1
defoliation,,🍂,1
deforest,,🪓,2
deforestation,,🪓,2
deform,,〰️,1
deformation,,〰️,1
deformed,,〰️,1
deformity,,〰️,1
defraud,,💸,2
defray,,💰️,1
defrost,,🧊,2
deft,,🤹,1
defunct,,❌️,1
defuse,,💣️,2
defy,,✊️,2
degeneracy,,📉,1
degenerate,,📉,1
degeneration,,📉,1
degradation,,📉,1
degrade,,📉,2
degrading,,😖,1
degree,,🎓️,2
dehumanization,,🤖,1
dehumanize,,🤖,1
dehumidify,,💧,1
dehydrate,,🏜️,2
dehydration,,🏜️,2
deice,,🧊,1
deification,,🙏,1
deify,,🙏,1
deign,,🙇,1
deism,,🙏,1
deity,,🙏,3
dejected,,😞,3
dejection,,😞,2
delay,,⏰️,3
delectable,,😋,1
delectation,,😋,1
delegate,,🗳️,2
delegation,,🗳️,2
delete,,🗑️,3
deleterious,,☠️,1
deletion,,🗑️,2
deli,,🥪,3
deliberate,,🤔,2
deliberation,,🤔,2
delicacy,,🍱,1
delicate,,🍃,2
delicatessen,,🥪,2
delicious,,😋,3
delight,,😊,2
delighted,,😄,3
delightful,,😊,2
delimit,,📏,1
delineate,,📏,1
delineation,,📏,1
delinquency,,🚨,1
delinquent,,🚨,1
delirious,,🥴,2
delirium,,🥴,1
deliver,,📦️,3
deliverance,,🕊️,1
delivery,,📦️,3
dell,,🏞️,1
delphinium,,🌸,1
delta,,🔺,2
delude,,🤥,1
deluge,,🌊,2
delusion,,🌀,2
delusive,,🌀,1
deluxe,,💎,1
delve,,🔍️,2
demagnetization,,🧲,1
demagnetize,,🧲,1
demagogic,,📢,1
demagogue,,📢,1
demagoguery,,📢,1
demagogy,,📢,1
demand,,❗️,2
demanding,,😤,1
demarcate,,📏,1
demarcation,,📏,1
demean,,😔,1
demeanor,,🙂,1
demented,,🤪,1
dementia,,🧠,2
demerit,,👎️,1
demesne,,🏰,1
demigod,,⚡️,1
demijohn,,🍾,1
demilitarize,,🕊️,1
demise,,⚰️,2
demitasse,,☕️,1
demo,,🎥,2
demobilization,,🕊️,1
demobilize,,🕊️,1
democracy,,🗳️,3
democrat,,🗳️,2
democratic,,🗳️,2
democratize,,🗳️,1
demographic,,📊,1
demographics,,📊,2
demography,,📊,1
demolish,,🧨,2
demolition,,🧨,3
demon,,👹,3
demoniac,,👹,1
demoniacal,,👹,1
demonic,,👹,2
demonstrable,,👍️,1
demonstrate,,📢,2
demonstration,,📢,2
demonstrative,,📢,1
demonstrator,,📢,2
demoralization,,😞,1
demoralize,,😞,1
demoralizing,,😞,1
demote,,📉,2
demotion,,📉,2
demur,,🙅,1
demure,,😊,1
den,,🛋️,2
denature,,🧪,1
dendrite,,🧠,1
denial,,🙅,2
denigrate,,👎️,1
denigration,,👎️,1
denim,,👖,3
denizen,,🏘️,1
denominate,,🔢,1
denomination,,💵,2
denominational,,⛪️,1
denominator,,🔢,2
denotation,,📖,1
denote,,📖,1
denouement,,🎬️,1
denounce,,📢,1
denouncement,,📢,1
dense,,🌲,2
density,,📊,1
dent,,🚗,2
dental,,🦷,3
dentifrice,,🪥,1
dentin,,🦷,1
dentist,,🦷,3
dentistry,,🦷,2
denture,,🦷,2
dentures,,🦷,2
denude,,🌳,1
denunciation,,📢,1
deny,,🙅,2
deodorant,,🧴,3
deodorize,,🌸,1
depart,,🚶,2
departed,,🚶,1
department,,🏢,2
departmental,,🏢,1
departure,,✈️,2
depend,,🤝,1
dependability,,🤝,1
dependable,,🤝,1
dependence,,🤝,1
dependency,,🤝,1
dependent,,👶,1
depict,,🖼️,2
depiction,,🖼️,2
depilatory,,🪒,1
deplane,,✈️,2
deplete,,📉,2
depletion,,📉,2
deplorable,,😞,1
deplore,,😞,1
deploy,,🚀,2
deployment,,🚀,1
depopulate,,📉,1
depopulation,,📉,1
deport,,✈️,2
deportation,,✈️,2
deportment,,🚶,1
depose,,👑,1
deposit,,🏦,3
deposition,,📜,1
depository,,🏦,1
depot,,🚉,2
deprave,,😈,1
depraved,,😈,1
depravity,,😈,1
deprecate,,👎️,1
deprecation,,👎️,1
deprecatory,,👎️,1
depreciate,,📉,2
depreciation,,📉,2
depredation,,💥,1
depress,,😔,1
depressant,,💊,1
depressed,,😔,3
depressing,,😔,2
depression,,😔,3
depressive,,😔,1
deprivation,,🚫,1
deprive,,🚫,2
deprived,,🚫,2
deprogram,,🧠,1
depth,,🌊,2
deputation,,👥,1
depute,,👮,1
deputize,,👮,1
deputy,,👮,3
derail,,🚂,2
derailleur,,🚲️,1
derailment,,🚂,2
derange,,🌀,1
deranged,,🌀,1
derangement,,🌀,1
derby,,🎩,2
deregulate,,📜,1
deregulation,,📜,1
derelict,,🏚️,2
dereliction,,🏚️,1
deride,,😏,1
derision,,😏,1
derisive,,😏,1
derivation,,➡️,1
derivative,,➡️,1
derive,,➡️,1
dermatitis,,🩹,1
dermatologist,,🩺,2
dermatology,,🩺,2
dermis,,🩹,1
derogate,,👎️,1
derogation,,👎️,1
derogatory,,👎️,2
derrick,,🏗️,2
derriere,,🍑,2
derringer,,🔫,2
dervish,,🌀,1
desalinate,,🌊,1
desalination,,🌊,1
descant,,🎵,1
descend,,⬇️,2
descendant,,👶,2
descent,,⬇️,2
describe,,📝,2
description,,📝,2
descriptive,,📝,1
descry,,👀,1
desecrate,,⛪️,1
desecration,,⛪️,1
desegregate,,🤝,1
desegregation,,🤝,1
desensitization,,💉,1
desensitize,,💉,1
desert,,🏜️,3
desertion,,🚶,1
deserve,,👍️,1
deserving,,👍️,1
desiccate,,🏜️,1
desiccation,,🏜️,1
desiderata,,📋️,1
desideratum,,📋️,1
design,,✏️,2
designate,,👉️,2
designation,,🏷️,2
designer,,✏️,2
designing,,✏️,1
desirability,,😍,1
desirable,,😍,2
desire,,😍,2
desirous,,😍,1
desist,,🛑,2
desk,,🖥️,3
desolate,,🏜️,2
desolation,,🏜️,2
despair,,😔,2
despairingly,,😔,1
despatch,,📨,2
desperado,,🤠,2
desperate,,😰,2
desperation,,😰,2
despicable,,🤢,2
despise,,🤢,2
despite,,🔗,1
despoil,,💥,1
despondency,,😔,2
despondent,,😔,2
despot,,👑,2
despotic,,👑,1
despotism,,👑,1
dessert,,🍰,3
destination,,📍,3
destine,,📍,1
destiny,,🔮,2
destitute,,🥺,2
destitution,,🥺,1
destroy,,💥,3
destroyer,,💥,2
destruction,,💥,3
destructive,,💥,2
desultory,,🌀,1
detach,,🔓️,2
detachable,,🔓️,2
detached,,🔓️,2
detachment,,🔓️,2
detail,,🔍️,2
detailed,,🔍️,2
detain,,🚔️,2
detainment,,🚔️,2
detect,,🔍️,2
detectable,,🔍️,2
detection,,🔍️,2
detective,,🕵️,3
detente,,🤝,2
detention,,🚔️,2
deter,,🛑,2
detergent,,🧴,3
deteriorate,,📉,2
deterioration,,📉,2
determinant,,➡️,1
determinate,,➡️,1
determination,,💪,2
determine,,💪,2
determined,,💪,3
determiner,,📝,1
deterrence,,🛑,2
deterrent,,🛑,2
detest,,🤢,2
detestable,,🤢,2
detestation,,🤢,1
dethrone,,👑,2
dethronement,,👑,1
detonate,,💥,3
detonation,,💥,3
detonator,,💣️,2
detour,,↩️,2
detox,,🧘,2
detoxification,,🧘,1
detoxify,,🧘,1
detract,,➖️,1
detraction,,➖️,1
detriment,,👎️,1
detrimental,,👎️,2
detritus,,🗑️,2
deuce,,🎾,2
devaluation,,📉,2
devalue,,📉,2
devastate,,💥,2
devastating,,💥,2
devastation,,💥,2
develop,,📈,2
developing,,📈,2
development,,📈,2
deviance,,🌀,1
deviant,,🌀,1
deviate,,↩️,2
deviation,,↩️,2
device,,📱,2
devil,,😈,3
devilish,,😈,2
devilment,,😈,1
deviltry,,😈,1
devious,,😈,2
devise,,💡,2
devoid,,🚫,1
devolve,,📉,1
devote,,🙏,2
devoted,,🙏,2
devotee,,🙏,2
devotion,,🙏,2
devotional,,🙏,2
devour,,🍽️,3
devout,,🙏,2
dew,,💧,3
dewy,,💧,2
dexterity,,🤸,2
dexterous,,🤸,2
dextrose,,🍬,1
dextrous,,🤸,2
diabetes,,💉,2
diabetic,,💉,2
diabolic,,😈,2
diabolical,,😈,2
diacritic,,🔤,1
diadem,,👑,3
diagnose,,🩺,3
diagnoses,,🩺,2
diagnosis,,🩺,3
diagnostic,,🩺,2
diagnostician,,🩺,2
diagonal,,📐,2
diagram,,📊,3
dial,,📞,2
dialect,,🗣️,2
dialectal,,🗣️,1
dialectic,,🗣️,1
dialog,,💬,2
dialogue,,💬,3
dialyses,,🩺,1
dialysis,,🩺,2
diameter,,📏,2
diametrical,,📏,1
diamond,,💎,3
diaper,,🍼,3
diaphanous,,👗,1
diaphragm,,🫁,2
diarist,,📔,2
diarrhea,,🚽,2
diarrhoea,,🚽,2
diary,,📔,3
diastolic,,🩺,1
diatribe,,😡,2
dice,,🎲,3
dichotomy,,⚖️,1
dick,,🕵️,1
dicker,,🤝,1
dickey,,👔,1
dicky,,👔,1
dicta,,📜,1
dictate,,🗣️,2
dictation,,🗣️,2
dictator,,👑,2
dictatorial,,👑,2
dictatorship,,👑,2
diction,,🗣️,2
dictionary,,📖,3
dictum,,📜,2
did,,✅️,1
didactic,,📚️,1
diddle,,🎻,1
die,,💀,3
diereses,,🔤,1
dieresis,,🔤,1
diesel,,⛽️,2
diet,,🥗,3
dietary,,🥗,2
dietetic,,🥗,1
dietetics,,🥗,1
dietician,,🥗,2
dietitian,,🥗,2
differ,,🔀,1
difference,,🔀,2
different,,🔀,2
differential,,🔀,1
differentiate,,🔀,1
differentiation,,🔀,1
difficult,,😖,2
difficulty,,😖,2
diffidence,,😳,1
diffident,,😳,1
diffraction,,🌈,1
diffuse,,💨,2
diffusion,,💨,2
dig,,⛏️,3
digest,,📖,2
digestible,,🍽️,1
digestion,,🍽️,2
digestive,,🍽️,2
digit,,🔢,2
digital,,🔢,2
digitalis,,🌿,1
dignified,,🎩,2
dignify,,🎩,1
dignitary,,🎩,2
dignity,,🎩,2
digraph,,🔤,1
digress,,↩️,1
digression,,↩️,1
digressive,,↩️,1
dike,,🧱,2
dilapidated,,🏚️,2
dilapidation,,🏚️,2
dilate,,👁️,1
dilation,,👁️,1
dilatory,,🐌,1
dilemma,,🤔,2
dilettante,,🎨,1
dilettantism,,🎨,1
diligence,,💪,2
diligent,,💪,2
dill,,🌿,2
dillydally,,🐌,1
dilute,,💧,2
dilution,,💧,2
dim,,💡,2
dime,,🪙,2
dimension,,📏,2
dimensional,,📏,1
diminish,,📉,2
diminuendo,,🔉,1
diminution,,📉,1
diminutive,,🤏,2
dimmer,,💡,2
dimple,,😊,2
dimwitted,,🙃,1
din,,🔊,2
dine,,🍽️,3
diner,,🍽️,3
dinette,,🍽️,2
ding,,🔔,1
dinghy,,⛵️,2
dingo,,🐕️,2
dingy,,🏚️,1
dinky,,🤏,1
dinner,,🍽️,3
dinosaur,,🦕,3
dint,,🔨,1
diocesan,,⛪️,1
diocese,,⛪️,2
diode,,💡,1
diorama,,🖼️,1
dioxin,,☠️,1
dip,,🥣,2
diphtheria,,🤒,1
diphthong,,🔤,1
diploma,,🎓️,3
diplomacy,,🤝,2
diplomat,,🤵,2
diplomatic,,🤝,2
dipper,,🥄,1
dipsomania,,🍺,1
dipsomaniac,,🍺,1
dire,,⚠️,2
direct,,➡️,2
direction,,➡️,3
directional,,➡️,2
directions,,🗺️,2
directive,,📋️,2
directly,,➡️,1
director,,🎬️,3
directorate,,🎬️,1
directorship,,🎬️,1
directory,,📁,3
dirge,,😢,1
dirigible,,🎈,2
dirk,,🗡️,2
dirt,,🟤,2
dirty,,🟤,3
dis,,🚫,1
disability,,♿️,2
disable,,🚫,2
disabled,,♿️,2
disabuse,,💭,1
disadvantage,,👎️,2
disadvantaged,,👎️,2
disadvantageous,,👎️,1
disaffected,,😒,1
disaffection,,😒,1
disagree,,🙅,2
disagreeable,,😒,2
disagreement,,🙅,2
disallow,,🚫,2
disappear,,💨,3
disappearance,,💨,2
disappoint,,😞,2
disappointed,,😞,3
disappointing,,😞,2
disappointingly,,😞,1
disappointment,,😞,3
disapprobation,,👎️,1
disapproval,,👎️,2
disapprove,,👎️,2
disapprovingly,,👎️,1
disarm,,🔫,2
disarmament,,🕊️,2
disarming,,😊,1
disarrange,,🌀,1
disarrangement,,🌀,1
disarray,,🌀,2
disassemble,,🔧,2
disassociate,,🔀,1
disaster,,🌪️,3
disastrous,,🌪️,2
disavow,,🙅,1
disavowal,,🙅,1
disband,,👋,2
disbar,,⚖️,1
disbarment,,⚖️,1
disbelief,,😲,2
disbelieve,,😲,1
disburse,,💸,2
disbursement,,💸,2
disc,,💿️,3
discard,,🗑️,2
discern,,👁️,1
discernible,,👁️,1
discerning,,🧐,1
discernment,,🧐,1
discharge,,🔫,2
disciple,,🙏,2
disciplinarian,,😠,1
disciplinary,,⚖️,2
discipline,,📏,2
disclaim,,🙅,1
disclaimer,,📋️,2
disclose,,📢,2
disclosure,,📢,2
disco,,🕺,3
discolor,,🎨,1
discoloration,,🎨,1
discomfit,,😳,1
discomfiture,,😳,1
discomfort,,😖,2
disconcert,,😳,1
disconcerting,,😳,1
disconnect,,🔌,2
disconnected,,🔌,2
disconnection,,🔌,2
disconsolate,,😢,2
discontent,,😒,2
discontented,,😒,2
discontentment,,😒,1
discontinuance,,🛑,1
discontinuation,,🛑,1
discontinue,,🛑,2
discontinuity,,🔀,1
discontinuous,,🔀,1
discord,,🎶,1
discordant,,🎶,1
discotheque,,🕺,3
discount,,🏷️,3
discountenance,,🙅,1
discourage,,😔,2
discouragement,,😔,2
discouragingly,,😔,1
discourse,,🗣️,2
discourteous,,😒,1
discourtesy,,😒,1
discover,,🔍️,3
discovery,,🔍️,3
discredit,,👎️,2
discreditable,,👎️,1
discreet,,🤫,2
discrepancy,,⚖️,2
discrete,,🔢,1
discretion,,🤫,2
discretionary,,🤫,1
discriminate,,⚖️,2
discriminating,,🧐,1
discrimination,,⚖️,2
discriminatory,,⚖️,1
discursive,,🗣️,1
discus,,🥏,2
discuss,,🗣️,3
discussion,,🗣️,3
disdain,,🙄,2
disdainful,,🙄,2
disease,,🦠,3
disembark,,🚢,2
disembarkation,,🚢,2
disembowel,,🔪,1
disenchant,,😞,1
disenchanted,,😞,2
disenchantment,,😞,1
disenfranchise,,🗳️,1
disengage,,🔌,1
disengagement,,🔌,1
disentangle,,🧶,2
disentanglement,,🧶,1
disfavor,,👎️,2
disfigure,,🩹,1
disfigurement,,🩹,1
disfranchise,,🗳️,1
disgorge,,🤮,1
disgrace,,😔,2
disgraceful,,😔,2
disgruntle,,😠,1
disgruntled,,😠,2
disguise,,🥸,3
disgust,,🤢,3
disgusted,,🤢,3
dish,,🍽️,3
disharmony,,🎶,1
dishearten,,😞,1
disheveled,,😵,2
dishevelled,,😵,2
dishonest,,🤥,3
dishonesty,,🤥,2
dishonor,,😔,2
dishonorable,,😔,1
disillusion,,😞,1
disillusioned,,😞,2
disillusionment,,😞,1
disinclined,,🙅,1
disinfect,,🧴,2
disinfectant,,🧴,3
disinformation,,📰,2
disingenuous,,🤥,1
disinherit,,📜,1
disintegrate,,💥,2
disintegration,,💥,2
disinter,,⚰️,1
disinterest,,😐️,1
disinterested,,😐️,2
disjointed,,🔀,1
disk,,💽,3
diskette,,💾,3
dislike,,👎️,3
dislocate,,🦴,2
dislocation,,🦴,2
dislodge,,📌,1
disloyal,,🙅,2
disloyalty,,🙅,1
dismal,,🌧️,2
dismantle,,🔧,2
dismay,,😟,2
dismember,,🔪,1
dismemberment,,🔪,1
dismiss,,👋,2
dismissal,,👋,2
dismount,,🐎,2
disobedience,,🙅,2
disobedient,,🙅,2
disobey,,🙅,2
disorder,,🌀,2
disorderly,,🌀,2
disorganization,,🌀,1
disorganize,,🌀,1
disorganized,,🌀,2
disorient,,🌀,1
disorientation,,🌀,1
disown,,👋,2
disparage,,👎️,2
disparagement,,👎️,1
disparaging,,👎️,2
disparate,,🔀,1
disparity,,⚖️,2
dispassionate,,😐️,1
dispatch,,📨,2
dispel,,💨,1
dispensable,,🗑️,1
dispensary,,💊,2
dispensation,,💊,1
dispense,,💊,2
dispersal,,💨,2
disperse,,💨,2
dispersion,,💨,2
dispirit,,😔,1
dispirited,,😔,1
displace,,📤️,1
displacement,,📤️,1
display,,🖥️,3
displease,,😠,2
displeasure,,😠,2
disport,,🎉,1
disposable,,🗑️,2
disposal,,🗑️,2
dispose,,🗑️,2
disposition,,🙂,1
dispossess,,🏚️,1
dispossession,,🏚️,1
disproportion,,⚖️,1
disprove,,❌️,2
disputable,,🤔,1
disputant,,🗣️,1
disputation,,🗣️,1
disputatious,,🗣️,1
dispute,,🗣️,2
disqualify,,🚫,2
disquiet,,😟,2
disquisition,,📜,1
disregard,,🙈,2
disrepair,,🏚️,2
disreputable,,👎️,1
disrepute,,👎️,1
disrespect,,🙄,2
disrespectful,,🙄,2
disrobe,,👕,2
disrupt,,💥,2
disruption,,💥,2
disruptive,,💥,2
dissatisfaction,,😒,2
dissatisfy,,😒,2
dissect,,🔪,2
dissection,,🔪,2
dissemble,,🎭️,1
disseminate,,📢,2
dissemination,,📢,2
dissension,,😠,1
dissent,,🙅,2
dissertation,,📜,2
disservice,,👎️,1
dissidence,,🙅,1
dissident,,🙅,2
dissimilar,,🔀,2
dissimilarity,,🔀,1
dissimulate,,🎭️,1
dissimulation,,🎭️,1
dissipate,,💨,2
dissipated,,💨,1
dissipation,,💨,1
dissociate,,🔀,1
dissociation,,🔀,1
dissolute,,🍷,1
dissolution,,🔀,1
dissolve,,💧,2
dissonance,,🎶,1
dissonant,,🎶,1
dissuade,,🙅,2
dissuasion,,🙅,1
distaff,,👩,1
distance,,📏,3
distant,,🔭,2
distaste,,🤢,2
distasteful,,🤢,2
distemper,,🤒,1
distend,,🎈,1
distention,,🎈,1
distill,,🧪,2
distillate,,🧪,1
distillation,,🧪,2
distillery,,🥃,2
distinct,,🔠,1
distinction,,🎖️,2
distinctive,,🔠,1
distinguish,,🔍️,2
distinguishable,,🔍️,1
distinguished,,🎩,2
distort,,🌀,2
distortion,,🌀,2
distract,,🌀,2
distraction,,🎮️,2
distraught,,😰,2
distress,,😟,2
distressful,,😟,1
distribute,,📦️,2
distribution,,📦️,2
distributive,,📦️,1
distributor,,📦️,2
district,,🗺️,2
distrust,,🤨,2
distrustful,,🤨,1
disturb,,😠,2
disturbance,,😠,2
disturbed,,😟,2
disturbing,,😟,2
disunite,,💔,1
disunity,,💔,1
disuse,,🗑️,1
ditch,,🕳️,2
dither,,😵,1
ditto,,✔️,2
ditty,,🎵,2
diuretic,,💊,1
diurnal,,☀️,2
diva,,🎤,2
divan,,🛋️,2
dive,,🤿,3
diver,,🤿,3
diverge,,🔀,2
divergence,,🔀,2
divergent,,🔀,2
divers,,🔀,1
diverse,,🌈,2
diversification,,🌈,1
diversify,,🌈,2
diversion,,🔀,2
diversionary,,🔀,1
diversity,,🌈,3
divert,,↩️,2
divest,,📤️,1
divide,,➗️,3
dividend,,💰️,2
divider,,➗️,1
divination,,🔮,2
divine,,😇,2
divinity,,😇,2
divisibility,,➗️,1
divisible,,➗️,2
division,,➗️,3
divisive,,💔,1
divisor,,➗️,2
divorce,,💔,3
divorced,,💔,2
divorcee,,💔,2
divot,,🏌️,2
divulge,,🗣️,2
divvy,,➗️,1
dizzy,,😵,3
do,,✅️,1
doable,,✅️,1
doc,,🩺,2
docile,,🐑,2
docility,,🐑,1
dock,,⚓️,3
docket,,📋️,2
doctor,,🩺,3
doctoral,,🎓️,2
doctorate,,🎓️,2
doctrinaire,,📜,1
doctrinal,,📜,1
doctrine,,📜,2
document,,📄,3
documentary,,🎥,2
documentation,,📄,2
dodder,,🐌,1
dodge,,🤸,2
dodo,,🦤,3
doe,,🦌,3
doer,,💪,1
does,,✅️,1
doff,,🎩,1
dog,,🐕️,3
dogged,,💪,2
doggerel,,🐕️,1
doggie,,🐕️,3
doggy,,🐕️,3
dogie,,🐄,1
dogma,,📜,2
dogmatic,,📜,1
dogmatism,,📜,1
dogmatist,,📜,1
doily,,🧵,2
doing,,🏃,1
doings,,🏃,1
doldrums,,😔,1
dole,,💰️,1
doleful,,😢,2
doll,,🪆,3
dollar,,💵,3
dollop,,🥄,2
dolly,,🪆,2
dolorous,,😢,1
dolphin,,🐬,3
dolt,,🙃,1
doltish,,🙃,1
domain,,🏰,2
dome,,🏛️,3
domestic,,🏠️,2
domesticate,,🐕️,2
domestication,,🐕️,1
domesticity,,🏠️,1
domicile,,🏠️,2
dominance,,👑,2
dominant,,👑,2
dominate,,👑,2
domination,,👑,2
domineer,,👑,1
domineering,,👑,1
dominion,,👑,2
domino,,🎲,2
don,,👘,1
donate,,🎁,3
donation,,🎁,3
done,,✅️,2
donkey,,🫏,3
donor,,🎁,2
donut,,🍩,3
doodad,,🔧,1
doodle,,✏️,2
doom,,💀,2
door,,🚪,3
doorman,,🚪,2
dope,,😎,1
dopey,,😵,1
dopy,,😵,1
dork,,🤓,1
dorky,,🤓,1
dorm,,🏠️,2
dormancy,,😴,2
dormant,,😴,2
dormer,,🏠️,1
dormice,,🐭,2
dormitory,,🏠️,2
dormouse,,🐭,3
dorsal,,🦈,1
dory,,🚣,2
dosage,,💊,2
dose,,💊,3
dossier,,📁,2
dot,,🔴,3
dotage,,👴,1
dote,,😍,2
double,,✌️,2
doublet,,👕,1
doubloon,,🪙,2
doubly,,✌️,1
doubt,,🤔,2
doubtful,,🤔,2
doubtless,,✅️,1
douche,,🚿,1
dough,,🍞,2
doughty,,💪,1
doughy,,🍞,1
dour,,😠,2
douse,,💧,2
dove,,🕊️,3
dowager,,👵,1
dowdy,,👗,1
dowel,,🔩,1
down,,⬇️,3
downer,,😔,1
downward,,⬇️,3
downwards,,⬇️,3
downy,,🪶,2
dowry,,💍,2
dowse,,🔮,1
doxology,,🙏,1
doze,,😴,3
dozen,,🔟,2
drab,,🎨,1
draft,,📝,2
draftee,,🎖️,1
draftsman,,📐,2
drafty,,🌬️,2
drag,,🖱️,2
dragon,,🐉,3
dragoon,,🐎,1
drain,,🚰,3
drainage,,🚰,2
drake,,🦆,3
dram,,🥃,2
drama,,🎭️,3
dramatic,,🎭️,2
dramatics,,🎭️,2
dramatist,,🎭️,2
dramatization,,🎭️,2
dramatize,,🎭️,2
drank,,🍺,2
drape,,🪟,2
drapery,,🪟,2
drastic,,⚠️,1
draught,,🌬️,2
draw,,✏️,3
drawer,,🗄️,3
drawing,,🎨,3
drawl,,🗣️,1
drawn,,✏️,2
dray,,🛒,1
dread,,😨,2
dreadful,,😨,1
dream,,💭,3
dreamless,,😴,1
dreamlike,,💭,2
dreamt,,💭,2
dreamy,,💭,2
dreary,,🌧️,2
dredge,,⚓️,1
dregs,,🍶,1
drench,,🌧️,2
dress,,👗,3
dressage,,🐎,2
dresser,,🗄️,3
dressing,,🥗,2
dressy,,👗,2
drew,,✏️,2
dribble,,🏀,3
dried,,🍂,2
drier,,🌬️,2
drift,,🌬️,2
drifter,,🚶,1
drill,,🛠️,3
drily,,🗣️,1
drink,,🥤,3
drinkable,,🥤,2
drip,,💧,3
drippings,,💧,1
drive,,🚗,3
drivel,,🗣️,1
driven,,🚗,1
driver,,🚗,3
drizzle,,🌦️,3
drizzly,,🌦️,2
droll,,😄,1
dromedary,,🐫,3
drone,,🛸,3
drool,,🤤,3
droop,,📉,2
droopy,,📉,1
drop,,💧,3
droplet,,💧,3
dropper,,💧,3
droppings,,💩,2
dross,,🗑️,1
drought,,🏜️,3
drove,,🐄,1
drover,,🐄,1
drown,,🌊,2
drowse,,😴,2
drowsy,,😴,3
drub,,👊,1
drudge,,😩,1
drudgery,,😩,1
drug,,💊,3
druggist,,💊,2
druid,,🧙,2
drum,,🥁,3
drummer,,🥁,3
drunk,,🍺,2
drunkard,,🍺,1
drunken,,🍺,1
dry,,☀️,2
dryad,,🌳,1
dryer,,🌀,2
dual,,🔀,1
duality,,☯️,1
dub,,🎙️,1
dubious,,🤨,2
ducal,,👑,1
ducat,,💰️,1
duchess,,👸,2
duchy,,🏰,1
duck,,🦆,3
duckling,,🐥,3
duct,,🕳️,1
ductile,,🔧,1
dud,,💣️,1
dude,,🤙,2
dudgeon,,😠,1
duds,,👕,1
due,,📅,1
duel,,⚔️,3
duelist,,⚔️,2
duet,,🎶,2
duffer,,⛳️,1
dug,,⛏️,1
duh,,🙄,2
duke,,👑,2
dukedom,,🏰,1
dulcet,,🎵,1
dulcimer,,🎻,2
dull,,😐️,2
dullard,,😐️,1
duly,,✅️,1
dumb,,😑,2
dumdum,,🔫,1
dumfound,,😲,1
dummy,,🪆,2
dump,,🗑️,2
dumpling,,🥟,3
dumps,,🗑️,1
dumpy,,📦️,1
dun,,🐎,1
dunce,,🤦,1
dune,,🏜️,3
dung,,💩,3
dungaree,,👖,2
dungarees,,👖,2
dungeon,,🏰,3
dunk,,🏀,3
duo,,👥,2
duodenal,,🩺,1
duodenum,,🩺,1
dupe,,🎭️,1
duplex,,🏠️,2
duplicate,,📄,2
duplication,,📄,1
duplicity,,🎭️,1
durability,,💪,1
durable,,💪,2
duration,,⏱️,2
duress,,😖,1
during,,⏳️,1
dusk,,🌆,3
dusky,,🌆,2
dust,,🌫️,2
duster,,🧹,3
dusty,,🌫️,2
dutiful,,✅️,1
duty,,📋️,2
dwarf,,🧝,2
dwarves,,🧝,2
dweeb,,🤓,2
dwell,,🏠️,1
dwelling,,🏠️,3
dwelt,,🏠️,1
dwindle,,📉,2
dye,,🎨,3
dying,,💀,2
dyke,,🌊,1
dynamic,,⚡️,2
dynamics,,⚡️,1
dynamism,,⚡️,1
dynamite,,🧨,3
dynamo,,⚡️,1
dynastic,,👑,1
dynasty,,👑,2
dysentery,,🤢,1
dysfunction,,⚠️,1
dysfunctional,,⚠️,1
dyslexia,,🔤,1
dyslexic,,🔤,1
dyspepsia,,🤢,1
dyspeptic,,🤢,1
each,,☑️,1
eager,,😃,2
eagle,,🦅,3
eaglet,,🦅,2
ear,,👂️,3
earl,,👑,2
early,,🌅,2
earn,,💵,2
earnest,,🙏,1
earnings,,💵,2
earring,,💍,3
earth,,🌍️,3
earthen,,🏺,1
earthling,,👽️,1
earthly,,🌍️,2
earthy,,🌱,1
ease,,😌,2
easel,,🖼️,3
easily,,😌,1
east,,🧭,2
easterly,,🧭,1
eastern,,🧭,1
easterner,,🧭,1
eastward,,➡️,1
eastwards,,➡️,1
easy,,😌,2
eat,,🍽️,3
eatable,,🍽️,2
eaten,,🍽️,2
eatery,,🍽️,3
eaves,,🏠️,1
ebb,,🌊,2
ebony,,⚫️,1
ebullience,,😄,1
ebullient,,😄,1
eccentric,,🤪,2
eccentricity,,🤪,1
ecclesiastic,,⛪️,2
ecclesiastical,,⛪️,2
echelon,,🎖️,1
echo,,🔊,2
eclair,,🍮,2
eclectic,,🎨,1
eclecticism,,🎨,1
eclipse,,🌒,3
ecological,,🌱,2
ecologist,,🌱,2
ecology,,🌱,2
economic,,💹,2
economical,,💰️,1
economics,,💹,2
economist,,💹,2
economize,,💰️,1
economy,,💹,2
ecosystem,,🌍️,2
ecstasy,,🥳,2
ecstatic,,🥳,2
ecumenical,,⛪️,1
eczema,,🩹,1
eddy,,🌀,2
edema,,🩹,1
edge,,📐,2
edgeways,,↔️,1
edging,,✂️,1
edgy,,😬,1
edible,,🍽️,2
edict,,📜,2
edification,,📚️,1
edifice,,🏛️,2
edify,,📚️,1
edit,,✏️,3
edition,,📖,2
editor,,📝,2
editorial,,📰,2
editorialize,,📰,1
educable,,🎓️,1
educate,,🎓️,2
educated,,🎓️,2
education,,🎓️,3
educational,,🎓️,2
eel,,🐍,2
eerie,,👻,2
eery,,👻,2
efface,,🚫,1
effect,,➡️,1
effective,,✅️,2
effectual,,✅️,1
effeminacy,,💅,1
effeminate,,💅,1
effervesce,,🥂,1
effervescence,,🥂,1
effervescent,,🥂,1
effete,,😔,1
efficacious,,✅️,1
efficacy,,✅️,1
efficiency,,⚙️,2
efficient,,⚙️,2
effigy,,🪆,1
effluent,,🚰,1
effort,,💪,2
effortless,,✅️,1
effrontery,,😏,1
effusion,,💦,1
effusive,,😄,1
egalitarian,,⚖️,2
egalitarianism,,⚖️,1
egg,,🥚,3
eggnog,,🥛,2
ego,,🪞,2
egocentric,,🪞,1
egoism,,🪞,1
egoist,,🪞,1
egoistic,,🪞,1
egotism,,🪞,1
egotist,,🪞,1
egotistic,,🪞,1
egotistical,,🪞,1
egregious,,😱,1
egress,,🚪,2
egret,,🐦️,3
eh,,🤷,2
eider,,🦆,2
eight,,8️⃣,3
eighteen,,🔢,2
eighteenth,,🔢,1
eighth,,🔢,1
eightieth,,🔢,1
eighty,,🔢,2
either,,🔀,1
ejaculate,,💬,1
ejaculation,,💬,1
eject,,⏏️,3
ejection,,⏏️,2
eke,,➕️,1
elaborate,,📝,1
elaboration,,📝,1
elan,,✨️,1
elapse,,⏳️,1
elastic,,🎗️,2
elasticity,,🎗️,1
elate,,😄,1
elated,,😄,2
elation,,😄,2
elbow,,💪,3
elder,,👴,2
elderly,,👴,2
eldest,,👴,1
elect,,🗳️,2
election,,🗳️,3
electioneer,,🗳️,1
elective,,☑️,1
elector,,🗳️,1
electoral,,🗳️,1
electorate,,🗳️,1
electric,,⚡️,3
electrical,,⚡️,2
electrician,,⚡️,2
electricity,,⚡️,3
electrification,,⚡️,1
electrify,,⚡️,2
electrifying,,⚡️,2
electrocute,,⚡️,2
electrocution,,⚡️,2
electrode,,🔌,2
electrolysis,,🔌,1
electrolyte,,🔋,1
electrolytic,,🔋,1
electromagnet,,🧲,2
electromagnetic,,🧲,1
electron,,⚛️,2
electronic,,📱,2
electronics,,📱,2
electroplate,,🔌,1
elegance,,👗,1
elegant,,👗,2
elegy,,😢,1
element,,⚛️,2
elemental,,⚛️,1
elementary,,🏫,2
elephant,,🐘,3
elephantine,,🐘,1
elevate,,⬆️,2
elevation,,⛰️,2
elevator,,🛗,3
eleven,,🔢,2
eleventh,,🔢,1
elf,,🧝,3
elfin,,🧝,2
elfish,,🧝,1
elicit,,➡️,1
eligibility,,✅️,1
eligible,,✅️,2
eliminate,,❌️,2
elimination,,❌️,2
elite,,🏆️,2
elitism,,🏆️,1
elitist,,🏆️,1
elixir,,🧪,2
elk,,🦌,3
ell,,📏,1
ellipse,,🥚,2
ellipses,,🥚,1
ellipsis,,➰️,1
elliptic,,🥚,1
elliptical,,🥚,1
elm,,🌳,2
elocution,,🗣️,1
elocutionist,,🗣️,1
elongate,,➡️,1
elongation,,➡️,1
elope,,💍,2
elopement,,💍,1
eloquence,,🗣️,1
eloquent,,🗣️,2
else,,🔀,1
elucidate,,💡,1
elucidation,,💡,1
elude,,🏃,1
elusive,,🏃,1
elves,,🧝,2
em,,🔤,1
emaciate,,😖,1
emaciated,,😖,2
emaciation,,😖,1
emanate,,🌫️,1
emanation,,🌫️,1
emancipate,,🕊️,2
emancipation,,🕊️,2
emasculate,,😔,1
emasculation,,😔,1
embalm,,⚰️,1
embankment,,🏞️,1
embargo,,🚫,2
embark,,🚢,2
embarkation,,🚢,1
embarrass,,😳,3
embarrassingly,,😳,1
embarrassment,,😳,2
embassy,,🏛️,2
embattled,,⚔️,1
embed,,📥️,1
embellish,,✨️,1
embellishment,,✨️,1
ember,,🔥,2
embezzle,,💰️,2
embezzlement,,💰️,2
embitter,,😠,1
emblazon,,🛡️,1
emblem,,🛡️,2
emblematic,,🛡️,1
embodiment,,🧍,1
embody,,🧍,1
embolden,,💪,1
embolism,,🩺,1
emboss,,🖼️,1
embrace,,🤗,3
embroider,,🧵,2
embroidery,,🧵,3
embroil,,🌀,1
embryo,,🐣,2
embryologist,,🔬,1
embryology,,🔬,1
embryonic,,🐣,1
emcee,,🎤,3
emend,,✏️,1
emendation,,✏️,1
emerald,,💚,2
emerge,,🌱,1
emergence,,🌱,1
emergency,,🚨,3
emergent,,🚨,1
emeritus,,🎓️,1
emery,,📄,1
emetic,,🤮,1
emigrant,,🧳,2
emigrate,,🧳,2
emigration,,🧳,2
emigre,,🧳,1
eminence,,👑,1
eminent,,⭐️,1
emir,,👑,1
emirate,,👑,1
emissary,,🕊️,1
emission,,💨,2
emit,,💨,2
emollient,,🧴,2
emote,,🎭️,1
emotion,,😢,2
emotional,,😢,2
empathize,,🤝,1
empathy,,🤝,2
emperor,,👑,3
emphases,,‼️,1
emphasis,,‼️,2
emphasize,,‼️,2
emphatic,,‼️,1
emphysema,,🫁,1
empire,,🏛️,2
empirical,,🔬,1
empiricism,,🔬,1
employ,,💼,2
employable,,💼,1
employee,,👔,2
employer,,💼,2
employment,,💼,3
emporia,,🏬,1
emporium,,🏬,2
empower,,💪,2
empress,,👸,3
empty,,📭️,3
emu,,🦤,3
emulate,,🪞,1
emulation,,🪞,1
emulsify,,🧴,1
emulsion,,🧴,1
enable,,✅️,1
enact,,📜,1
enactment,,📜,1
enamel,,🦷,2
enamor,,😍,1
encamp,,⛺️,2
encampment,,⛺️,2
encapsulate,,💊,1
encapsulation,,💊,1
encase,,📦️,1
encephalitis,,🧠,1
enchant,,✨️,2
enchantment,,✨️,2
enchantress,,🧙,2
enchilada,,🌯,3
encircle,,⭕️,2
encirclement,,⭕️,1
enclave,,🏘️,1
enclose,,📦️,1
enclosure,,🚧,2
encode,,🔐,2
encompass,,🌐,1
encore,,👏,2
encounter,,🤝,1
encourage,,👍️,2
encouragement,,👍️,2
encouraging,,👍️,1
encouragingly,,👍️,1
encroach,,🚶,1
encroachment,,🚶,1
encrust,,🧊,1
encrustation,,🧊,1
encumber,,⛓️,1
encumbrance,,⛓️,1
encyclical,,📜,1
encyclopaedia,,📚️,2
encyclopedia,,📚️,3
encyclopedic,,📚️,2
end,,🔚,3
endanger,,⚠️,2
endear,,💕,1
endearment,,💕,2
endeavor,,💪,1
endemic,,🌍️,1
ending,,🔚,2
endive,,🥬,3
endless,,♾️,2
endocrine,,🩺,1
endorse,,✍️,2
endorsement,,✍️,1
endow,,🎁,1
endowment,,🎁,1
endurable,,💪,1
endurance,,💪,2
endure,,💪,2
enduring,,💪,1
endways,,➡️,1
enema,,🩺,1
enemy,,👿,3
energetic,,⚡️,2
energize,,⚡️,2
energy,,⚡️,3
enervate,,😴,1
enfeeble,,😔,1
enfold,,🫂,1
enforce,,👮,2
enforceable,,👮,1
enforcement,,👮,2
enfranchise,,🗳️,1
enfranchisement,,🗳️,1
engage,,💍,2
engaged,,💍,3
engagement,,💍,3
engaging,,😊,1
engender,,🌱,1
engine,,🚗,3
engineer,,👷,3
engineering,,⚙️,2
engorge,,🍽️,1
engrave,,🪨,2
engraving,,🪨,2
engross,,📖,1
engulf,,🌊,2
enhance,,⬆️,2
enhancement,,⬆️,1
enigma,,❓️,2
enigmatic,,❓️,1
enjoin,,📜,1
enjoy,,😊,2
enjoyable,,😊,2
enjoyment,,😊,2
enlarge,,🔍️,2
enlargement,,🔍️,2
enlighten,,💡,2
enlightened,,💡,2
enlightenment,,💡,2
enlist,,✍️,2
enlistee,,🎖️,1
enlistment,,✍️,1
enliven,,✨️,1
enmesh,,🕸️,1
enmity,,😠,1
ennoble,,👑,1
ennui,,😑,2
enormity,,😱,1
enormous,,🐘,2
enough,,✋️,1
enquire,,❓️,2
enquiry,,❓️,2
enrage,,😡,2
enrapture,,😍,1
enrich,,💰️,2
enrichment,,💰️,1
enrol,,📝,2
enroll,,📝,2
enrollment,,📝,2
ensconce,,🛋️,1
ensemble,,🎻,2
enshrine,,⛪️,1
enshroud,,🫥,1
ensign,,🚩,2
enslave,,⛓️,2
enslavement,,⛓️,2
ensnare,,🕸️,1
ensue,,➡️,1
ensure,,✅️,1
entail,,➡️,1
entangle,,🕸️,2
entanglement,,🕸️,2
entente,,🤝,1
enter,,🚪,2
enterprise,,🏢,2
enterprising,,💡,1
entertain,,🎭️,2
entertainer,,🎭️,3
entertaining,,🎭️,2
entertainingly,,🎭️,1
entertainment,,🎭️,3
enthral,,😍,1
enthrall,,😍,1
enthralling,,😍,1
enthrone,,👑,1
enthuse,,🤩,1
enthusiasm,,🤩,2
enthusiast,,🤩,2
enthusiastic,,🤩,2
entice,,😏,1
enticement,,😏,1
entire,,💯,1
entirety,,💯,1
entitle,,📛,1
entitlement,,📛,1
entity,,🔷,1
entomb,,⚰️,2
entombment,,⚰️,1
entomological,,🐜,1
entomologist,,🐜,2
entomology,,🐜,2
entourage,,👥,2
entrails,,🩸,1
entrance,,🚪,3
entrant,,🏃,1
entrap,,🪤,2
entrapment,,🪤,1
entreat,,🙏,1
entreaty,,🙏,1
entree,,🍽️,2
entrench,,🕳️,1
entrenchment,,🕳️,1
entrepreneur,,💼,2
entrepreneurial,,💼,1
entrust,,🤝,1
entry,,🚪,2
entwine,,🌀,1
enumerate,,🔢,2
enumeration,,🔢,1
enunciate,,🗣️,1
enunciation,,🗣️,1
envelop,,📦️,1
envelope,,✉️,3
envelopment,,📦️,1
enviable,,😍,1
envious,,😒,2
environment,,🌳,2
environmental,,🌳,2
environs,,🏞️,1
envisage,,💭,1
envision,,💭,1
envoy,,🕊️,1
envy,,😒,2
enzyme,,🧬,2
eon,,⏳️,2
epaulet,,🎖️,2
epaulette,,🎖️,2
ephemeral,,🦋,1
epic,,🏆️,2
epicenter,,🎯,2
epicure,,🍷,1
epicurean,,🍷,1
epidemic,,🦠,2
epidermal,,🩹,1
epidermis,,🩹,1
epiglottis,,🩺,1
epigram,,📜,1
epigrammatic,,📜,1
epilepsy,,🧠,1
epileptic,,🧠,1
epilog,,📖,1
epilogue,,📖,2
episode,,📺️,2
episodic,,📺️,1
epistle,,✉️,2
epitaph,,🪦,3
epithet,,🏷️,1
epitome,,💯,1
epitomize,,💯,1
epoch,,⏳️,2
epochal,,⏳️,1
epoxy,,🧪,2
equability,,⚖️,1
equable,,⚖️,1
equal,,🟰,2
equality,,⚖️,2
equalization,,⚖️,1
equalize,,⚖️,1
equanimity,,😌,1
equate,,🟰,1
equation,,🧮,2
equator,,🌐,2
equatorial,,🌴,1
equestrian,,🐎,2
equidistant,,📏,1
equilateral,,🔺,1
equilibrium,,⚖️,2
equine,,🐎,2
equinoctial,,🌗,1
equinox,,🌗,2
equip,,🎒,1
equipment,,🧰,2
equitable,,⚖️,1
equity,,⚖️,2
equivalence,,🟰,1
equivalent,,🟰,1
equivocal,,🤷,1
equivocate,,🤷,1
equivocation,,🤷,1
era,,⏳️,2
eradicate,,🚫,2
eradication,,🚫,2
erase,,🧹,3
eraser,,🧹,3
erasure,,🧹,2
ere,,🔗,1
erect,,📐,2
erection,,📐,2
ergonomics,,🪑,2
ermine,,🦫,2
erode,,🌊,2
erogenous,,💋,2
erosion,,🌊,3
erosive,,🌊,2
erotic,,💋,2
erotica,,💋,2
eroticism,,💋,2
err,,❌️,2
errand,,📝,2
errant,,🚶,2
errata,,📝,2
erratic,,🎢,2
erroneous,,❌️,2
error,,❌️,3
ersatz,,🔁,2
erstwhile,,🕰️,2
erudite,,🎓️,2
erudition,,🎓️,2
erupt,,🌋,3
eruption,,🌋,3
escalate,,📈,2
escalation,,📈,2
escalator,,🛗,3
escapade,,🏃,2
escape,,🏃,3
escapee,,🏃,2
escapism,,🎬️,2
escapist,,🎬️,2
escarole,,🥬,2
escarpment,,⛰️,2
eschew,,🚫,2
escort,,👮,2
escrow,,🏦,2
escutcheon,,🛡️,2
esophagi,,🍽️,1
esophagus,,🍽️,2
esoteric,,🔮,2
especial,,⭐️,1
especially,,⭐️,1
espionage,,🕵️,3
espousal,,🤝,2
espouse,,🤝,2
espresso,,☕️,3
espy,,👀,2
esquire,,🎩,2
essay,,📝,3
essayist,,📝,2
essence,,🌸,2
essential,,✅️,2
establish,,🏛️,2
establishment,,🏛️,2
estate,,🏰,2
esteem,,🙏,2
esthete,,🎨,2
esthetic,,🎨,2
esthetics,,🎨,2
estimable,,👍️,2
estimate,,🧮,2
estimation,,🧮,2
estrange,,💔,2
estranged,,💔,2
estrangement,,💔,2
estrogen,,💊,2
estuary,,🌊,2
etch,,✏️,2
etching,,✏️,2
eternal,,♾️,2
eternity,,♾️,2
ether,,💨,2
ethereal,,✨️,2
ethic,,⚖️,2
ethical,,⚖️,2
ethics,,⚖️,2
ethnic,,🌍️,2
ethnicity,,🌍️,2
ethnological,,🌍️,1
ethnologist,,🌍️,1
ethnology,,🌍️,1
ethos,,📜,1
etiquette,,🎩,2
etude,,🎵,2
etymological,,📖,1
etymologist,,📖,1
etymology,,📖,2
eucalypti,,🌿,1
eucalyptus,,🌿,3
eulogize,,🕊️,2
eulogy,,🕊️,2
eunuch,,🚫,1
euphemism,,💬,1
euphemistic,,💬,1
euphoria,,🥳,3
euphoric,,🥳,3
eureka,,💡,3
euro,,💶,3
euthanasia,,😔,1
evacuate,,🚨,2
evacuation,,🚨,2
evacuee,,🚨,2
evade,,🏃,2
evaluate,,📊,2
evaluation,,📊,2
evangelical,,✝️,2
evangelism,,✝️,2
evangelist,,✝️,2
evangelistic,,✝️,2
evangelize,,✝️,2
evaporate,,💨,3
evaporation,,💨,3
evasion,,🏃,2
evasive,,🏃,2
eve,,🌙,2
even,,🟰,1
evening,,🌆,3
event,,🎉,2
eventful,,🎉,2
eventual,,⏳️,1
eventuality,,⏳️,1
ever,,♾️,1
everglade,,🐊,2
every,,🔢,1
evict,,🚪,2
eviction,,🚪,2
evidence,,🔍️,2
evident,,👍️,1
evil,,😈,3
evince,,👍️,1
eviscerate,,🔪,2
evocation,,💭,1
evocative,,💭,1
evoke,,💭,2
evolution,,🧬,3
evolutionary,,🧬,2
evolve,,🧬,2
ewe,,🐑,3
ewer,,🏺,2
ex,,💔,2
exacerbate,,📈,2
exacerbation,,📈,2
exact,,🎯,2
exacting,,🎯,2
exactitude,,🎯,2
exaggerate,,📢,2
exaggeration,,📢,2
exalt,,🙌,2
exaltation,,🙌,2
exam,,📝,3
examination,,📝,3
examine,,🔍️,3
example,,📌,2
exasperate,,😤,2
exasperating,,😤,2
exasperation,,😤,2
excavate,,⛏️,3
excavation,,⛏️,3
exceed,,📈,2
exceedingly,,📈,1
excel,,📈,2
excellence,,🏆️,2
excellent,,🏆️,3
except,,🚫,1
excepting,,🚫,1
exception,,❗️,2
exceptional,,🏆️,2
excerpt,,📄,2
excess,,🔺,2
excessive,,🔺,2
exchange,,🔄,3
exchangeable,,🔄,2
excise,,✂️,2
excision,,✂️,2
excitability,,😆,2
excitable,,😆,2
excite,,😆,2
excited,,🤩,3
excitement,,🤩,2
exciting,,🤩,3
exclaim,,❗️,2
exclamation,,❗️,3
exclamatory,,❗️,2
exclude,,🚫,2
excluding,,🚫,2
exclusion,,🚫,2
exclusive,,🔒️,2
exclusivity,,🔒️,2
excommunicate,,⛪️,2
excommunication,,⛪️,2
excrement,,💩,3
excrescence,,🦠,1
excreta,,💩,2
excrete,,💩,2
excretion,,💩,2
excretory,,💩,1
excruciating,,😖,2
excursion,,🚌,2
excusable,,🙏,2
excuse,,🙏,2
execrable,,🤢,2
execute,,⚡️,2
execution,,⚡️,2
executioner,,🪓,3
executive,,💼,3
executor,,📜,2
exemplary,,🏆️,2
exemplification,,📌,1
exemplify,,📌,2
exempt,,🚫,2
exemption,,🚫,2
exercise,,🏋️,3
exert,,💪,2
exertion,,💪,2
exhalation,,💨,2
exhale,,💨,3
exhaust,,🚗,2
exhausted,,😩,3
exhausting,,😩,2
exhaustion,,😩,3
exhaustive,,📋️,2
exhibit,,🖼️,3
exhibition,,🖼️,3
exhibitionism,,😳,1
exhibitionist,,😳,1
exhilarate,,🤩,2
exhilaration,,🤩,2
exhort,,📢,2
exhortation,,📢,2
exhumation,,⚰️,2
exhume,,⚰️,2
exigency,,🚨,1
exigent,,🚨,1
exile,,🚪,2
exist,,🌍️,1
existence,,🌍️,1
existent,,🌍️,1
existential,,🤔,1
existentialism,,🤔,1
existentialist,,🤔,1
exit,,🚪,3
exodus,,🚶,2
exonerate,,✅️,2
exoneration,,✅️,2
exorbitance,,💸,2
exorbitant,,💸,2
exorcise,,👻,2
exorcism,,👻,3
exorcist,,👻,3
exorcize,,👻,2
exotic,,🌺,2
expand,,📈,2
expandable,,📈,2
expanse,,🏞️,2
expansion,,📈,2
expansive,,🏞️,1
expatriate,,✈️,2
expatriation,,✈️,1
expect,,🤰,1
expectancy,,🤰,1
expectant,,🤰,2
expectation,,🤞,2
expectorate,,🤧,1
expedience,,⚡️,1
expediency,,⚡️,1
expedient,,⚡️,1
expedite,,⚡️,2
expedition,,🧭,3
expeditionary,,🧭,2
expeditious,,⚡️,1
expel,,🚫,2
expend,,💸,2
expendable,,💸,2
expenditure,,💸,2
expense,,💸,3
expensive,,💰️,3
experience,,🎢,2
experienced,,🎓️,2
experiment,,🧪,3
experimental,,🧪,2
experimentation,,🧪,2
expert,,🎓️,2
expertise,,🎓️,2
expiate,,🙏,1
expiation,,🙏,1
expiration,,⌛️,2
expire,,⌛️,3
explain,,💬,2
explanation,,💬,2
explanatory,,💬,1
expletive,,🤬,3
explicable,,💬,1
explicate,,💬,1
explication,,💬,1
explicit,,🔞,2
explode,,💥,3
exploit,,💪,1
exploitation,,💪,1
exploitative,,💪,1
exploration,,🧭,3
exploratory,,🧭,2
explore,,🧭,3
explosion,,💥,3
explosive,,💣️,3
expo,,🏛️,2
exponent,,➕️,1
exponential,,📈,2
export,,📦️,2
exportation,,📦️,2
expose,,📸,2
exposition,,🏛️,2
expository,,📖,1
expostulate,,😠,1
exposure,,📸,2
expound,,💬,1
express,,🚆,2
expression,,🙂,2
expressionism,,🎨,2
expressionist,,🎨,2
expressionless,,😐️,3
expressive,,🎭️,2
expressly,,❗️,1
expropriate,,🏦,1
expropriation,,🏦,1
expulsion,,🚫,2
expunge,,🗑️,2
expurgate,,🗑️,1
expurgation,,🗑️,1
exquisite,,💎,2
extant,,📜,1
extemporaneous,,🎤,1
extempore,,🎤,1
extemporize,,🎤,1
extend,,➡️,2
extension,,➡️,2
extensive,,🌐,2
extent,,📏,2
extenuate,,⚖️,1
extenuation,,⚖️,1
exterior,,🏠️,2
exterminate,,🐜,2
extermination,,🐜,2
external,,🌐,2
extinct,,🦖,3
extinction,,🦖,3
extinguish,,🧯,3
extol,,🙌,2
extort,,💰️,2
extortion,,💰️,2
extortionate,,💰️,2
extortionist,,💰️,2
extra,,➕️,2
extract,,⛏️,2
extraction,,⛏️,2
extracurricular,,🎭️,2
extradite,,🚔️,2
extradition,,🚔️,2
extramarital,,💔,1
extraneous,,🚫,1
extraordinary,,🌟,3
extrapolate,,📈,2
extrapolation,,📈,2
extrasensory,,🔮,2
extravagance,,💎,2
extravagant,,💎,2
extravaganza,,🎉,2
extreme,,🔥,2
extremism,,🔥,2
extremist,,🔥,2
extremity,,🦵,2
extricate,,🆓,1
extrication,,🆓,1
extrinsic,,🌐,1
extroversion,,🥳,2
extrovert,,🥳,2
extroverted,,🥳,2
extrude,,🍝,1
extrusion,,🍝,1
exuberance,,🎉,2
exuberant,,🎉,2
exude,,💦,1
exult,,🙌,2
exultant,,🙌,2
exultation,,🙌,2
eye,,👁️,3
eyeful,,👁️,2
eyelet,,🕳️,2
eyrie,,🪺,2
fa,,🎵,1
fable,,📖,3
fabled,,📖,2
fabric,,🧵,3
fabricate,,🔨,2
fabrication,,🔨,2
fabulous,,✨️,2
facade,,🏛️,2
face,,😀,3
faceless,,👤,2
facet,,💎,2
facetious,,😏,2
facial,,😐️,2
facile,,😌,1
facilitate,,🤝,2
facilitation,,🤝,2
facility,,🏢,2
facing,,➡️,1
facsimile,,📠,3
fact,,✅️,2
faction,,🚩,2
factional,,🚩,2
factionalism,,🚩,2
factitious,,🎭️,1
factor,,➗️,2
factory,,🏭️,3
factotum,,🧰,1
factual,,✅️,2
faculty,,🎓️,2
fad,,📈,2
faddish,,📈,1
fade,,🌅,2
fag,,🚬,2
faggot,,🚬,1
fagot,,🚬,1
fail,,❌️,3
failing,,❌️,2
failure,,❌️,3
faint,,😵,3
fair,,🎡,3
fairly,,🎡,1
fairy,,🧚,3
faith,,🙏,2
faithful,,🙏,2
faithless,,💔,2
fake,,🎭️,2
fakir,,🧘,1
falcon,,🦅,3
falconry,,🦅,2
fall,,🍂,3
fallacious,,❌️,1
fallacy,,❌️,2
fallen,,🍂,2
fallibility,,❌️,1
fallible,,❌️,1
fallow,,🌾,1
false,,❌️,3
falsehood,,🤥,2
falsetto,,🎤,1
falsification,,🤥,2
falsify,,🤥,2
falsity,,🤥,2
falter,,🥴,2
fame,,🌟,3
familial,,👪️,2
familiar,,🙂,2
familiarity,,🙂,1
familiarize,,🙂,1
family,,👪️,3
famine,,🍽️,2
famish,,🍽️,1
famished,,🍽️,2
famous,,🌟,3
fan,,🌀,3
fanatic,,🤪,2
fanatical,,🤪,2
fanaticism,,🤪,2
fancier,,🎩,1
fanciful,,🦄,2
fancy,,🎩,2
fang,,🦷,3
fanny,,🍑,2
fantasize,,💭,2
fantastic,,🌟,2
fantasy,,🐉,3
far,,🏞️,1
farce,,🎭️,2
farcical,,🎭️,2
fare,,💵,2
farina,,🌾,1
farm,,🚜,3
farmer,,🌾,3
farming,,🚜,3
fart,,💨,3
farther,,➡️,1
farthest,,➡️,1
fascinate,,😲,2
fascinating,,😲,2
fascination,,😲,2
fascism,,✊️,1
fascist,,✊️,1
fashion,,👗,3
fashionable,,👗,2
fast,,🏃,2
fasten,,🔒️,2
fastening,,🔒️,2
fastidious,,🧐,2
fastness,,🏰,1
fat,,🐷,2
fatal,,💀,2
fatalism,,🔮,1
fatalist,,🔮,1
fatalistic,,🔮,1
fatality,,💀,2
fate,,🔮,2
fated,,🔮,1
fateful,,🔮,1
father,,👨,3
fatherhood,,👨,2
fatherless,,👨,1
fatherly,,👨,2
fathom,,📏,2
fathomless,,🌊,1
fatigue,,😴,3
fatten,,🐖,1
fattening,,🍔,2
fatty,,🍔,2
fatuous,,🙄,1
faucet,,🚰,3
fault,,⚠️,2
faultless,,✅️,2
faulty,,⚠️,2
faun,,🐐,1
fauna,,🦌,2
favor,,🙏,2
favorable,,👍️,2
favorite,,⭐️,3
favoritism,,⭐️,1
favour,,🙏,2
fawn,,🦌,2
fax,,📠,3
faze,,😳,1
fealty,,🤝,1
fear,,😨,3
fearful,,😨,3
fearless,,🦁,2
fearsome,,👹,2
feasibility,,🤔,1
feasible,,👍️,1
feast,,🍗,3
feat,,🏆️,2
feather,,🪶,3
feathered,,🪶,2
feathery,,🪶,2
feature,,📰,2
features,,📰,1
febrile,,🤒,2
fecal,,💩,2
feces,,💩,3
feckless,,😩,1
fecund,,🌱,1
fecundity,,🌱,1
fed,,🍽️,1
federal,,🏛️,2
federalism,,🏛️,1
federalist,,🏛️,1
federate,,🤝,1
federation,,🏛️,2
fee,,💵,3
feeble,,🥴,2
feed,,🍽️,3
feel,,✋️,2
feeler,,✋️,1
feeling,,❤️,2
feelings,,❤️,2
feet,,🦶,3
feign,,🎭️,2
feint,,🎭️,1
feisty,,😤,2
feldspar,,🪨,1
felicitous,,😊,1
felicity,,😊,1
feline,,🐱,3
fell,,🌲,2
fellatio,,💋,1
fellow,,🧑,2
fellowship,,🤝,2
felon,,🚔️,2
felonious,,🚔️,1
felony,,🚔️,3
felt,,🧵,2
female,,♀️,3
feminine,,♀️,2
femininity,,♀️,2
feminism,,♀️,2
feminist,,♀️,2
femoral,,🦵,1
femur,,🦴,2
fen,,🌾,1
fence,,🚧,3
fencing,,🤺,3
fend,,🛡️,2
fender,,🚗,2
fennel,,🌿,2
feral,,🐺,2
ferment,,🍷,2
fermentation,,🍷,2
fern,,🌿,3
ferocious,,😾,2
ferocity,,😾,2
ferret,,🦫,2
ferric,,⚙️,1
ferrous,,⚙️,1
ferrule,,🔩,1
ferry,,⛴️,3
fertile,,🌱,2
fertility,,🌱,2
fertilization,,🌱,2
fertilize,,🌱,2
fertilizer,,🌱,3
fervent,,🔥,2
fervid,,🔥,2
fervor,,🔥,2
festal,,🎉,1
fester,,🦠,2
festival,,🎪,3
festive,,🎉,2
festivities,,🎉,2
festivity,,🎉,2
festoon,,🎊,2
feta,,🧀,2
fetal,,🤰,2
fetch,,🎾,2
fetching,,😍,1
fete,,🎉,2
fetid,,🤢,2
fetish,,🔗,1
fetishism,,🔗,1
fetishist,,🔗,1
fetlock,,🐴,1
fetter,,⛓️,2
fettle,,💪,1
fetus,,🤰,3
feud,,⚔️,2
feudal,,🏰,2
feudalism,,🏰,2
fever,,🤒,3
feverish,,🤒,2
few,,🔢,1
fey,,🧚,1
fez,,🧢,2
fiance,,💍,2
fiancee,,💍,2
fiasco,,💥,2
fiat,,📜,1
fib,,🤥,2
fiber,,🧵,2
fibre,,🧵,2
fibrous,,🧵,1
fibula,,🦴,2
fibulae,,🦴,1
fiche,,🎞️,1
fickle,,🔄,2
fiction,,📚️,2
fictional,,📚️,2
fictionalize,,📚️,1
fictitious,,🎭️,2
fiddle,,🎻,3
fidelity,,💍,2
fidget,,🤹,2
fidgety,,🤹,2
fiduciary,,💼,1
fie,,🙄,1
fief,,🏰,1
field,,🌾,3
fiend,,👹,2
fiendish,,👹,2
fierce,,😤,2
fiery,,🔥,2
fiesta,,🎉,2
fife,,🎵,1
fifteen,,🔢,1
fifteenth,,🔢,1
fifth,,5️⃣,2
fiftieth,,🔢,1
fifty,,5️⃣,2
fig,,🍈,3
fight,,🥊,3
fighter,,🥊,3
figment,,💭,1
figurative,,💬,1
figure,,📈,2
figurine,,🗿,2
filament,,💡,2
filbert,,🌰,2
filch,,🖐️,1
file,,📁,3
filet,,🥩,2
filial,,👪️,1
filibuster,,🗣️,2
filigree,,💍,1
filing,,📁,2
fill,,🪣,2
filler,,🧱,1
fillet,,🥩,2
filling,,🦷,2
fillip,,👉️,1
filly,,🐴,2
film,,🎬️,3
filmy,,🎥,1
filter,,🔍️,2
filth,,🤢,2
filthy,,🤢,3
filtrate,,🧪,1
filtration,,🧪,2
fin,,🦈,3
finagle,,🤥,1
final,,🏁,2
finale,,🎆,2
finalist,,🏅,2
finality,,🏁,1
finalize,,✅️,2
finance,,💰️,3
financial,,💰️,3
financier,,💰️,2
financing,,💰️,2
finch,,🐦️,3
find,,🔍️,2
finding,,🔍️,2
fine,,👌,2
finery,,👗,1
finesse,,🤌,2
finger,,👆️,3
fingering,,👆️,1
finicky,,🧐,2
finis,,🏁,1
finish,,🏁,3
finite,,🔢,1
fink,,🐀,1
fiord,,🏔️,2
fir,,🌲,3
fire,,🔥,3
firm,,💪,2
firmament,,🌌,2
first,,🥇,3
firstly,,1️⃣,1
firth,,🌊,1
fiscal,,💰️,2
fish,,🐟️,3
fisherman,,🎣,3
fishery,,🎣,2
fishing,,🎣,3
fishy,,🐟️,2
fission,,☢️,2
fissure,,🪨,2
fist,,✊️,3
fistful,,✊️,2
fisticuffs,,🥊,2
fit,,💪,2
fitful,,😴,1
fitting,,👔,2
five,,5️⃣,3
fix,,🔧,2
fixate,,👁️,1
fixation,,👁️,1
fixative,,🧴,1
fixed,,🔧,2
fixings,,🍽️,1
fixity,,🔒️,1
fixture,,💡,2
fizz,,🥤,2
fizzle,,💨,1
fjord,,🏔️,2
flab,,🍔,1
flabbergast,,😲,2
flabby,,🍔,1
flaccid,,😑,1
flag,,🚩,3
flagella,,🦠,2
flagellate,,🦠,1
flagellation,,⛓️,1
flagellum,,🦠,1
flagon,,🍶,2
flagrant,,🚨,1
flail,,🌀,1
flair,,✨️,2
flak,,💥,1
flake,,❄️,2
flaky,,❄️,2
flambe,,🔥,2
flamboyance,,✨️,1
flamboyant,,🌈,1
flame,,🔥,3
flamenco,,💃,2
flaming,,🔥,2
flamingo,,🦩,3
flammability,,🔥,1
flammable,,🔥,2
flange,,🔩,1
flank,,🥩,1
flannel,,🧣,2
flap,,🦅,1
flapper,,💃,2
flare,,🔥,2
flash,,⚡️,3
flasher,,📸,1
flashing,,⚡️,2
flashy,,✨️,1
flask,,🧪,3
flat,,🏠️,2
flatten,,🔨,1
flatter,,😊,1
flattering,,😊,1
flatteringly,,😊,1
flattery,,😊,1
flatulence,,💨,2
flatulent,,💨,2
flaunt,,😎,1
flautist,,🎶,1
flavor,,👅,2
flavorful,,😋,2
flavoring,,🧂,1
flavorless,,😐️,1
flavour,,👅,2
flaw,,❌️,1
flawless,,💎,1
flax,,🌾,1
flaxen,,🌾,1
flay,,🔪,1
flea,,🦟,2
fleck,,🔵,1
fled,,🏃,2
fledgling,,🐣,3
flee,,🏃,3
fleece,,🐑,2
fleecy,,🐑,1
fleet,,🚢,2
fleeting,,⏳️,2
flesh,,🍖,1
fleshly,,🍖,1
fleshy,,🍖,1
flew,,✈️,2
flex,,💪,3
flexibility,,🤸,2
flexible,,🤸,2
flick,,🎬️,1
flicker,,🕯️,2
flier,,✈️,1
flight,,✈️,3
flightless,,🐧,2
flighty,,🦋,1
flimsy,,🧻,1
flinch,,😬,2
fling,,🥏,1
flint,,🪨,2
flinty,,🪨,1
flip,,🔄,2
flippancy,,😏,1
flippant,,😏,1
flipper,,🐬,2
flirt,,😉,2
flirtation,,😉,1
flirtatious,,😉,1
flit,,🦋,1
float,,🎈,2
flock,,🐑,2
floe,,🧊,2
flog,,🥁,1
flood,,🌊,3
floor,,🧱,2
flooring,,🧱,1
floozy,,💄,1
flop,,🐟️,1
floppy,,💾,2
flora,,🌸,1
floral,,🌸,2
florid,,🌺,1
florin,,🪙,1
florist,,💐,3
floss,,🦷,3
flotation,,🛟,2
flotilla,,⛵️,2
flotsam,,🪵,1
flounce,,🌊,1
flounder,,🐟️,2
flour,,🌾,3
flourish,,🌱,2
floury,,🌾,1
flout,,🚫,1
flow,,🌊,2
flower,,🌸,3
flowery,,🌸,2
flown,,✈️,1
flu,,🤒,3
flub,,😬,1
fluctuate,,📈,2
fluctuation,,📈,1
flue,,🏠️,1
fluency,,🗣️,2
fluent,,🗣️,2
fluff,,☁️,1
fluffy,,☁️,2
fluid,,💧,2
fluidity,,💧,1
fluke,,🍀,2
fluky,,🍀,1
flung,,🏹,1
flunk,,❌️,2
flunkey,,🤵,1
flunky,,🤵,1
fluorescence,,💡,2
fluorescent,,💡,2
fluoridate,,🦷,1
fluoridation,,🦷,1
fluoride,,🦷,2
fluorine,,🧪,1
fluorocarbon,,🧪,1
flurry,,🌨️,2
flush,,🚽,2
fluster,,😵,1
flute,,🎶,3
flutist,,🎶,2
flutter,,🦋,2
fluttery,,🦋,1
flux,,🔄,1
fly,,🪰,3
flyby,,✈️,2
flyer,,📄,2
flying,,✈️,3
foal,,🐴,3
foam,,🫧,3
foamy,,🫧,2
fob,,🔑,1
focal,,🎯,1
foci,,🎯,1
focus,,🎯,2
fodder,,🌾,1
foe,,⚔️,2
foetus,,👶,2
fog,,🌫️,3
fogey,,👴,1
foggy,,🌫️,3
fogy,,👴,1
foible,,🤷,1
foil,,🥶,2
foist,,🤲,1
fold,,📄,2
folder,,📁,3
foliage,,🌿,3
folio,,📄,1
folk,,🎻,1
folksy,,🎻,1
follicle,,🦱,1
follow,,➡️,2
follower,,👥,2
following,,➡️,1
folly,,🤡,1
foment,,🔥,1
fond,,🥰,2
fondle,,🤲,1
fondue,,🫕,3
font,,🔤,2
food,,🍽️,3
fool,,🤡,3
foolery,,🤡,1
foolish,,🤪,2
foot,,🦶,3
footage,,🎥,2
footing,,🦶,1
footman,,🤵,2
fop,,🎩,1
foppish,,🎩,1
for,,➡️,1
forage,,🍄,2
foray,,⚔️,1
forbad,,🚫,1
forbade,,🚫,1
forbear,,🚫,1
forbearance,,🕊️,1
forbid,,🚫,3
forbidden,,🚫,2
forbidding,,🚫,1
forbore,,🚫,1
forborne,,🚫,1
force,,💪,2
forced,,💪,1
forceful,,💪,2
forceps,,🩺,3
forcible,,💪,1
ford,,🚙,1
fore,,⛳️,2
forebode,,🔮,1
foreboding,,🔮,2
foreign,,🌍️,2
foreigner,,🌍️,2
foreman,,👷,2
forensic,,🔬,2
foreseeable,,🔮,1
forest,,🌲,3
forester,,🌲,2
forestry,,🌲,2
foretaste,,👅,1
foretell,,🔮,2
foretold,,🔮,1
forewarn,,⚠️,2
forewoman,,👷,1
forfeit,,❌️,1
forfeiture,,❌️,1
forgave,,🤝,1
forge,,🔥,2
forgery,,✍️,1
forget,,🤦,2
forgetful,,🤦,2
forgettable,,🤷,1
forgivable,,🤝,1
forgive,,🤝,2
forgiven,,🤝,1
forgiving,,🤝,1
forgo,,🚫,1
forgone,,🚫,1
forgot,,🤦,2
forgotten,,🤦,2
fork,,🍴,3
forked,,🍴,2
forlorn,,😢,1
form,,📋️,2
formal,,🤵,2
formaldehyde,,🧪,1
formalism,,📏,1
formality,,📋️,1
formalize,,📋️,1
format,,📋️,1
formation,,📐,1
formative,,🌱,1
former,,⏮️,1
formerly,,⏮️,1
formidable,,💪,1
formless,,☁️,1
formula,,🧪,2
formulae,,🧪,1
formulaic,,📋️,1
formulate,,💭,1
formulation,,🧪,1
fornicate,,🛏️,1
fornication,,🛏️,1
forsake,,🚶,1
forsaken,,🚶,1
forsook,,🚶,1
forsooth,,🗣️,1
forswear,,🤞,1
forswore,,🤞,1
forsworn,,🤞,1
forsythia,,🌼,2
fort,,🏰,3
forte,,🎯,1
forth,,➡️,1
fortieth,,🔢,1
fortification,,🏰,2
fortify,,🏰,2
fortissimo,,🎶,1
fortitude,,💪,2
fortress,,🏰,3
fortuitous,,🍀,1
fortunate,,🍀,2
fortune,,🔮,2
forty,,🔢,2
forum,,🗣️,2
forward,,➡️,2
forwards,,➡️,2
forwent,,➡️,1
fossil,,🦴,3
fossilization,,🦴,1
fossilize,,🦴,2
foster,,🏠️,1
fought,,⚔️,2
foul,,🚫,2
found,,🔍️,1
foundation,,🏗️,2
founder,,👤,1
foundling,,👶,1
foundry,,🏭️,2
fount,,⛲️,2
fountain,,⛲️,3
four,,4️⃣,3
foursome,,4️⃣,1
fourteen,,🔟,2
fourteenth,,🔟,1
fourth,,4️⃣,3
fowl,,🐔,3
fox,,🦊,3
foxy,,🦊,1
foyer,,🚪,2
fracas,,💥,1
fraction,,➗️,2
fractional,,➗️,1
fractious,,😤,1
fracture,,🦴,2
fragile,,🥚,2
fragility,,🥚,1
fragment,,🧩,2
fragmentary,,🧩,1
fragmentation,,🧩,1
fragrance,,🌸,2
fragrant,,🌸,2
frail,,🦴,1
frailty,,🦴,1
frame,,🖼️,3
franc,,💴,1
franchise,,🏪,2
franchisee,,🏪,1
franchiser,,🏪,1
frank,,🗣️,1
frankfurter,,🌭,3
frankincense,,🕯️,1
frantic,,😱,2
frappe,,🥤,2
fraternal,,👬,2
fraternity,,👬,2
fraternization,,👬,1
fraternize,,👬,1
fratricide,,⚔️,1
fraud,,🚨,2
fraudulence,,🚨,1
fraudulent,,🚨,1
fraught,,😰,1
fray,,🧵,2
frazzle,,😩,1
freak,,😱,1
freakish,,😱,1
freaky,,👻,1
freckle,,🟤,2
free,,🆓,2
freebie,,🎁,2
freebooter,,☠️,1
freedman,,⛓️,1
freedom,,🕊️,2
freelance,,💻️,2
freeman,,🆓,1
freethinker,,🧠,1
freewheeling,,🚲️,1
freeze,,❄️,3
freezer,,🧊,3
freight,,🚛,2
freighter,,🚢,2
frenetic,,😵,1
frenzied,,😱,1
frenzy,,😱,2
frequency,,📻️,2
frequent,,🔁,1
fresco,,🖼️,1
fresh,,🌱,2
freshen,,🌬️,1
freshman,,🎓️,1
fret,,😟,2
fretful,,😟,1
friable,,🧂,1
friar,,🙏,2
fricassee,,🍲,2
friction,,🔥,2
fridge,,🧊,3
fried,,🍳,2
friend,,🤝,3
friendless,,😢,1
friendly,,😊,2
friendship,,🤝,3
fries,,🍟,3
frieze,,🖼️,1
frigate,,🚢,2
fright,,😱,2
frighten,,😱,2
frightened,,😱,3
frightening,,😱,2
frightful,,😱,1
frigid,,🥶,2
frigidity,,🥶,1
frill,,🎀,1
frilly,,🎀,2
fringe,,✂️,1
frippery,,🎀,1
frisk,,🤲,1
frisky,,😜,1
fritter,,🍤,2
frivolity,,🎉,1
frivolous,,🎈,1
frizz,,〰️,1
frizzle,,〰️,1
frizzy,,〰️,1
fro,,➡️,1
frock,,👗,2
frog,,🐸,3
frogman,,🤿,2
frolic,,🐇,1
frolicsome,,🐇,1
from,,➡️,1
frond,,🌿,2
front,,➡️,2
frontage,,🏠️,1
frontal,,🧠,1
frontier,,🗺️,2
frontiersman,,🤠,1
frost,,❄️,3
frosting,,🧁,2
frosty,,❄️,2
froth,,🫧,2
frothy,,🫧,2
frown,,🙁,3
frowzy,,😖,1
froze,,🧊,2
frozen,,🧊,3
fructose,,🍬,1
frugal,,💰️,2
frugality,,💰️,1
fruit,,🍎,3
fruitful,,🍎,2
fruition,,✅️,1
fruitless,,❌️,1
fruity,,🍓,2
frump,,👵,1
frumpy,,👵,1
frustrate,,😤,2
frustrated,,😤,3
frustrating,,😤,2
frustration,,😤,2
fry,,🍳,3
fryer,,🍳,2
fuchsia,,🌸,1
fuck,,🖕,2
fucker,,🖕,1
fucking,,🖕,1
fuddle,,😵,1
fudge,,🍫,3
fuel,,⛽️,3
fugitive,,🏃,2
fugue,,🎼,1
fulcra,,⚖️,1
fulcrum,,⚖️,2
fulfil,,✅️,1
fulfill,,✅️,2
fulfillment,,✅️,1
full,,🈵,2
fully,,💯,1
fulminate,,💥,1
fulmination,,💥,1
fulsome,,🤢,1
fumble,,🤦,2
fume,,😤,2
fumes,,💨,2
fumigate,,🐛,1
fumigation,,🐛,1
fun,,🎉,2
function,,⚙️,2
functional,,⚙️,2
functionary,,💼,1
fund,,💰️,2
fundamental,,🧱,1
fundamentalism,,📖,1
fundamentalist,,📖,1
funeral,,⚰️,3
funereal,,⚰️,2
fungal,,🍄,2
fungi,,🍄,3
fungicide,,🍄,1
fungous,,🍄,1
fungus,,🍄,3
funicular,,🚡,2
funk,,🎷,1
funky,,🎷,1
funnel,,🌪️,2
funnies,,😂,1
funny,,😂,3
fur,,🦊,2
furbish,,✨️,1
furious,,😡,3
furl,,🚩,1
furlong,,📏,1
furlough,,💼,1
furnace,,🔥,3
furnish,,🛋️,1
furnishings,,🛋️,2
furniture,,🛋️,3
furor,,😡,1
furrier,,🦫,1
furrow,,🌾,1
furry,,🐾,2
further,,➡️,1
furtherance,,➡️,1
furthest,,➡️,1
furtive,,🕵️,1
fury,,😡,2
fuse,,🧨,2
fuselage,,✈️,1
fusible,,🔥,1
fusillade,,💥,1
fusion,,⚛️,2
fuss,,😤,1
fussy,,😤,2
fusty,,👃,1
futile,,🤷,1
futility,,🤷,1
futon,,🛏️,3
future,,🔮,3
futuristic,,🚀,2
fuze,,🧨,1
fuzz,,🧶,1
fuzzy,,🧶,2
gab,,🗣️,1
gabardine,,🧥,1
gabble,,🗣️,1
gabby,,🗣️,1
gaberdine,,🧥,1
gable,,🏠️,1
gad,,😲,1
gadabout,,🚶,1
gadget,,📱,3
gadgetry,,📱,2
gaff,,🎣,1
gaffe,,😳,2
gag,,🤐,2
gage,,🎫,1
gaggle,,🦢,2
gaiety,,🎉,1
gaily,,🎉,1
gain,,📈,2
gainful,,💰️,1
gait,,🚶,2
gaiter,,🥾,1
gal,,👧,1
gala,,🎉,2
galactic,,🌌,2
galaxy,,🌌,3
gale,,🌬️,2
gall,,😤,1
gallant,,🤴,1
gallantry,,🤴,1
gallbladder,,🫀,1
galleon,,🚢,2
gallery,,🖼️,3
galley,,🚢,2
gallivant,,🚶,1
gallon,,🛢️,2
gallop,,🐎,3
gallows,,🪢,2
gallstone,,🪨,1
galore,,🎉,1
galosh,,👢,1
galvanize,,⚡️,1
galvanometer,,🧲,1
gambit,,♟️,2
gamble,,🎲,3
gambling,,🎲,3
gambol,,🐇,1
game,,🎮️,3
gamesmanship,,🎮️,1
gamete,,🧬,1
gamin,,🧒,1
gamma,,🔤,1
gamut,,🌈,1
gamy,,🍖,1
gander,,🦢,2
gang,,👥,2
ganglia,,🧠,1
gangling,,🚶,1
ganglion,,🧠,1
gangly,,🚶,1
gangrene,,🦠,1
gangrenous,,🦠,1
gangster,,🕴️,3
gannet,,🐦️,2
gantlet,,⛓️,1
gantry,,🏗️,2
gaol,,🔒️,2
gap,,↔️,2
gape,,😮,2
garage,,🚗,3
garb,,👕,1
garbage,,🗑️,3
garble,,🔀,1
garden,,🌷,3
gardenia,,🌸,1
gargantuan,,🐘,1
gargle,,🚿,2
gargoyle,,🗿,2
garish,,🌈,1
garland,,💐,2
garlic,,🧄,3
garlicky,,🧄,2
garment,,👕,2
garner,,🤲,1
garnet,,💎,2
garnish,,🌿,2
garnishee,,💼,1
garret,,🏠️,1
garrison,,🏰,2
garrotte,,⛓️,1
garrulity,,🗣️,1
garrulous,,🗣️,2
garter,,🧦,2
gas,,⛽️,2
gaseous,,💨,1
gash,,🩸,2
gasket,,🔧,1
gasohol,,⛽️,1
gasoline,,⛽️,3
gasp,,😲,3
gassy,,💨,2
gastric,,🫃,1
gastritis,,🤢,1
gastronomic,,🍽️,1
gastronomical,,🍽️,1
gastronomy,,🍽️,2
gate,,🚪,3
gather,,🤲,2
gathering,,👥,2
gauche,,😬,1
gaucho,,🤠,2
gaudy,,✨️,1
gauge,,📏,2
gaunt,,🦴,1
gauntlet,,🥊,2
gauze,,🩹,2
gauzy,,🩹,1
gave,,🎁,1
gavel,,🔨,3
gavotte,,💃,1
gawk,,😲,1
gawky,,🚶,1
gay,,🌈,1
gaze,,👀,3
gazebo,,🏠️,2
gazelle,,🦌,3
gazette,,📰,2
gazetteer,,🗺️,1
gear,,⚙️,3
gee,,😲,1
geek,,🤓,3
geese,,🪿,3
geezer,,👴,2
geisha,,👘,2
gel,,🧴,2
gelatin,,🍮,2
gelatine,,🍮,1
gelatinous,,🍮,1
geld,,🐴,1
gelding,,🐴,1
gem,,💎,3
gendarme,,👮,1
gender,,🚻,2
gene,,🧬,3
genealogical,,🌳,1
genealogist,,🌳,1
genealogy,,🌳,2
genera,,🧬,1
general,,🎖️,2
generality,,📋️,1
generalization,,📋️,1
generalize,,📋️,1
generally,,📋️,1
generate,,⚡️,1
generation,,👪️,1
generative,,⚡️,1
generator,,🔌,2
generic,,🏷️,1
generosity,,🎁,2
generous,,🎁,2
geneses,,🧬,1
genesis,,🌱,2
genetic,,🧬,3
geneticist,,🧬,2
genetics,,🧬,3
genial,,😊,2
geniality,,😊,1
genie,,🧞,3
genital,,🍆,1
genitalia,,🍆,1
genitals,,🍆,1
genitive,,🔤,1
genius,,🧠,2
genocide,,⚰️,1
genome,,🧬,2
genre,,🎭️,2
gent,,🤵,1
genteel,,🎩,1
gentian,,🌸,1
gentile,,✝️,1
gentility,,🎩,1
gentle,,🕊️,2
gentleman,,🤵,3
gentlewoman,,👸,2
gentrification,,🏙️,1
gentrify,,🏙️,1
gentry,,🎩,1
genuflect,,🙇,1
genuine,,💯,2
genus,,🧬,1
geodesic,,📐,1
geographer,,🗺️,2
geographic,,🗺️,2
geographical,,🗺️,2
geography,,🗺️,3
geologic,,🪨,1
geological,,🪨,1
geologist,,🪨,2
geology,,🪨,3
geometric,,📐,2
geometrical,,📐,2
geometry,,📐,2
geophysical,,🌍️,1
geophysics,,🌍️,2
geopolitics,,🌍️,2
geothermal,,🌋,2
geranium,,🌸,2
gerbil,,🐹,3
geriatric,,👴,2
geriatrics,,👴,2
germ,,🦠,3
germane,,🔗,1
germanium,,🧪,1
germicidal,,🧴,1
germicide,,🧴,1
germinate,,🌱,3
germination,,🌱,2
gerontology,,👴,2
gerund,,📚️,1
gestation,,🤰,2
gesticulate,,🙌,2
gesticulation,,🙌,2
gesture,,🙋,2
gesundheit,,🤧,2
get,,✋️,1
getup,,👗,1
gewgaw,,💍,1
geyser,,🌋,3
ghastly,,😱,2
gherkin,,🥒,3
ghetto,,🏚️,2
ghost,,👻,3
ghoul,,👻,2
ghoulish,,👻,2
giant,,🗻,2
giantess,,👸,1
gibber,,🗣️,1
gibberish,,🗣️,2
gibbet,,🪓,1
gibbon,,🐒,3
gibe,,😏,1
giblets,,🍗,1
giddy,,😵,2
gift,,🎁,3
gifted,,🌟,2
gig,,🎸,2
gigabyte,,💾,2
gigantic,,🐘,2
giggle,,😆,3
giggly,,😆,2
gigolo,,🕺,1
gild,,✨️,2
gill,,🐟️,2
gilt,,✨️,1
gimcrack,,💍,1
gimlet,,🔧,1
gimmick,,🎪,1
gimmickry,,🎪,1
gimmicky,,🎪,1
gimpy,,🦵,1
gin,,🍸️,2
ginger,,🫚,3
gingerly,,🤏,1
gingham,,🧵,1
gingivitis,,🦷,2
ginkgo,,🌳,1
ginseng,,🌿,2
giraffe,,🦒,3
gird,,🎽,1
girder,,🏗️,2
girdle,,👙,1
girl,,👧,3
girlhood,,👧,1
girlish,,👧,1
girt,,🎽,1
girth,,📏,1
gismo,,⚙️,1
gist,,💡,1
give,,🤲,2
given,,🎁,1
gizmo,,⚙️,2
gizzard,,🐔,1
glacial,,🧊,2
glacier,,🏔️,3
glad,,😊,2
gladden,,😊,1
glade,,🌳,1
gladiator,,⚔️,3
gladiatorial,,⚔️,1
gladioli,,🌸,1
gladiolus,,🌸,2
glamor,,💄,2
glamorize,,✨️,1
glamorous,,💃,2
glamour,,💄,2
glance,,👀,2
gland,,🫀,1
glandular,,🫀,1
glare,,😠,2
glaring,,😠,2
glass,,🥃,3
glassful,,🥛,1
glassy,,🪟,1
glaucoma,,👁️,2
glaze,,🍩,2
glazier,,🪟,1
gleam,,✨️,2
glean,,🌾,1
glee,,😄,2
gleeful,,😄,2
glen,,🏞️,1
glib,,😏,1
glide,,🕊️,2
glider,,🛩️,3
glimmer,,✨️,2
glimpse,,👀,2
glint,,✨️,2
glissando,,🎹,1
glisten,,✨️,2
glitch,,🐛,2
glitter,,✨️,3
glittery,,✨️,2
glitzy,,✨️,2
gloaming,,🌆,1
gloat,,😏,2
glob,,💧,1
global,,🌐,3
globe,,🌐,3
globular,,🔵,1
globule,,💧,1
glockenspiel,,🎹,2
gloom,,🌑,2
gloomy,,😞,2
glop,,💩,1
glorification,,🙌,1
glorified,,🌟,1
glorify,,🙌,1
glorious,,🌟,2
glory,,🌟,2
gloss,,💄,2
glossary,,📖,2
glossy,,✨️,1
glottis,,👄,1
glove,,🧤,3
glow,,✨️,3
glower,,😠,1
glowing,,✨️,2
glucose,,🍬,2
glue,,🧴,3
gluey,,🧴,1
glum,,😞,2
glut,,📦️,1
gluten,,🌾,2
glutinous,,🍡,1
glutton,,🍽️,2
gluttonous,,🍽️,1
gluttony,,🍽️,2
glycerin,,🧴,1
glycerine,,🧴,1
glycerol,,🧴,1
gnarled,,🌳,1
gnash,,😬,1
gnat,,🦟,2
gnaw,,🦷,1
gnome,,🧙,2
gnu,,🐃,1
go,,🚦,2
goad,,👉️,1
goal,,🎯,3
goalie,,🥅,2
goat,,🐐,3
goatee,,🐐,1
gob,,👄,1
gobble,,🦃,2
gobbledegook,,🗣️,1
gobbledygook,,🗣️,1
gobbler,,🦃,1
goblet,,🍷,2
goblin,,👺,2
god,,🙏,2
goddess,,👸,2
godly,,🙏,1
gofer,,🏃,1
goggle,,🥽,2
goggles,,🥽,3
going,,🚶,1
goiter,,🦋,1
goitre,,🦋,1
gold,,🥇,3
golden,,✨️,2
golf,,⛳️,3
golly,,😲,1
gonad,,🫘,1
gondola,,🚡,2
gondolier,,🚣,2
gone,,👋,1
goner,,💀,1
gong,,🔔,2
gonorrhea,,🦠,1
goo,,🟢,1
goober,,🥜,1
good,,👍️,2
goodie,,🍬,1
goodly,,👍️,1
goodness,,🙏,1
goods,,📦️,2
goody,,🍬,1
gooey,,🍯,2
goof,,🤪,2
goofy,,🤪,2
goon,,🥊,1
goop,,🟢,1
goose,,🦢,3
gopher,,🐿️,2
gore,,🩸,2
gorge,,🍽️,2
gorgeous,,😍,2
gorilla,,🦍,3
gorse,,🌿,1
gory,,🩸,2
gosh,,😲,1
gosling,,🐣,2
gospel,,📖,2
gossamer,,🕸️,1
gossip,,🗣️,2
gossipy,,🗣️,1
got,,✋️,1
gotten,,✋️,1
gouge,,🔧,1
goulash,,🍲,2
gourd,,🎃,2
gourmand,,🍽️,2
gourmet,,🍽️,1
gout,,🦶,1
gouty,,🦶,1
govern,,🏛️,2
governess,,🏫,1
government,,🏛️,3
governmental,,🏛️,2
governor,,🏛️,2
governorship,,🏛️,1
gown,,👗,3
grab,,✊️,2
grace,,🙏,2
graceful,,💃,2
graceless,,🚫,1
gracious,,🙏,1
grackle,,🐦️,1
grad,,🎓️,2
gradation,,🎚️,1
grade,,🎓️,2
gradient,,🎚️,2
gradual,,🐢,1
graduate,,🎓️,3
graduation,,🎓️,3
graffiti,,🎨,2
graft,,🌱,1
grain,,🌾,2
grainy,,📻️,1
gram,,⚖️,2
grammar,,📖,2
grammarian,,📖,1
grammatical,,📖,1
gramme,,⚖️,1
granary,,🌾,1
grand,,🏰,1
grandee,,👑,1
grandeur,,🏰,1
grandiloquence,,🗣️,1
grandiloquent,,🗣️,1
grandiose,,🏰,1
grange,,🌾,1
granite,,🪨,3
grannie,,👵,2
granny,,👵,3
granola,,🥣,2
grant,,🎁,1
granular,,🟤,1
granulate,,🟤,1
granulation,,🟤,1
granule,,🟤,1
grape,,🍇,3
graph,,📈,3
graphic,,🎨,2
graphics,,🎨,2
graphite,,✏️,2
graphologist,,✍️,1
graphology,,✍️,1
grapnel,,⚓️,1
grapple,,🤼,2
grasp,,✊️,2
grasping,,🤑,1
grass,,🌱,3
grassy,,🌱,2
grate,,🧀,2
grateful,,🙏,2
gratification,,😊,1
gratify,,😊,1
gratifying,,😊,1
grating,,🔥,1
gratis,,🆓,2
gratitude,,🙏,2
gratuitous,,🆓,1
gratuity,,💵,2
grave,,⚰️,3
gravel,,🪨,2
gravelly,,🪨,1
graven,,⚰️,1
gravitate,,🧲,1
gravitation,,🍎,2
gravitational,,🍎,1
gravity,,🍎,2
gravy,,🍲,2
gray,,🩶,2
grayish,,🩶,1
graze,,🐄,2
grease,,🛢️,2
greasy,,🍟,2
great,,👍️,2
grebe,,🦆,1
greed,,🤑,2
greedy,,🤑,3
green,,🟢,3
greenery,,🌿,3
greenish,,🟢,1
greet,,👋,2
greeting,,👋,2
greetings,,👋,2
gregarious,,🥳,1
gremlin,,👹,2
grenade,,💣️,3
grenadier,,💣️,1
grew,,🌱,1
grey,,🩶,2
grid,,🔲,2
griddle,,🍳,2
grief,,😢,2
grievance,,📝,1
grieve,,😢,2
grievous,,😢,1
griffin,,🦅,1
grill,,🍖,3
grille,,🔲,1
grim,,😠,1
grimace,,😬,3
grime,,💩,1
grimy,,💩,2
grin,,😁,3
grind,,⚙️,2
grinder,,⚙️,2
gringo,,🧑,1
grip,,✊️,2
gripe,,😤,2
grippe,,🤒,1
grisly,,💀,2
grist,,🌾,1
gristle,,🥩,1
gristly,,🥩,1
grit,,🪨,1
grits,,🥣,2
gritty,,🪨,1
grizzled,,🐻,1
grizzly,,🐻,3
groan,,😩,3
grocer,,🛒,2
grocery,,🛒,3
grog,,🍺,1
groggy,,😵,2
groin,,🦴,1
grommet,,⚙️,1
groom,,🤵,3
groove,,🎶,2
groovy,,🎶,1
grope,,🤲,1
gross,,🤢,2
grotesque,,👹,2
grotto,,🕳️,2
grouch,,😠,2
grouchy,,😠,2
ground,,🌍️,2
grounder,,⚾️,1
groundless,,🚫,1
group,,👥,3
groupie,,🎤,1
grouse,,🐦️,1
grout,,🧱,1
grove,,🌳,2
grovel,,🙇,1
grow,,🌱,2
growl,,😾,2
grown,,🌱,1
growth,,📈,2
grub,,🐛,2
grubby,,🧼,1
grudge,,😒,2
gruel,,🥣,2
grueling,,😩,1
gruesome,,🩸,2
gruff,,😠,1
grumble,,😒,2
grumpy,,😠,3
grunge,,🎸,1
grungy,,🧼,1
grunt,,🐷,2
guano,,💩,1
guarantee,,✅️,2
guarantor,,✍️,1
guaranty,,✅️,1
guard,,💂,3
guarded,,🛡️,1
guardian,,🛡️,2
guardianship,,🛡️,1
guava,,🍈,2
gubernatorial,,🏛️,1
guerilla,,💂,1
guerrilla,,💂,2
guess,,🤔,2
guest,,🙋,2
guffaw,,😂,2
guidance,,🧭,2
guide,,🧭,3
guild,,🏛️,1
guilder,,💰️,1
guile,,😏,1
guileful,,😏,1
guileless,,😇,1
guillotine,,🔪,2
guilt,,😔,2
guiltless,,😇,1
guilty,,😔,2
guise,,🎭️,2
guitar,,🎸,3
guitarist,,🎸,2
gulag,,🏚️,1
gulch,,🏞️,1
gulf,,🌊,2
gull,,🐦️,2
gullet,,🍽️,1
gullibility,,🤥,1
gullible,,🤥,2
gully,,🏞️,1
gulp,,🥤,2
gum,,🍬,2
gumbo,,🍲,2
gummy,,🍬,2
gumption,,💪,1
gun,,🔫,3
gunk,,🟤,1
gunner,,🔫,1
gunnery,,🔫,1
guppy,,🐠,2
gurgle,,💧,2
gurney,,🛏️,2
guru,,🧘,2
gush,,💦,2
gusher,,💦,1
gushy,,💦,1
gusset,,🧵,1
gust,,💨,2
gusto,,😋,1
gusty,,💨,2
gut,,🫀,1
gutless,,😨,1
gutsy,,💪,1
gutter,,🏠️,2
guttural,,🗣️,1
guy,,🧑,2
guzzle,,🥤,2
gym,,🏋️,3
gymnasia,,🏋️,1
gymnasium,,🏋️,3
gymnast,,🤸,3
gymnastic,,🤸,2
gymnastics,,🤸,3
gynecological,,🩺,1
gynecologist,,🩺,2
gynecology,,🩺,1
gyp,,🤥,1
gypsum,,🪨,1
gypsy,,💃,1
gyrate,,🔄,2
gyration,,🔄,2
gyro,,🌯,3
gyroscope,,🧭,2
ha,,😄,1
haberdasher,,👔,1
haberdashery,,👔,1
habit,,🔁,2
habitability,,🏠️,1
habitable,,🏠️,1
habitat,,🏞️,2
habitation,,🏠️,1
habitual,,🔁,1
habituate,,🔁,1
habituation,,🔁,1
habitue,,🍸️,1
hacienda,,🏡,2
hack,,💻️,2
hacker,,💻️,3
hackle,,🐔,1
hackles,,😠,1
hackney,,🚕,1
hackneyed,,🥱,1
had,,✋️,1
haddock,,🐟️,2
haft,,🔪,1
hag,,🧙,2
haggard,,😩,1
haggle,,💬,2
hah,,😄,1
haiku,,✍️,2
hail,,🧊,3
hair,,💇,3
hairless,,🦲,2
hairy,,💇,2
hake,,🐟️,1
halberd,,🗡️,1
halcyon,,🕊️,1
hale,,💪,1
half,,🍰,1
halibut,,🐟️,2
halitosis,,🦠,1
hall,,🏛️,2
hallelujah,,🙌,2
hallow,,⛪️,1
hallowed,,⛪️,1
hallucinate,,🌀,2
hallucination,,🌀,2
hallucinatory,,🌀,1
hallucinogen,,🍄,2
hallucinogenic,,🍄,1
halo,,😇,3
halogen,,🧪,1
halt,,🛑,3
halter,,👚,1
halting,,🛑,1
halve,,✂️,2
halves,,✂️,2
halyard,,⛵️,1
ham,,🍖,3
hamlet,,🏘️,2
hammer,,🔨,3
hammock,,🏝️,3
hamper,,🧺,3
hamster,,🐹,3
hand,,✋️,3
handful,,✋️,2
handle,,🖐️,2
handsome,,😎,2
handy,,🛠️,2
hang,,🪢,2
hangar,,🛩️,2
hanger,,🧥,2
hanging,,🪢,1
hangman,,🎪,1
hank,,🧶,1
hanker,,😋,1
hankie,,🧻,1
hanky,,🧻,2
hansom,,🐎,1
haphazard,,🎲,1
hapless,,😔,1
happen,,🎲,1
happening,,🎉,1
happy,,😊,3
harangue,,🗣️,2
harass,,😠,1
harassment,,😠,1
harbinger,,🔮,1
harbor,,⚓️,3
hard,,🪨,2
harden,,🪨,1
hardly,,🤏,1
hardy,,💪,1
hare,,🐇,2
harem,,👑,1
hark,,👂️,1
harken,,👂️,1
harlequin,,🎭️,2
harlot,,💃,1
harm,,⚠️,2
harmful,,⚠️,2
harmless,,🕊️,2
harmonic,,🎶,1
harmonica,,🎵,3
harmonious,,🎶,2
harmonization,,🎶,1
harmonize,,🎶,2
harmony,,🎶,3
harness,,🐴,2
harp,,🎼,3
harpist,,🎼,2
harpoon,,🔱,2
harpsichord,,🎹,2
harpy,,🦅,1
harridan,,😠,1
harrow,,🚜,1
harrowing,,😰,1
harry,,😠,1
harsh,,😠,1
hart,,🦌,1
harvest,,🌾,3
has,,✋️,1
hash,,🔢,1
hashish,,🌿,1
hasp,,🔒️,1
hassle,,😩,2
hassock,,🪑,1
haste,,🏃,2
hasten,,🏃,2
hasty,,🏃,2
hat,,🎩,3
hatch,,🐣,3
hatchery,,🐟️,2
hatchet,,🪓,3
hate,,💔,3
hateful,,💢,2
hath,,✋️,1
hatred,,💢,2
hatter,,🎩,1
haughty,,😤,2
haul,,🚛,2
haunch,,🦵,1
haunt,,👻,2
haunting,,👻,2
hauteur,,😤,1
have,,✋️,1
haven,,⛺️,2
havoc,,💥,2
haw,,🐴,1
hawk,,🦅,3
hawser,,⛓️,1
hay,,🌾,3
hazard,,⚠️,3
hazardous,,⚠️,3
haze,,🌫️,3
hazel,,🌰,2
hazy,,🌫️,3
he,,🙋,1
head,,🗣️,2
heading,,➡️,1
headless,,👻,1
heady,,🥴,1
heal,,💊,2
health,,💪,2
healthful,,🥗,1
healthy,,🥗,3
heap,,📚️,2
hear,,👂️,3
heard,,👂️,1
hearing,,👂️,2
hearken,,👂️,1
hearse,,🚗,2
heart,,❤️,3
hearten,,❤️,1
hearth,,🔥,2
heartily,,😋,1
hearty,,😋,1
heat,,🔥,3
heated,,🔥,2
heater,,🔥,2
heath,,🌿,1
heathen,,🙏,1
heather,,🌸,1
heave,,💪,1
heaven,,😇,3
heavenly,,😇,2
heavenward,,⬆️,1
heavy,,🏋️,2
heck,,😤,1
heckle,,📣,1
hectare,,📏,1
hectic,,😵,2
hector,,😠,1
hedge,,🌳,3
hedgerow,,🌳,2
hedonism,,🍷,1
hedonist,,🍷,1
hedonistic,,🍷,1
heed,,👂️,1
heedful,,👂️,1
heedless,,🙉,1
heehaw,,🐴,2
heel,,👠,2
heft,,⚖️,1
hefty,,💪,2
hegemony,,👑,1
heifer,,🐄,2
height,,📏,2
heighten,,📏,1
heinous,,😈,2
heir,,👑,1
heiress,,👑,1
heirloom,,🏺,2
heist,,🦹,2
held,,✋️,1
helices,,🌀,1
helicopter,,🚁,3
heliotrope,,🌸,1
heliport,,🚁,2
helium,,🎈,3
helix,,🌀,2
hell,,🔥,2
hellion,,😈,1
hellish,,🔥,1
hello,,👋,3
helm,,🚢,2
helmet,,🪖,3
helmsman,,🚢,1
help,,🆘,3
helpful,,🤝,2
helping,,🍽️,1
helpless,,😢,1
hem,,🧵,1
hematology,,🩸,1
hemisphere,,🌐,2
hemispheric,,🌐,1
hemispherical,,🌐,1
hemoglobin,,🩸,1
hemophilia,,🩸,1
hemophiliac,,🩸,1
hemorrhage,,🩸,2
hemorrhoid,,🍑,1
hemorrhoids,,🍑,1
hemp,,🌿,2
hen,,🐔,3
hence,,➡️,1
henchman,,🦹,2
henna,,🌿,1
hepatitis,,🦠,1
heptagon,,🔷,2
her,,👩,1
herald,,📯,1
heraldic,,🛡️,1
heraldry,,🛡️,1
herb,,🌿,3
herbaceous,,🌿,1
herbal,,🌿,2
herbalist,,🌿,1
herbicide,,🧪,2
herbivore,,🦌,2
herbivorous,,🦌,1
herculean,,💪,2
herd,,🐄,3
herdsman,,🤠,1
here,,📍,2
hereditary,,🧬,2
heredity,,🧬,2
heresy,,😈,1
heretic,,😈,1
heretical,,🚫,1
heritage,,🏛️,2
hermaphrodite,,⚧️,2
hermaphroditic,,⚧️,1
hermetic,,🔒️,1
hermit,,🧙,2
hermitage,,⛪️,2
hernia,,🏥,1
hero,,🦸,3
heroic,,🦸,2
heroics,,🦸,2
heroin,,💉,2
heroine,,🦸,3
heroism,,🦸,2
heron,,🐦️,3
herpes,,🦠,1
herring,,🐟️,3
hers,,👩,1
hertz,,📡,1
hesitancy,,😬,2
hesitant,,😬,2
hesitate,,😬,2
hesitation,,😬,2
heterogeneity,,🧩,1
heterogeneous,,🧩,1
heterosexual,,💑,2
heterosexuality,,💑,1
heuristic,,🧠,1
hew,,🪓,2
hewn,,🪓,2
hex,,🔢,1
hexagon,,🔶,2
hexagonal,,🔶,1
hexameter,,📏,1
hey,,👋,3
hi,,👋,3
hiatus,,⏸️,2
hibachi,,🍳,3
hibernate,,🐻,2
hibernation,,🐻,2
hibiscus,,🌺,3
hiccough,,😵,1
hiccup,,😵,2
hick,,🌾,1
hickey,,😘,1
hickory,,🌳,2
hid,,🙈,2
hidden,,🙈,2
hide,,🙈,3
hideous,,🤢,2
hierarchical,,🏢,1
hierarchy,,🏢,2
hieroglyphic,,🗿,2
high,,⬆️,2
highfalutin,,🎩,1
highly,,⬆️,1
highness,,👑,2
hike,,🥾,3
hilarious,,😂,3
hilarity,,😂,2
hill,,⛰️,3
hillock,,⛰️,2
hilly,,⛰️,2
hilt,,🗡️,2
him,,👨,2
hind,,🦌,1
hinder,,🚧,2
hindrance,,🚧,2
hinge,,🚪,2
hint,,💡,2
hinterland,,🌄,1
hip,,🕺,2
hippie,,✌️,2
hippo,,🦛,3
hippopotami,,🦛,3
hippopotamus,,🦛,3
hippy,,🦛,1
hire,,🤝,2
hireling,,👷,1
hirsute,,🧔,2
his,,👨,1
hiss,,🐍,2
historian,,📜,2
historic,,🏛️,2
historical,,🏛️,2
history,,📜,2
histrionic,,🎭️,2
histrionics,,🎭️,2
hit,,👊,3
hitch,,🚚,2
hither,,➡️,1
hive,,🐝,3
hives,,😷,1
ho,,🎅,1
hoagie,,🥪,3
hoard,,📦️,2
hoarfrost,,❄️,2
hoarse,,🗣️,2
hoary,,👴,1
hoax,,🎭️,2
hob,,🔥,1
hobble,,🦯,2
hobby,,🎨,2
hobbyist,,🎨,2
hobnob,,🍾,1
hobo,,🚶,1
hock,,🍖,1
hockey,,🏒,3
hod,,🧱,1
hodgepodge,,🥘,2
hoe,,🪓,2
hog,,🐖,3
hogan,,🏠️,1
hoggish,,🐖,1
hoist,,🏋️,2
hokey,,🙄,1
hokum,,🙄,1
hold,,🤲,2
holder,,🖐️,1
holding,,🤲,2
hole,,🕳️,3
holiday,,🎉,3
holiness,,😇,1
holistic,,🌿,1
holler,,📣,2
hollow,,🕳️,2
holly,,🌿,2
hollyhock,,🌸,1
holocaust,,🔥,1
hologram,,👻,2
holographic,,👻,1
holography,,👻,1
holster,,🔫,2
holy,,😇,2
homage,,🙏,2
homburg,,🎩,1
home,,🏠️,3
homeless,,🏚️,2
homely,,🏠️,1
homeopathic,,💊,1
homeopathy,,💊,1
homer,,⚾️,2
homeward,,🏠️,1
homewards,,🏠️,1
homey,,🏠️,2
homicidal,,🔪,2
homicide,,🔪,2
homily,,📖,1
hominy,,🌽,1
homogeneity,,🧩,1
homogeneous,,🧩,1
homogenize,,🥛,1
homograph,,🔤,1
homonym,,🔤,1
homophobia,,🚫,1
homophone,,🔤,1
homosexual,,🌈,1
homosexuality,,🌈,1
hone,,🔪,1
honest,,🤝,2
honesty,,🤝,2
honey,,🍯,3
honeyed,,🍯,1
honk,,📯,2
honor,,🏅,2
honorable,,🏅,2
honoraria,,💰️,1
honorarium,,💰️,1
honorary,,🏅,1
honorific,,🏅,1
hood,,🧥,2
hoodlum,,🥷,1
hooey,,🙄,1
hoof,,🐴,2
hook,,🪝,3
hookah,,💨,2
hooked,,🪝,1
hooker,,🚦,1
hooky,,🚸,1
hooligan,,🥷,1
hoop,,⭕️,2
hoopla,,🎉,1
hooray,,🎉,2
hoot,,🦉,2
hooves,,🐴,2
hop,,🐇,2
hope,,🤞,2
hopeful,,🤞,2
hopefully,,🤞,1
hopeless,,😞,2
hopper,,🦗,1
horde,,👥,2
horizon,,🌅,3
horizontal,,➡️,2
hormonal,,🧬,1
hormone,,🧬,1
horn,,📯,3
hornet,,🐝,2
hornless,,🐄,1
horny,,😏,1
horology,,⌚️,1
horoscope,,♈️,2
horrendous,,😱,2
horrible,,😱,2
horrid,,😱,2
horrific,,😱,2
horrify,,😱,2
horrifying,,😱,2
horror,,😱,3
horse,,🐴,3
horsemanship,,🐴,1
horsewoman,,🐴,1
horsey,,🐴,1
horsy,,🐴,1
horticultural,,🌱,1
horticulture,,🌱,2
horticulturist,,🌱,1
hosanna,,🙏,1
hose,,🚿,2
hosiery,,🧦,2
hospitable,,🤗,1
hospital,,🏥,3
hospitality,,🤗,2
hospitalization,,🏥,1
hospitalize,,🏥,1
host,,🎤,2
hostage,,⛓️,2
hostel,,🏨,2
hostelry,,🏨,1
hostess,,💁,2
hostility,,😠,2
hot,,🔥,3
hotel,,🏨,3
hotelier,,🏨,1
hound,,🐕️,2
hour,,⏰️,2
hourly,,⏰️,2
house,,🏠️,3
housing,,🏘️,2
hove,,⛵️,1
hovel,,🛖,2
hover,,🚁,2
how,,❓️,1
howdy,,🤠,2
howitzer,,💣️,2
howl,,🐺,2
howler,,🐺,1
howling,,🐺,2
hub,,🔌,2
hubbub,,🗣️,1
hubby,,🤵,2
hubris,,😤,1
huckster,,🤥,1
huddle,,🤗,2
hue,,🎨,2
huff,,😤,2
huffy,,😤,2
hug,,🤗,3
huge,,🐘,2
huh,,🤔,2
hula,,💃,2
hulk,,💪,2
hulking,,💪,1
hull,,🚢,2
hullabaloo,,🗣️,1
hum,,🎵,2
human,,🧑,3
humane,,❤️,1
humanism,,🧑,1
humanist,,🧑,1
humanistic,,🧑,1
humanitarian,,🤝,1
humanitarianism,,🤝,1
humanity,,🌍️,2
humanization,,🧑,1
humanize,,🧑,1
humanly,,🧑,1
humanoid,,🤖,2
humble,,🙇,2
humdinger,,💥,1
humerus,,🦴,2
humid,,💦,2
humidify,,💦,1
humidity,,💦,2
humiliate,,😳,2
humiliating,,😳,2
humiliation,,😳,2
humility,,🙇,2
hummock,,⛰️,1
humongous,,🐘,2
humor,,😂,2
humorist,,😂,1
humorless,,😐️,1
humorous,,😂,2
humour,,😂,2
hump,,🐫,2
humus,,🌱,1
hunch,,🤔,2
hundred,,💯,3
hundredth,,💯,1
hung,,🖼️,1
hunger,,🍽️,2
hungry,,🍽️,2
hunk,,🍖,1
hunker,,🧎,1
hunt,,🏹,2
hunter,,🏹,3
hunting,,🏹,2
huntress,,🏹,2
huntsman,,🏹,1
hurdle,,🏃,2
hurl,,🤮,1
hurrah,,🎉,2
hurray,,🎉,2
hurricane,,🌀,3
hurried,,🏃,2
hurry,,🏃,2
hurt,,🤕,3
hurtful,,💔,2
hurtle,,💨,1
husband,,🤵,3
husbandry,,🚜,1
hush,,🤫,2
husk,,🌽,1
husky,,🐺,2
hussy,,💃,1
hustings,,🗳️,1
hustle,,🏃,2
hut,,🛖,3
hutch,,🐇,2
hyacinth,,🌸,2
hybrid,,🔀,2
hybridize,,🔀,1
hydra,,🐍,2
hydrangea,,🌸,2
hydrant,,🚒,3
hydrate,,💧,2
hydraulic,,🔧,1
hydraulics,,🔧,1
hydrocarbon,,⛽️,1
hydroelectric,,⚡️,1
hydrofoil,,🚤,1
hydrogen,,🧪,2
hydrology,,💧,1
hydrophobia,,💧,1
hydroplane,,🚤,1
hydroponics,,🌱,1
hydrotherapy,,💧,1
hyena,,🐆,2
hygiene,,🧼,2
hygienic,,🧼,2
hygienist,,🦷,1
hygrometer,,💧,1
hymen,,🩹,1
hymn,,🎵,2
hymnal,,📖,1
hype,,🔥,2
hyper,,⚡️,2
hyperactive,,⚡️,2
hyperactivity,,⚡️,1
hyperbola,,📈,1
hyperbole,,🗣️,1
hyperbolic,,📈,1
hypercritical,,😤,1
hypersensitive,,😖,1
hypertension,,💢,1
hyperventilate,,😰,2
hyphen,,➖️,2
hyphenate,,➖️,1
hyphenation,,➖️,1
hypnosis,,😵,2
hypnotic,,😵,2
hypnotism,,😵,1
hypnotist,,🌀,1
hypnotize,,🌀,2
hypo,,💉,1
hypochondria,,🤒,2
hypochondriac,,🤒,2
hypocrisy,,🎭️,2
hypocrite,,🎭️,2
hypocritical,,🎭️,2
hypodermic,,💉,2
hypoglycemia,,🩸,1
hypotenuse,,📐,2
hypothalamus,,🧠,1
hypothermia,,🥶,2
hypotheses,,🧪,1
hypothesis,,🧪,2
hypothesize,,🧪,1
hypothetical,,🤔,1
hysterectomy,,🏥,1
hysteria,,😱,2
hysteric,,😱,1
hysterical,,😂,2
hysterics,,😱,1
i,,👤,1
iambic,,📝,1
ibex,,🐐,2
ibis,,🐦️,2
ibuprofen,,💊,2
ice,,🧊,3
icicle,,🧊,3
icing,,🎂,2
icky,,🤢,2
icon,,🖼️,2
iconoclast,,🔨,1
icy,,❄️,2
id,,🪪,2
idea,,💡,3
ideal,,💯,1
idealism,,💭,1
idealist,,💭,1
idealistic,,💭,1
idealization,,💭,1
idealize,,💭,1
ideally,,💯,1
identical,,👯,2
identifiable,,🔍️,1
identification,,🪪,2
identify,,🔍️,2
identity,,🪪,2
ideogram,,🈺,1
ideological,,💭,1
ideology,,💭,2
idiocy,,🤦,2
idiom,,🗣️,1
idiomatic,,🗣️,1
idiosyncrasy,,🌀,1
idiosyncratic,,🌀,1
idiot,,🤦,2
idiotic,,🤦,2
idle,,😴,2
idol,,🌟,2
idolater,,🙇,1
idolatrous,,🙇,1
idolatry,,🙇,2
idolize,,😍,2
idyll,,🌄,1
idyllic,,🌄,2
if,,❓️,1
iffy,,🤔,2
igloo,,🧊,3
igneous,,🌋,2
ignite,,🔥,3
ignition,,🔥,2
ignoble,,😔,1
ignominious,,😔,1
ignominy,,😔,1
ignoramus,,🤷,1
ignorance,,🙈,2
ignorant,,🙈,2
ignore,,🙉,2
iguana,,🦎,3
ilk,,👥,1
ill,,🤒,3
illegal,,🚫,2
illegality,,🚫,1
illegibility,,✍️,1
illegible,,✍️,2
illegitimacy,,📜,1
illegitimate,,📜,1
illiberal,,🚫,1
illicit,,🚫,2
illiteracy,,📚️,1
illiterate,,📚️,1
illness,,🤒,3
illogical,,🧩,1
illuminate,,💡,2
illumination,,💡,2
illumine,,💡,1
illusion,,🎩,2
illusive,,🎩,1
illusory,,🎩,1
illustrate,,🎨,2
illustration,,🎨,2
illustrative,,🎨,1
illustrator,,🎨,2
illustrious,,🌟,1
image,,🖼️,3
imagery,,🖼️,2
imaginable,,💭,1
imaginary,,🦄,2
imagination,,💭,2
imaginative,,💭,2
imagine,,💭,2
imbalance,,⚖️,2
imbecile,,🤦,1
imbecilic,,🤦,1
imbecility,,🤦,1
imbed,,📌,1
imbibe,,🍷,2
imbroglio,,🌀,1
imbue,,💧,1
imitate,,🎭️,2
imitation,,🎭️,2
imitative,,🎭️,1
immaculate,,✨️,2
immaterial,,👻,1
immature,,👶,2
immaturity,,👶,1
immeasurable,,♾️,1
immediacy,,⏱️,1
immediate,,⏱️,2
immemorial,,📜,1
immense,,🐘,2
immensity,,🐘,1
immerse,,🤿,2
immersion,,🤿,2
immigrant,,🛂,2
immigrate,,🛂,2
immigration,,🛂,2
imminence,,⏰️,1
imminent,,⏰️,2
immobile,,🗿,2
immobility,,🗿,1
immobilization,,🗿,1
immobilize,,🗿,1
immoderate,,⚖️,1
immodest,,😏,1
immodesty,,😏,1
immolate,,🔥,1
immolation,,🔥,1
immoral,,😈,2
immorality,,😈,1
immortal,,♾️,2
immortality,,♾️,2
immortalize,,♾️,1
immovable,,🗿,2
immune,,🛡️,2
immunity,,🛡️,2
immunization,,💉,2
immunize,,💉,2
immunology,,🧬,1
immutability,,🗿,1
immutable,,🗿,1
imp,,😈,2
impact,,💥,3
impacted,,💥,1
impair,,📉,1
impairment,,📉,1
impala,,🦌,2
impale,,🗡️,2
impalpable,,👻,1
impanel,,👥,1
impart,,📢,1
impartial,,⚖️,2
impartiality,,⚖️,2
impassable,,🚧,2
impasse,,🚧,2
impassioned,,🔥,2
impassive,,😐️,2
impassivity,,😐️,1
impatience,,😤,2
impatient,,😤,2
impeach,,⚖️,2
impeachment,,⚖️,2
impeccable,,✨️,2
impecunious,,💸,1
impede,,🚧,2
impediment,,🚧,2
impel,,➡️,1
impend,,⏳️,1
impending,,⏳️,2
impenetrability,,🛡️,1
impenetrable,,🛡️,2
impenitence,,😐️,1
impenitent,,😐️,1
imperative,,❗️,2
imperceptible,,👻,1
imperfect,,❌️,2
imperfection,,❌️,2
imperial,,👑,2
imperialism,,👑,1
imperialist,,👑,1
imperialistic,,👑,1
imperil,,⚠️,2
imperious,,👑,1
imperishable,,♾️,1
impermanent,,⏳️,1
impermeable,,🛡️,1
impersonal,,🤖,2
impersonate,,🎭️,2
impersonation,,🎭️,2
impertinence,,😏,1
impertinent,,😏,1
imperturbable,,😐️,1
impervious,,🛡️,2
impetigo,,🩹,1
impetuosity,,💨,1
impetuous,,💨,2
impetus,,🚀,2
impiety,,😇,1
impinge,,🚧,1
impingement,,🚧,1
impious,,😈,1
impish,,😈,2
implacability,,😤,1
implacable,,😤,1
implant,,🦷,2
implausibility,,🤨,1
implausible,,🤨,2
implement,,🔧,2
implementation,,🔧,1
implicate,,👉️,1
implication,,➡️,1
implicit,,🤫,1
implode,,💥,2
implore,,🙏,2
implosion,,💥,2
imply,,👉️,1
impolite,,😒,2
impolitic,,😒,1
imponderable,,🤔,1
import,,📥️,2
importance,,❗️,2
important,,❗️,2
importation,,📥️,1
importunate,,🙏,1
importune,,🙏,1
importunity,,🙏,1
impose,,👊,1
imposing,,🏔️,2
imposition,,👊,1
impossibility,,🚫,2
impossible,,🚫,2
imposter,,🎭️,2
impostor,,🎭️,2
imposture,,🎭️,1
impotence,,😔,1
impotent,,😔,1
impound,,🚔️,2
impoverish,,💸,1
impoverishment,,💸,1
impracticable,,🚫,1
impractical,,🚫,2
impracticality,,🚫,1
imprecation,,😡,1
imprecise,,📏,1
imprecision,,📏,1
impregnable,,🏰,2
impregnate,,🤰,2
impregnation,,🤰,1
impresario,,🎭️,1
impress,,😲,2
impression,,🎭️,2
impressionable,,🧒,1
impressionism,,🎨,2
impressionist,,🎨,2
impressionistic,,🎨,1
impressive,,😲,2
imprimatur,,✅️,1
imprint,,🖨️,2
imprison,,🔒️,2
imprisonment,,🔒️,2
improbability,,🤨,1
improbable,,🤨,2
impromptu,,🎤,2
improper,,🚫,2
impropriety,,🚫,1
improve,,📈,2
improvement,,📈,2
improvident,,💸,1
improvisation,,🎷,2
improvise,,🎷,2
imprudence,,🙄,1
imprudent,,🙄,1
impudence,,😏,1
impudent,,😏,1
impugn,,⚔️,1
impulse,,⚡️,2
impulsive,,⚡️,2
impunity,,🛡️,1
impure,,🧪,1
impurity,,🧪,1
imputation,,👉️,1
impute,,👉️,1
in,,➡️,1
inability,,🚫,2
inaccessibility,,🚫,1
inaccessible,,🚫,2
inaccuracy,,❌️,2
inaccurate,,❌️,2
inaction,,🛑,2
inactive,,🛑,2
inactivity,,🛑,1
inadequacy,,👎️,2
inadequate,,👎️,2
inadmissible,,🚫,1
inadvertence,,🤷,1
inadvertent,,🤷,2
inadvisable,,🚫,1
inalienable,,🔒️,1
inane,,🙄,1
inanimate,,🗿,2
inanity,,🙄,1
inapplicable,,🚫,1
inappropriate,,🚫,2
inarticulate,,🤐,2
inattention,,😴,1
inattentive,,😴,2
inaudible,,🔇,2
inaugural,,🎗️,1
inaugurate,,🎗️,2
inauguration,,🎗️,2
inauspicious,,⚠️,1
incalculable,,♾️,1
incandescence,,💡,1
incandescent,,💡,2
incantation,,🔮,2
incapable,,🚫,2
incapacitate,,🤕,1
incapacity,,🚫,1
incarcerate,,⛓️,2
incarceration,,⛓️,2
incarnate,,👼,1
incarnation,,👼,1
incendiary,,🔥,2
incense,,🕯️,2
incentive,,🎁,2
inception,,🌱,1
incessant,,♾️,1
incest,,🚫,1
incestuous,,🚫,1
inch,,📏,2
inchoate,,🌱,1
incidence,,📊,1
incident,,🚨,2
incidental,,➕️,1
incidentally,,➕️,1
incinerate,,🔥,2
incineration,,🔥,2
incinerator,,🔥,2
incipient,,🌱,1
incise,,🔪,2
incision,,🔪,2
incisive,,🔪,1
incisor,,🦷,2
incite,,📢,2
incitement,,📢,1
incivility,,😒,1
inclemency,,🌩️,1
inclement,,🌩️,2
inclination,,📐,1
incline,,📐,2
inclined,,📐,1
inclosure,,📦️,1
include,,➕️,2
including,,➕️,1
inclusion,,➕️,1
inclusive,,🤝,2
incognito,,🕵️,2
incoherence,,😵,2
incoherent,,😵,2
income,,💵,2
incoming,,📥️,2
incommensurate,,⚖️,1
incommunicado,,🤐,2
incomparable,,🚫,1
incompatibility,,🚫,1
incompatible,,🚫,2
incompetence,,🙅,1
incompetent,,🙅,2
incomplete,,➖️,1
inconceivable,,🤯,1
inconclusive,,❓️,1
incongruity,,🧩,1
incongruous,,🧩,1
inconsequential,,🤷,1
inconsiderable,,🤏,1
inconsiderate,,🙄,2
inconsistency,,🔀,1
inconsistent,,🔀,1
inconsolable,,😭,2
inconspicuous,,🫥,2
inconstancy,,🔀,1
inconstant,,🔀,1
incontestable,,✅️,1
incontinence,,🚽,1
incontinent,,🚽,1
inconvenience,,😣,1
inconvenient,,😣,1
incorporate,,🏢,2
incorporated,,🏢,2
incorporation,,🏢,1
incorrect,,❌️,3
incorrigible,,😈,1
incorruptible,,🛡️,1
increase,,📈,3
increasingly,,📈,2
incredibility,,😲,1
incredible,,😲,2
incredulity,,😲,2
incredulous,,😲,2
increment,,➕️,2
incremental,,➕️,1
incriminate,,👉️,1
incrimination,,👉️,1
incrustation,,🧊,1
incubate,,🥚,3
incubation,,🥚,2
incubator,,🥚,3
inculcate,,🧠,1
inculcation,,🧠,1
incumbency,,🏛️,1
incumbent,,🏛️,2
incur,,💳️,1
incurable,,🚫,1
incurious,,😐️,1
incursion,,⚔️,2
indebted,,💳️,2
indecency,,🙈,1
indecent,,🙈,2
indecipherable,,🔡,1
indecision,,🤔,2
indecisive,,🤔,2
indecorous,,🙈,1
indeed,,✅️,1
indefatigable,,💪,1
indefensible,,🛡️,1
indefinable,,❓️,1
indefinite,,❓️,1
indelible,,🖊️,2
indelicacy,,🙊,1
indelicate,,🙊,1
indemnification,,📜,1
indemnify,,📜,1
indemnity,,📜,1
indent,,➡️,2
indentation,,➡️,1
indenture,,📜,1
independence,,🕊️,2
independent,,🕊️,2
indescribable,,🤷,1
indestructible,,🛡️,2
indeterminable,,❓️,1
indeterminate,,❓️,1
index,,📇,3
indicate,,👉️,3
indication,,👉️,2
indicative,,👉️,1
indicator,,👉️,2
indices,,📇,1
indict,,⚖️,2
indictable,,⚖️,1
indictment,,⚖️,2
indifference,,😐️,3
indifferent,,😐️,3
indigence,,💸,1
indigenous,,🌿,2
indigent,,💸,2
indigestible,,🤢,1
indigestion,,🤢,2
indignant,,😤,2
indignation,,😤,2
indignity,,😤,1
indigo,,🟣,2
indirect,,↪️,2
indiscreet,,🤐,1
indiscretion,,🤫,1
indiscriminate,,🎲,1
indispensable,,🔑,1
indisposed,,🤒,2
indisposition,,🤒,1
indisputable,,✅️,1
indissoluble,,🔗,1
indistinct,,🌫️,2
individual,,🧍,2
individualism,,🧍,1
individualist,,🧍,1
individualistic,,🧍,1
individuality,,🧍,1
individualize,,🧍,1
indivisible,,🚫,1
indoctrinate,,🧠,1
indoctrination,,🧠,1
indolence,,🛌,2
indolent,,🛌,2
indomitable,,💪,2
indorse,,✍️,1
indubitable,,✅️,1
induce,,➡️,1
inducement,,🎁,1
induct,,⛪️,1
inductee,,🎖️,1
induction,,⚡️,1
inductive,,⚡️,1
indulge,,🍰,2
indulgence,,🍰,2
indulgent,,🍰,2
industrial,,🏭️,3
industrialism,,🏭️,2
industrialist,,🏭️,2
industrialize,,🏭️,2
industrious,,💪,2
industry,,🏭️,2
inebriate,,🍺,2
inebriated,,🍺,3
inebriation,,🍺,2
inedible,,🚫,2
ineducable,,📚️,1
ineffable,,🤐,1
ineffective,,🚫,2
ineffectual,,🚫,2
inefficiency,,🐌,1
inefficient,,🐌,2
inelegant,,🙈,1
ineligibility,,🚫,1
ineligible,,🚫,2
ineluctable,,⛓️,1
inept,,🙅,2
ineptitude,,🙅,1
inequality,,⚖️,2
inequitable,,⚖️,1
inequity,,⚖️,2
inert,,💤,2
inertia,,💤,2
inertial,,💤,1
inescapable,,⛓️,1
inessential,,🗑️,1
inestimable,,💎,1
inevitability,,⏳️,1
inevitable,,⏳️,2
inexact,,❓️,1
inexcusable,,🚫,1
inexhaustible,,🔋,1
inexorable,,⏩️,1
inexpedient,,🚫,1
inexpensive,,💲,2
inexperience,,🐣,2
inexpert,,🐣,1
inexplicable,,❓️,2
inexpressible,,🤐,1
inextricable,,🔗,1
infallibility,,✅️,1
infallible,,✅️,2
infamous,,😈,2
infamy,,😈,2
infancy,,👶,2
infant,,👶,3
infanticide,,👶,1
infantile,,👶,2
infantry,,🪖,2
infantryman,,🪖,2
infatuate,,😍,1
infatuated,,😍,3
infatuation,,😍,2
infect,,🦠,3
infection,,🦠,3
infectious,,🦠,3
infelicitous,,🙁,1
infelicity,,🙁,1
infer,,🤔,2
inference,,🤔,2
inferential,,🤔,1
inferior,,👎️,2
inferiority,,👎️,2
infernal,,🔥,2
inferno,,🔥,3
infertile,,🚫,2
infertility,,🚫,2
infest,,🐛,2
infestation,,🐛,3
infidel,,🚫,1
infidelity,,💔,2
infield,,⚾️,2
infighting,,🥊,2
infiltrate,,🕵️,2
infiltration,,🕵️,2
infinite,,♾️,3
infinitesimal,,🔬,1
infinitive,,📖,1
infinitude,,♾️,2
infinity,,♾️,3
infirm,,🤒,2
infirmary,,🏥,2
infirmity,,🤒,2
inflame,,🔥,2
inflammable,,🔥,2
inflammation,,🔥,2
inflammatory,,🔥,2
inflatable,,🎈,3
inflate,,🎈,3
inflation,,📈,2
inflationary,,📈,1
inflect,,🗣️,1
inflection,,🗣️,1
inflectional,,🗣️,1
inflexibility,,🚫,1
inflexible,,🚫,2
inflict,,💥,2
infliction,,💥,1
inflorescence,,🌸,2
influence,,🧲,2
influential,,🧲,2
influenza,,🤒,2
influx,,📥️,2
info,,ℹ️,3
infomercial,,📺️,2
inform,,🗣️,2
informal,,👕,1
informality,,👕,1
informant,,🕵️,2
information,,ℹ️,3
informative,,ℹ️,2
informed,,🧠,1
informer,,🕵️,2
infraction,,🚫,2
infrared,,🔴,2
infrastructure,,🏗️,2
infrequency,,📉,1
infrequent,,📉,1
infringe,,🚫,2
infringement,,🚫,2
infuriate,,😡,3
infuriating,,😡,3
infuse,,🍵,2
infusion,,🍵,2
ingenious,,💡,2
ingenue,,🎭️,1
ingenuity,,💡,2
ingenuous,,😇,1
ingest,,🍽️,2
ingestion,,🍽️,2
inglorious,,😳,1
ingot,,🧱,2
ingrained,,🌳,1
ingrate,,🙄,1
ingratiate,,🙇,1
ingratiating,,🙇,1
ingratitude,,🙄,1
ingredient,,🥕,3
ingress,,🚪,1
inhabit,,🏠️,2
inhabitable,,🏠️,1
inhabitant,,🧍,2
inhalant,,💨,1
inhalation,,💨,2
inhalator,,💨,1
inhale,,💨,3
inhaler,,💨,3
inherent,,🧬,1
inherit,,🏛️,2
inheritance,,💰️,2
inhibit,,🚫,2
inhibited,,🚫,1
inhibition,,🚫,2
inhospitable,,🥶,1
inhuman,,🤖,1
inhumane,,😢,1
inhumanity,,😢,1
inimical,,⚔️,1
inimitable,,✨️,1
iniquitous,,😈,1
iniquity,,😈,1
initial,,🔤,2
initiate,,🚀,2
initiation,,🚀,1
initiative,,🚀,2
inject,,💉,3
injection,,💉,3
injunction,,⚖️,2
injure,,🤕,3
injurious,,🤕,2
injury,,🤕,3
injustice,,⚖️,2
ink,,🖋️,3
inkling,,💭,2
inky,,⚫️,2
inlaid,,💎,1
inland,,🏞️,1
inlay,,💎,1
inlet,,🌊,2
inmate,,🔒️,2
inmost,,🎯,1
inn,,🏨,3
innards,,🫀,2
innate,,🧬,2
inner,,🎯,1
inning,,⚾️,3
innocence,,😇,2
innocent,,😇,3
innocuous,,🙂,1
innovate,,💡,2
innovation,,💡,3
innovative,,💡,2
innuendo,,😏,2
innumerable,,🔢,1
inoculate,,💉,3
inoculation,,💉,3
inoffensive,,🙂,1
inoperable,,🚫,1
inoperative,,🚫,1
inopportune,,⏰️,1
inordinate,,⚠️,1
inorganic,,⚗️,1
input,,⌨️,2
inquest,,⚖️,1
inquietude,,😟,1
inquire,,❓️,2
inquiry,,❓️,2
inquisition,,⚖️,1
inquisitive,,🤔,2
insane,,🤪,2
insanity,,🤪,2
insatiable,,🍽️,1
inscribe,,✍️,2
inscription,,✍️,2
inscrutable,,😐️,1
insect,,🐛,3
insecticide,,🐛,2
insectivore,,🐛,1
insectivorous,,🐛,1
insecure,,😟,2
insecurity,,😟,2
inseminate,,🌱,1
insemination,,🌱,1
insensate,,😶,1
insensibility,,😶,1
insensible,,😶,1
insensitive,,😐️,2
insensitivity,,😐️,1
insentient,,🪨,1
inseparable,,🔗,2
insert,,➕️,2
insertion,,➕️,1
insidious,,🐍,1
insight,,💡,3
insightful,,💡,2
insignia,,🎖️,2
insignificance,,🤏,1
insignificant,,🤏,2
insincere,,🎭️,2
insincerity,,🎭️,2
insinuate,,🤫,1
insinuation,,🤫,1
insipid,,😑,1
insist,,☝️,2
insistence,,☝️,1
insistent,,☝️,1
insole,,👟,1
insolence,,🙄,2
insolent,,🙄,2
insolubility,,🚫,1
insoluble,,🚫,1
insolvency,,💸,2
insolvent,,💸,2
insomnia,,😴,2
insomniac,,😴,2
insouciance,,😎,1
insouciant,,😎,1
inspect,,🔍️,3
inspection,,🔍️,3
inspector,,🕵️,3
inspiration,,💡,3
inspirational,,💡,2
inspire,,💡,2
instability,,🌀,2
install,,⚙️,2
installation,,⚙️,2
installment,,💳️,2
instalment,,💳️,2
instance,,📌,1
instant,,⚡️,2
instantaneous,,⚡️,2
instantly,,⚡️,2
instead,,🔄,1
instigate,,🔥,2
instigation,,🔥,1
instil,,💧,1
instill,,💧,2
instinct,,🐾,2
instinctive,,🐾,2
institute,,🏛️,2
institution,,🏛️,2
institutional,,🏛️,1
instruct,,📋️,2
instruction,,📋️,3
instructional,,📋️,2
instructions,,📋️,3
instructive,,📋️,1
instructor,,🏫,1
instrument,,🎻,3
instrumental,,🎻,2
instrumentalist,,🎻,2
instrumentality,,🎻,1
instrumentation,,🎻,1
insubordinate,,🙅,2
insubordination,,🙅,1
insubstantial,,👻,1
insufferable,,😤,1
insufficiency,,➖️,1
insufficient,,➖️,2
insular,,🏝️,1
insularity,,🏝️,1
insulate,,🧣,2
insulation,,🧣,2
insulin,,💉,2
insult,,🤬,2
insuperable,,🚫,1
insupportable,,🚫,1
insurance,,🛡️,2
insure,,🛡️,2
insured,,🛡️,2
insurgence,,⚔️,1
insurgent,,⚔️,2
insurmountable,,🏔️,2
insurrection,,⚔️,2
insurrectionist,,⚔️,1
intact,,✅️,1
intake,,📥️,2
intangible,,👻,1
integer,,🔢,2
integral,,🧮,2
integrate,,🔗,2
integration,,🔗,2
integrity,,🛡️,2
integument,,🧥,1
intellect,,🧠,3
intellectual,,🧠,2
intelligence,,🧠,3
intelligent,,🧠,3
intelligentsia,,🧠,1
intelligibility,,🗣️,1
intelligible,,🗣️,1
intemperance,,🍷,1
intemperate,,🍷,1
intend,,🎯,2
intended,,🎯,2
intense,,🔥,2
intensification,,🔥,1
intensify,,🔥,2
intensity,,🔥,2
intensive,,🔥,1
intent,,🎯,2
intention,,🎯,2
intentional,,🎯,2
inter,,⚰️,2
interact,,🤝,2
interaction,,🤝,2
interactive,,🤝,2
interbred,,🐕️,1
interbreed,,🐕️,1
intercede,,🤝,1
intercept,,✋️,2
interception,,✋️,2
intercession,,🙏,1
interchange,,🔄,2
interchangeable,,🔄,2
intercollegiate,,🎓️,1
intercom,,📢,3
interconnect,,🔗,2
interconnection,,🔗,2
intercourse,,💞,1
interdependence,,🔗,1
interdependent,,🔗,1
interdict,,🚫,1
interdiction,,🚫,1
interest,,🤩,2
interested,,🤩,2
interesting,,🤩,3
interface,,🖥️,2
interfere,,🙅,2
interference,,🙅,2
interferon,,💉,1
interim,,⏳️,2
interior,,🛋️,3
interject,,💬,2
interjection,,💬,2
interlace,,🧶,1
interlock,,🔗,2
interloper,,🚶,1
interlude,,🎵,1
intermarriage,,💍,1
intermarry,,💍,1
intermediary,,🤝,1
intermediate,,🎚️,2
interment,,⚰️,1
intermezzo,,🎵,1
interminable,,⏳️,1
intermingle,,🔀,1
intermission,,⏸️,3
intermittent,,🔁,2
intern,,📋️,1
internal,,🔍️,2
internalize,,🧠,1
international,,🌍️,3
internecine,,⚔️,1
internist,,🩺,1
internment,,🔒️,2
internship,,💼,2
interpersonal,,🤝,1
interplanetary,,🪐,2
interplay,,🔄,1
interpolate,,🧮,1
interpolation,,🧮,1
interpose,,✋️,1
interposition,,✋️,1
interpret,,🗣️,2
interpretation,,🗣️,2
interpretative,,🗣️,1
interpretive,,🗣️,1
interracial,,🌈,1
interrelate,,🔗,1
interrelated,,🔗,1
interrogate,,❓️,2
interrogation,,❓️,2
interrogative,,❓️,2
interrogatory,,❓️,1
interrupt,,✋️,2
interruption,,✋️,2
interscholastic,,🎓️,1
intersect,,✖️,2
intersection,,🚦,3
intersperse,,🔀,1
interstate,,🛣️,2
interstellar,,🌌,2
interstice,,🔬,1
intertwine,,🧬,2
interurban,,🚉,1
interval,,⏱️,2
intervene,,✋️,2
intervention,,✋️,2
interview,,🎙️,3
interviewee,,🎙️,2
interweave,,🧶,2
interwove,,🧶,1
interwoven,,🧶,1
intestate,,📜,1
intestinal,,🫀,1
intestine,,🫀,2
intimacy,,💞,2
intimate,,💞,2
intimation,,💭,1
intimidate,,😨,2
intimidation,,😨,2
into,,➡️,1
intolerable,,🚫,1
intolerance,,🚫,2
intolerant,,🚫,2
intonation,,🎵,1
intone,,🎵,1
intoxicant,,🍷,1
intoxicate,,🍷,2
intoxication,,🍷,2
intractable,,🐴,1
intramural,,🏫,1
intransigence,,🚫,1
intransigent,,🚫,1
intransitive,,📖,1
intravenous,,💉,2
intrepid,,🦁,2
intricacy,,🧩,1
intricate,,🧩,2
intrigue,,🕵️,2
intriguing,,🧐,2
intrinsic,,🧬,1
intro,,🎬️,2
introduce,,🤝,2
introduction,,🤝,2
introductory,,🤝,1
introspection,,🪞,2
introspective,,🪞,2
introversion,,🙊,1
introvert,,🙊,2
intrude,,🚪,2
intrusion,,🚪,2
intrusive,,🚪,1
intuit,,🔮,1
intuition,,🔮,2
intuitive,,🔮,2
inundate,,🌊,2
inundation,,🌊,2
inure,,🧊,1
invade,,⚔️,2
invalid,,❌️,2
invalidate,,❌️,2
invalidation,,❌️,1
invalidity,,❌️,1
invaluable,,💎,2
invariable,,🔒️,1
invasion,,⚔️,3
invasive,,⚔️,2
invective,,🤬,1
inveigh,,🗣️,1
inveigle,,😏,1
invent,,💡,2
invention,,💡,3
inventive,,💡,2
inventory,,📦️,2
inverse,,🔄,2
inversion,,🔄,2
invert,,🔃,2
invertebrate,,🐌,2
invest,,💰️,2
investigate,,🔍️,3
investigation,,🔍️,3
investigative,,🔍️,2
investiture,,👑,1
investment,,💰️,2
inveterate,,🔁,1
invidious,,😒,1
invigorate,,⚡️,2
invigoration,,⚡️,1
invincibility,,🛡️,1
invincible,,🛡️,2
inviolability,,🔒️,1
inviolable,,🔒️,1
inviolate,,🔒️,1
invisibility,,👻,2
invisible,,👻,3
invitation,,✉️,3
invitational,,✉️,2
invite,,✉️,3
inviting,,😊,2
invocation,,🙏,1
invoice,,🧾,3
invoke,,🪄,2
involuntary,,🙅,1
involve,,🔗,2
involved,,🔗,2
involvement,,🔗,2
invulnerability,,🛡️,1
invulnerable,,🛡️,2
inward,,⬅️,2
inwards,,⬅️,1
iodine,,🧪,2
iodize,,🧪,1
ion,,⚛️,2
ionization,,⚛️,1
ionize,,⚛️,1
ionosphere,,🌌,2
iota,,🤏,1
ipecac,,🤮,1
irascible,,😡,2
irate,,😡,3
ire,,😡,2
iridescence,,🌈,2
iridescent,,🌈,3
iridium,,🧪,1
iris,,👁️,3
irk,,😒,2
irksome,,😒,2
iron,,🔨,3
ironic,,😏,2
ironical,,😏,1
ironing,,🧺,3
irony,,😏,2
irradiate,,☢️,2
irradiation,,☢️,2
irrational,,🤪,2
irrationality,,🤪,1
irreconcilable,,🚫,1
irrecoverable,,🚫,1
irredeemable,,🚫,1
irrefutable,,✅️,1
irregardless,,🚫,1
irregular,,🌀,2
irregularity,,🌀,2
irrelevance,,🤷,1
irrelevant,,🤷,2
irreligious,,🚫,1
irremediable,,🚫,1
irreparable,,💔,2
irreplaceable,,💎,2
irrepressible,,😄,1
irreproachable,,✅️,1
irresistible,,😍,2
irresolute,,🤔,1
irresolution,,🤔,1
irrespective,,🚫,1
irresponsible,,🙅,2
irretrievable,,🚫,1
irreverence,,😜,1
irreverent,,😜,2
irreversible,,🚫,2
irrevocable,,🚫,1
irrigate,,💧,2
irrigation,,💧,3
irritability,,😠,1
irritable,,😠,2
irritant,,😠,2
irritate,,😠,3
irritatingly,,😠,2
irritation,,😠,3
is,,🟰,1
isinglass,,🐟️,1
island,,🏝️,3
islander,,🏝️,2
isle,,🏝️,2
islet,,🏝️,1
ism,,💭,1
isobar,,🌡️,1
isolate,,🏝️,2
isolation,,🏝️,2
isolationism,,🏝️,1
isolationist,,🏝️,1
isometric,,📐,1
isosceles,,📐,2
isotope,,⚛️,2
issuance,,📜,1
issue,,📰,2
isthmus,,🌉,1
it,,🔗,1
italic,,🔤,1
italicize,,🔤,1
italics,,🔤,1
itch,,🦟,2
itchy,,🦟,2
item,,📦️,2
itemize,,📝,2
iterate,,🔁,2
iteration,,🔁,2
itinerant,,🚶,2
itinerary,,🗺️,2
its,,🔗,1
ivory,,🐘,2
ivy,,🌿,3
jab,,👊,2
jabber,,🗣️,2
jack,,🃏,2
jackal,,🐺,2
jackdaw,,🐦️,2
jacket,,🧥,3
jade,,💚,2
jaded,,😑,2
jag,,🗻,1
jagged,,⚡️,2
jaguar,,🐆,3
jail,,🔒️,2
jailer,,🔑,2
jailor,,🔑,2
jalapeno,,🌶️,3
jalopy,,🚗,2
jalousie,,🪟,1
jam,,🍯,2
jamb,,🚪,1
jamboree,,🎪,2
jangle,,🔔,2
janitor,,🧹,2
jar,,🫙,3
jargon,,💬,2
jasmine,,🌸,2
jasper,,💎,2
jaundice,,🤒,2
jaundiced,,🤒,2
jaunt,,🚶,2
jaunty,,🎩,2
javelin,,🥇,2
jaw,,😬,2
jay,,🐦️,3
jazz,,🎷,3
jazzy,,🎷,2
jealous,,😒,3
jealousy,,😒,2
jeans,,👖,3
jeer,,😒,2
jejune,,🥱,1
jell,,🍮,1
jelly,,🍮,2
jeopardize,,⚠️,2
jeopardy,,⚠️,2
jeremiad,,😩,1
jerk,,🙄,2
jerkin,,🦺,1
jerky,,🥩,2
jersey,,👕,2
jest,,😜,2
jester,,🤡,3
jet,,✈️,3
jetsam,,🌊,1
jettison,,🗑️,2
jetty,,🚤,2
jewel,,💎,3
jeweled,,💎,2
jeweler,,💍,2
jeweller,,💍,2
jewelry,,💍,3
jib,,⛵️,1
jibe,,😏,1
jiffy,,⏱️,1
jig,,💃,2
jigger,,🍸️,1
jiggle,,〰️,1
jihad,,⚔️,1
jilt,,💔,2
jimmy,,🔧,1
jingle,,🔔,2
jingoism,,🚩,1
jingoistic,,🚩,1
jinrikisha,,🛺,1
jinx,,🔮,2
jitters,,😬,2
jittery,,😬,2
jive,,💃,1
job,,💼,3
jobber,,💼,1
jobless,,💼,2
jock,,🏋️,2
jockey,,🏇,3
jocose,,😄,1
jocular,,😄,1
jocularity,,😄,1
jocund,,😄,1
jodhpurs,,👖,1
jog,,🏃,3
jogging,,🏃,3
joggle,,〰️,1
john,,🚽,1
join,,➕️,2
joiner,,🔨,1
joint,,🚬,2
joist,,🪵,1
joke,,😂,3
joker,,🃏,3
jollity,,😄,2
jolly,,😄,2
jolt,,⚡️,2
jonquil,,🌼,1
josh,,😜,1
jostle,,🤼,2
jot,,✏️,2
joule,,⚡️,1
jounce,,〰️,1
journal,,📓,3
journalese,,📰,1
journalism,,📰,3
journalist,,📰,2
journalistic,,📰,1
journey,,🧳,3
journeyman,,🔧,1
joust,,🐎,2
jovial,,😄,2
joviality,,😄,1
jowl,,😬,1
joy,,😊,3
joyful,,😄,3
joyless,,😞,2
joyous,,😄,3
jubilant,,🎉,3
jubilation,,🎉,2
jubilee,,🎉,2
judge,,⚖️,3
judgement,,⚖️,2
judgment,,⚖️,2
judgmental,,⚖️,2
judicial,,⚖️,2
judiciary,,⚖️,2
judicious,,⚖️,1
judo,,🥋,3
jug,,🏺,3
juggernaut,,🚛,1
juggle,,🤹,3
jugular,,🩸,1
juice,,🧃,3
juicer,,🧃,2
juicy,,🍑,2
jujitsu,,🥋,2
jujube,,🍬,1
julep,,🍹,1
julienne,,🔪,1
jumble,,🔀,2
jumbo,,🐘,2
jump,,🤸,3
jumper,,🦘,2
jumpy,,😬,2
junco,,🐦️,1
junction,,🚦,2
juncture,,⏱️,1
jungle,,🌴,3
junior,,👶,2
juniper,,🌲,1
junk,,🗑️,2
junket,,✈️,1
junkie,,💉,2
junky,,🗑️,1
junta,,⚔️,1
juridical,,⚖️,1
jurisdiction,,⚖️,2
jurisprudence,,⚖️,1
jurist,,⚖️,1
juror,,⚖️,2
jury,,⚖️,3
just,,✅️,1
justice,,⚖️,3
justifiable,,✅️,1
justification,,✅️,2
justify,,✅️,2
jut,,➡️,1
jute,,🌿,1
juvenile,,🧒,2
juxtapose,,↔️,1
juxtaposition,,↔️,1
kabob,,🍢,3
kale,,🥬,3
kaleidoscope,,🔮,2
kaleidoscopic,,🌈,2
kamikaze,,✈️,1
kangaroo,,🦘,3
kaolin,,🧱,1
kapok,,🌱,1
kaput,,💥,1
karakul,,🐑,1
karaoke,,🎤,3
karat,,💍,1
karate,,🥋,3
karma,,☯️,2
katydid,,🦗,2
kayak,,🛶,3
kazoo,,🎺,2
kebab,,🍢,3
keel,,⛵️,1
keen,,😃,1
keep,,🤲,1
keeper,,🔑,2
keeping,,🤲,1
keg,,🛢️,2
kelp,,🌿,2
ken,,🧠,1
kennel,,🏠️,2
kept,,🤲,1
keratin,,💅,1
kerchief,,🧣,2
kernel,,🌽,2
kerosene,,⛽️,2
ketch,,⛵️,1
ketchup,,🍅,3
kettle,,🫖,3
key,,🔑,3
khaki,,🎨,1
khan,,👑,1
kibbutz,,🌾,1
kibbutzim,,🌾,1
kibitz,,🗣️,1
kibitzer,,🗣️,1
kibosh,,🚫,1
kick,,🦵,3
kid,,🧒,3
kiddie,,🧒,2
kiddy,,🧒,2
kidnaper,,🦹,2
kidney,,🫘,3
kielbasa,,🌭,2
kill,,☠️,2
killer,,🔪,2
killing,,☠️,1
kiln,,🔥,2
kilo,,⚖️,1
kilobyte,,💾,1
kilocycle,,📶,1
kilogram,,⚖️,2
kilohertz,,📶,1
kilometer,,📏,1
kiloton,,💥,1
kilowatt,,⚡️,1
kilt,,🩳,2
kilter,,⚙️,1
kimono,,👘,3
kin,,👪️,2
kind,,😊,2
kindergarten,,🏫,2
kindle,,📱,2
kindling,,🔥,2
kindly,,😊,1
kindness,,💗,2
kindred,,👪️,1
kinetic,,⚡️,1
kinfolks,,👪️,2
king,,🤴,3
kingdom,,🏰,3
kingship,,👑,1
kink,,〰️,1
kinky,,〰️,1
kinship,,👪️,2
kinsman,,👪️,1
kinswoman,,👪️,1
kiosk,,🏪,2
kipper,,🐟️,2
kismet,,🔮,1
kiss,,💋,3
kisser,,💋,1
kit,,🧰,3
kitchen,,🍳,3
kitchenette,,🍳,2
kite,,🪁,3
kith,,👥,1
kitsch,,🎨,1
kitschy,,🎨,1
kitten,,🐱,3
kittenish,,🐱,1
kitty,,🐱,3
kiwi,,🥝,3
kleptomania,,🦹,1
kleptomaniac,,🦹,2
klutz,,🤦,1
klutzy,,🤦,2
knack,,✨️,1
knackwurst,,🌭,2
knapsack,,🎒,3
knave,,🃏,1
knavery,,😈,1
knavish,,😈,1
knead,,🍞,2
knee,,🦵,3
kneel,,🧎,3
knell,,🔔,1
knelt,,🧎,1
knew,,💡,1
knickers,,👙,2
knickknack,,🎀,1
knife,,🔪,3
knight,,🛡️,3
knit,,🧶,3
knitting,,🧶,3
knives,,🔪,3
knob,,🚪,2
knobby,,🚪,1
knock,,🚪,2
knocker,,🚪,2
knockwurst,,🌭,2
knoll,,⛰️,2
knot,,🪢,3
knotty,,🪢,2
know,,💡,2
knowable,,💡,1
knowing,,😏,1
knowledge,,🧠,2
knowledgeable,,🧠,1
known,,💡,1
knuckle,,👊,2
koala,,🐨,3
kohlrabi,,🥬,1
kook,,🤪,1
kooky,,🤪,2
kopeck,,🪙,1
kosher,,✡️,1
kowtow,,🙇,2
krypton,,☢️,1
kudos,,👏,2
kudzu,,🌿,1
kumquat,,🍊,2
la,,🎵,1
lab,,🧪,3
label,,🏷️,3
labial,,👄,1
labor,,👷,2
laboratory,,🧪,3
labored,,💨,1
laborer,,👷,2
laborious,,😓,1
labour,,👷,2
laburnum,,🌳,1
labyrinth,,🌀,2
labyrinthine,,🌀,1
lace,,🎀,2
lacerate,,🩹,1
laceration,,🩹,2
lachrymal,,😢,1
lachrymose,,😢,1
lack,,❌️,1
lackadaisical,,😴,1
lackey,,🙇,1
lacking,,❌️,1
laconic,,🤐,1
lacquer,,🎨,1
lacrosse,,🥍,3
lactate,,🍼,1
lactation,,🍼,2
lactic,,🥛,1
lactose,,🥛,2
lacuna,,🕳️,1
lacunae,,🕳️,1
lacy,,🎀,2
lad,,👦,2
ladder,,🪜,3
laden,,📦️,1
lading,,📦️,1
ladle,,🥄,3
lady,,👩,3
ladyship,,👩,1
lag,,🐢,2
lager,,🍺,2
laggard,,🐢,1
lagoon,,🏝️,2
laid,,📥️,1
lain,,🛌,1
lair,,🕳️,2
laity,,⛪️,1
lake,,🏞️,3
lam,,🏃,1
lama,,🧘,1
lamasery,,🏯,1
lamb,,🐑,3
lambaste,,😠,2
lame,,😑,2
lament,,😢,2
lamentable,,😞,1
lamentation,,😢,1
laminate,,🪵,1
laminated,,🪵,1
lamination,,🪵,1
lamp,,💡,3
lampoon,,🎭️,1
lamprey,,🐟️,2
lance,,🗡️,3
lancer,,🗡️,1
lancet,,🔪,1
land,,🌍️,2
landed,,🛬,1
landing,,🛬,2
landward,,🧭,1
lane,,🛣️,2
language,,🗣️,2
languid,,😴,1
languish,,😞,1
languor,,😴,1
languorous,,😴,1
lank,,📏,1
lanky,,📏,2
lanolin,,🧴,1
lantern,,🏮,3
lanyard,,🪪,2
lap,,🏊️,2
lapel,,🧥,1
lapidary,,💎,1
lapse,,⏳️,1
larboard,,⛵️,1
larcenous,,🦹,1
larceny,,🦹,2
larch,,🌲,1
lard,,🧈,1
larder,,🍞,1
large,,📏,2
largely,,📏,1
largess,,🎁,1
largesse,,🎁,1
largo,,🎵,1
lariat,,🤠,2
lark,,🐦️,2
larva,,🐛,3
larvae,,🐛,3
larval,,🐛,2
larynges,,🗣️,1
laryngitis,,🗣️,2
larynx,,🗣️,1
lasagna,,🍝,3
lascivious,,😏,1
laser,,🔦,2
lash,,👁️,1
lass,,👧,1
lassie,,👧,1
lassitude,,😴,1
lasso,,🤠,3
last,,🔚,2
lasting,,⏳️,1
lastly,,🔚,1
latch,,🔒️,2
late,,⏰️,2
lately,,⏰️,1
latency,,⏳️,1
latent,,🌱,1
lateral,,↔️,1
latex,,🧤,2
lath,,🪵,1
lathe,,🔧,1
lather,,🧼,2
latitude,,🌐,2
latrine,,🚽,2
latter,,➡️,1
lattice,,🪟,2
laud,,👏,1
laudable,,👏,1
laudanum,,💊,1
laudatory,,👏,1
laugh,,😂,3
laughable,,😂,2
laughter,,😂,3
launch,,🚀,3
launder,,🧺,2
laundress,,🧺,1
laundry,,🧺,3
laundryman,,🧺,1
laureate,,🏅,2
laurel,,🌿,2
lava,,🌋,3
lavatory,,🚽,2
lavender,,💜,2
lavish,,💎,1
law,,⚖️,3
lawful,,⚖️,2
lawless,,🚫,2
lawn,,🌱,2
lawyer,,⚖️,3
lax,,😴,1
laxative,,💊,2
laxity,,😴,1
lay,,🛌,1
layer,,📚️,2
layette,,👶,1
layman,,🙋,1
laywoman,,🙋,1
laze,,😴,2
lazy,,😴,3
lea,,🌾,1
leach,,💧,1
lead,,🪙,2
leaden,,⚙️,1
leader,,👑,2
leadership,,👑,2
leading,,➡️,1
leaf,,🍁,3
leafless,,🌳,1
leaflet,,📄,2
leafy,,🍃,2
league,,🏆️,2
leak,,💧,3
leakage,,💧,2
leaky,,💧,2
lean,,📐,2
leaning,,↗️,1
leap,,🦘,2
leapt,,🦘,1
learn,,📚️,3
learned,,🎓️,2
learning,,📚️,3
learnt,,📚️,1
lease,,📝,2
leash,,🐕️,3
least,,➖️,1
leather,,🧥,2
leathery,,🧥,1
leave,,🚪,2
leaven,,🍞,1
leavening,,🍞,1
leaves,,🍁,3
leavings,,🗑️,1
lecher,,😏,1
lecherous,,😏,1
lechery,,😏,1
lectern,,🎙️,2
lecture,,🎓️,3
led,,➡️,1
ledge,,🧗,2
ledger,,📒,2
lee,,💨,1
leech,,🩸,2
leek,,🧅,2
leer,,😏,2
leery,,🤨,1
lees,,🍷,1
left,,⬅️,3
leftist,,🚩,2
lefty,,✋️,2
leg,,🦵,3
legacy,,🏛️,2
legal,,⚖️,2
legalese,,📜,1
legalism,,⚖️,1
legalistic,,⚖️,1
legality,,⚖️,2
legalization,,⚖️,1
legalize,,⚖️,2
legate,,📜,1
legatee,,📜,1
legation,,🏛️,1
legato,,🎵,1
legend,,📖,2
legendary,,🏆️,1
legerdemain,,🎩,1
legged,,🦵,1
legging,,🩳,2
leggings,,🩳,3
leggy,,🦵,1
legibility,,👓️,1
legible,,👓️,1
legion,,⚔️,2
legionnaire,,⚔️,1
legislate,,📜,1
legislation,,📜,2
legislative,,🏛️,1
legislature,,🏛️,2
legit,,✅️,1
legitimacy,,✅️,1
legitimate,,✅️,1
legitimize,,✅️,1
legume,,🫘,2
leguminous,,🫘,1
lei,,🌺,3
leisure,,🏖️,2
leisurely,,🏖️,1
leitmotif,,🎵,1
lemming,,🐹,2
lemon,,🍋,3
lemonade,,🍋,3
lemony,,🍋,2
lemur,,🐒,3
lend,,🤲,2
length,,📏,2
lengthen,,📏,2
lengthy,,📏,2
leniency,,😌,1
lenient,,😌,1
lens,,🔍️,3
lent,,🤲,1
lentil,,🫘,2
leonine,,🦁,1
leopard,,🐆,3
leotard,,🩱,2
leper,,🩹,1
leprechaun,,🍀,3
leprosy,,🩹,1
leprous,,🩹,1
lesbian,,🌈,1
lesbianism,,🌈,1
lesion,,🩹,2
less,,➖️,1
lessee,,📝,1
lessen,,📉,2
lesser,,📉,1
lesson,,📚️,3
lessor,,📝,1
lest,,⚠️,1
let,,✅️,1
lethal,,☠️,2
lethargic,,😴,2
lethargy,,😴,2
letter,,✉️,3
lettering,,🔤,2
lettuce,,🥬,3
letup,,⏸️,1
leukemia,,🩸,1
leukocyte,,🩸,1
levee,,🌊,1
level,,📏,2
lever,,🔧,2
leverage,,⚖️,1
leviathan,,🐋,2
levitate,,🪄,2
levitation,,🪄,2
levity,,😄,1
levy,,💰️,1
lewd,,😏,1
lexical,,📖,1
lexicography,,📖,1
lexicon,,📖,2
liability,,⚠️,2
liable,,⚠️,1
liaison,,🤝,2
liar,,🤥,3
lib,,📚️,1
libation,,🍷,1
libel,,📰,1
libellous,,📰,1
libelous,,📰,1
liberal,,🕊️,1
liberalism,,🕊️,1
liberality,,🎁,1
liberalization,,🕊️,1
liberalize,,🕊️,1
liberate,,🕊️,2
liberation,,🕊️,2
libertarian,,🕊️,1
libertine,,😏,1
liberty,,🗽,3
libidinous,,😏,1
libido,,😏,1
librarian,,📚️,3
library,,📚️,3
libretti,,🎼,1
librettist,,🎼,1
libretto,,🎼,2
lice,,🦠,2
license,,📜,2
licensee,,📜,1
licentious,,😏,1
lichen,,🍄,2
licit,,✅️,1
lick,,👅,3
licking,,👅,2
licorice,,🍬,2
lid,,🫙,2
lie,,🤥,3
lief,,🤷,1
liege,,👑,1
lien,,📜,1
lieu,,🔄,1
lieutenant,,🎖️,2
life,,🌱,2
lifeless,,💀,2
lifer,,🔒️,1
lift,,🏋️,2
ligament,,🦴,1
ligature,,🪢,1
light,,💡,3
lighten,,💡,1
lighter,,🔥,3
lighting,,💡,2
lightning,,⚡️,3
likable,,😊,1
like,,👍️,3
likeable,,😊,1
likelihood,,📊,1
likely,,🤔,1
liken,,🔗,1
likeness,,🖼️,1
liking,,👍️,1
lilac,,💜,3
lilt,,🎵,1
lily,,🌸,3
limb,,🦵,2
limber,,🤸,1
limbo,,🕺,3
lime,,🍈,3
limerick,,📜,1
limit,,🚧,2
limitation,,🚧,1
limited,,🚧,1
limitless,,♾️,2
limo,,🚙,3
limousine,,🚙,3
limp,,🚶,2
limpet,,🐚,2
limpid,,💧,1
limpidity,,💧,1
limy,,🍈,1
linchpin,,📌,2
linden,,🌳,1
line,,➖️,2
lineage,,👪️,2
lineal,,👪️,1
lineament,,😐️,1
linear,,➖️,1
lineman,,📞,1
linen,,🛏️,2
liner,,🚢,2
linesman,,🚩,1
linger,,⏳️,2
lingerie,,👙,2
lingering,,⏳️,1
lingeringly,,⏳️,1
lingo,,🗣️,2
lingual,,👅,1
linguist,,🗣️,2
linguistic,,🗣️,1
linguistics,,🗣️,1
liniment,,💊,1
lining,,🧵,1
link,,🔗,3
linkage,,🔗,1
links,,🔗,1
linnet,,🐦️,1
linoleum,,🟫,1
linseed,,🌱,1
lint,,🧺,2
lintel,,🚪,1
lion,,🦁,3
lioness,,🦁,3
lionize,,🌟,1
lip,,👄,3
lipid,,🧈,1
liposuction,,💉,1
liquefaction,,💧,2
liquefy,,💧,2
liqueur,,🥃,2
liquid,,💧,3
liquidate,,💰️,1
liquidation,,💰️,1
liquidity,,💰️,1
liquor,,🥃,3
lira,,💴,2
lire,,💴,2
lisle,,🧵,1
lisp,,👄,1
lissom,,🤸,1
lissome,,🤸,1
list,,📝,3
listen,,👂️,3
listing,,📝,2
listless,,😑,2
lit,,💡,2
litany,,📜,1
litchi,,🍈,2
lite,,🪶,1
liter,,🧪,2
literacy,,📚️,2
literal,,🔤,1
literary,,📚️,2
literate,,📖,2
literati,,📚️,1
literature,,📚️,3
lithe,,🤸,1
lithium,,🔋,2
lithograph,,🖼️,2
lithographic,,🖼️,1
lithography,,🖨️,1
litigant,,⚖️,1
litigate,,⚖️,2
litigation,,⚖️,2
litigious,,⚖️,1
litmus,,🧪,2
litre,,🧪,2
litter,,🗑️,2
little,,🤏,3
littoral,,🏖️,1
liturgical,,⛪️,1
liturgy,,⛪️,1
livable,,🏠️,1
live,,🔴,2
liveable,,🏠️,1
livelihood,,💼,2
lively,,🥳,2
liven,,🥳,1
liver,,🫀,3
liverwurst,,🌭,2
livery,,🐎,1
lives,,🧬,1
livid,,😡,2
living,,🏡,2
lizard,,🦎,3
llama,,🦙,3
llano,,🌾,1
lo,,👀,1
load,,📦️,2
loaded,,📦️,2
loaf,,🍞,3
loam,,🟤,1
loamy,,🟤,1
loan,,💵,2
loaner,,🚗,1
loath,,😒,1
loathe,,🤢,2
loathing,,🤢,2
loathsome,,🤮,2
loaves,,🍞,3
lob,,🎾,2
lobby,,🏨,2
lobbyist,,🏛️,1
lobe,,👂️,2
lobotomy,,🧠,1
lobster,,🦞,3
local,,📍,2
locale,,📍,2
locality,,📍,2
localization,,🗺️,1
localize,,📍,1
locate,,📍,2
location,,📍,3
loch,,🏞️,2
loci,,📍,1
lock,,🔒️,3
locker,,🗄️,2
locket,,📿,2
loco,,🚂,1
locomotion,,🚂,2
locomotive,,🚂,3
locus,,📍,1
locust,,🦗,2
locution,,💬,1
lode,,⛏️,1
lodge,,🏠️,2
lodger,,🏠️,1
lodging,,🏨,2
loft,,🏢,2
lofty,,⛰️,1
log,,🪵,3
logarithm,,🔢,1
logarithmic,,🔢,1
logging,,🪓,2
logic,,🧩,2
logical,,🧩,2
logician,,🧠,1
logistic,,📦️,1
logistical,,📦️,1
logistics,,📦️,2
logo,,🏷️,2
logrolling,,🪵,1
loin,,🥩,2
loiter,,🚶,1
loll,,😴,1
lollipop,,🍭,3
lollygag,,🐌,1
lollypop,,🍭,3
lone,,1️⃣,1
lonely,,😔,2
loner,,🚶,1
lonesome,,😔,2
long,,📏,2
longevity,,⏳️,2
longing,,😔,2
longitude,,🌐,2
longitudinal,,📏,1
longshoreman,,⚓️,1
look,,👀,2
looks,,👀,1
loom,,🧵,2
loon,,🦆,2
loony,,🤪,1
loop,,🔁,2
loose,,🪢,2
loosen,,🔓️,2
loot,,💰️,2
lop,,✂️,1
lope,,🏃,1
lopsided,,📐,1
loquacious,,🗣️,2
loquacity,,🗣️,1
lord,,🤴,2
lordly,,🤴,1
lordship,,🤴,1
lore,,📜,2
lorgnette,,👓️,2
lorry,,🚚,3
lose,,😞,2
loss,,📉,2
lost,,😵,2
lot,,🎟️,1
lotion,,🧴,3
lottery,,🎟️,3
lotus,,🪷,3
loud,,📢,3
lounge,,🛋️,2
louse,,🦟,2
lousy,,👎️,1
lout,,😒,1
loutish,,😒,1
louver,,🪟,1
lovable,,🥰,2
love,,❤️,3
loveable,,🥰,2
loveless,,💔,2
lovelorn,,💔,2
lovely,,🥰,2
lover,,💑,2
loving,,🥰,2
low,,⬇️,2
lower,,⬇️,2
lowly,,🙇,1
lox,,🐟️,2
loyal,,🤝,2
loyalist,,🤝,1
loyalty,,🤝,2
lozenge,,💊,2
luau,,🌺,2
lube,,🛢️,1
lubricant,,🛢️,2
lubricate,,🛢️,2
lubrication,,🛢️,2
lucid,,💡,2
lucidity,,💡,1
luck,,🍀,3
lucky,,🍀,3
lucrative,,💰️,2
lucre,,💰️,1
ludicrous,,🤪,2
lug,,🎒,1
luggage,,🧳,3
lugubrious,,😢,1
lukewarm,,🌡️,2
lull,,😴,1
lullaby,,🎵,2
lumbago,,🩹,1
lumbar,,🦴,1
lumber,,🪵,3
lumberman,,🪓,1
luminary,,🌟,2
luminescence,,✨️,2
luminescent,,✨️,2
luminosity,,✨️,1
luminous,,✨️,2
lummox,,🐘,1
lump,,🍞,1
lumpy,,🍞,1
lunacy,,🤪,2
lunar,,🌙,3
lunatic,,🤪,2
lunch,,🍱,3
luncheonette,,🍽️,1
lung,,🫁,3
lunge,,🤺,2
lupine,,🐺,1
lupus,,🦋,1
lurch,,😵,1
lure,,🎣,2
lurid,,😱,1
lurk,,🕵️,2
luscious,,🍑,1
lush,,🌿,2
lust,,😍,2
luster,,✨️,2
lustful,,😍,1
lustre,,✨️,2
lustrous,,✨️,2
lusty,,😍,1
lute,,🎻,2
luxuriance,,🌿,1
luxuriant,,🌿,1
luxuriate,,🛁,1
luxurious,,💎,2
luxury,,💎,3
lyceum,,🏛️,1
lye,,🧪,1
lying,,🤥,3
lymph,,🧬,1
lymphatic,,🧬,1
lynch,,😡,1
lynx,,🐈️,2
lyre,,🎼,2
lyric,,🎤,2
lyrical,,🎤,1
lyricist,,🎤,1
ma,,👩,2
macabre,,💀,2
macadam,,🛣️,1
macaroni,,🍝,3
macaroon,,🍪,3
macaw,,🦜,3
mace,,⚔️,2
machete,,🔪,2
machination,,🕵️,1
machine,,⚙️,3
machinery,,⚙️,3
machinist,,⚙️,1
machismo,,💪,1
macho,,💪,2
mackerel,,🐟️,3
mackinaw,,🧥,1
mackintosh,,🧥,2
macrame,,🧶,2
macrobiotic,,🥗,1
macrocosm,,🌌,1
macron,,➖️,1
mad,,😡,3
madam,,👩,2
madame,,👩,2
madden,,😡,2
maddening,,😡,2
made,,🏭️,1
mademoiselle,,👩,2
madman,,🤪,2
madras,,🧵,1
madrigal,,🎵,1
madwoman,,🤪,2
maelstrom,,🌪️,2
maestro,,🎼,2
mafioso,,🕴️,2
magazine,,📰,3
magenta,,🟣,2
maggot,,🐛,3
magic,,✨️,3
magical,,✨️,3
magician,,🧙,3
magisterial,,⚖️,1
magistrate,,⚖️,2
magma,,🌋,2
magnanimity,,🤲,1
magnanimous,,🤲,1
magnate,,💼,2
magnesia,,🧪,1
magnesium,,🧪,1
magnet,,🧲,3
magnetic,,🧲,3
magnetization,,🧲,1
magnetize,,🧲,2
magneto,,🧲,1
magnification,,🔍️,2
magnificence,,🌟,1
magnificent,,🌟,2
magnify,,🔍️,3
magnitude,,📏,2
magnolia,,🌸,2
magnum,,🍾,2
magpie,,🐦️,2
maharaja,,👑,2
maharajah,,👑,2
maharanee,,👑,2
maharani,,👑,2
maharishi,,🧘,1
mahogany,,🪵,2
maid,,🧹,3
maiden,,👰,2
maidenhood,,👰,1
mail,,✉️,3
mailer,,✉️,2
mailman,,📮,3
maim,,🤕,1
main,,🔑,1
mainly,,➡️,1
maintain,,🔧,2
maintenance,,🔧,2
maize,,🌽,3
majestic,,👑,2
majesty,,👑,2
major,,🎖️,2
majority,,📊,2
make,,🛠️,2
maker,,🛠️,2
making,,🛠️,2
maladjusted,,😟,1
maladjustment,,😟,1
maladroit,,🤦,1
malady,,🤒,2
malaise,,🤒,2
malapropism,,🗣️,1
malaria,,🦟,2
malarial,,🦟,1
malarkey,,🙄,1
malcontent,,😠,1
male,,♂️,3
malediction,,🙅,1
malefactor,,🦹,2
malevolence,,😈,1
malevolent,,😈,2
malfeasance,,⚖️,1
malformation,,🧬,1
malfunction,,⚠️,2
malice,,😈,2
malicious,,😈,2
malign,,😈,1
malignancy,,🦠,2
malignant,,🦠,2
malignity,,😈,1
malinger,,😴,1
mall,,🏬,3
mallard,,🦆,3
malleability,,🔨,1
malleable,,🔨,1
mallet,,🔨,3
mallow,,🌸,1
malnourished,,🍽️,1
malnutrition,,🍽️,2
malodorous,,🤢,2
malpractice,,⚖️,2
malt,,🍺,2
maltreat,,😈,1
maltreatment,,😈,1
mama,,👩,3
mamma,,👩,3
mammal,,🐘,2
mammalian,,🐘,1
mammary,,🍼,1
mammogram,,🩻,2
mammography,,🩻,1
mammon,,💰️,1
mammoth,,🦣,3
man,,👨,3
manacle,,⛓️,2
manage,,📋️,1
manageable,,👍️,1
management,,📋️,2
manager,,💼,3
managerial,,💼,1
manatee,,🦭,2
mandarin,,🍊,3
mandate,,📜,2
mandatory,,❗️,2
mandible,,🦴,1
mandolin,,🎻,2
mandrake,,🌱,1
mandrill,,🐒,2
mane,,🦁,2
maneuver,,🎯,1
maneuverability,,🎯,1
maneuverable,,🎯,1
maneuvers,,🎯,1
manful,,💪,1
manganese,,🧪,1
mange,,🐕️,1
manger,,🐴,2
mangle,,🩹,2
mango,,🥭,3
mangy,,🐕️,1
mania,,🤪,2
maniac,,🤪,2
maniacal,,🤪,2
manic,,🤪,2
manicure,,💅,3
manicurist,,💅,2
manifest,,📜,2
manifestation,,👻,1
manifesto,,📜,2
manifold,,🔀,1
manikin,,🧍,1
manipulate,,🕹️,2
manipulation,,🕹️,2
manipulative,,🕹️,1
manly,,💪,2
manna,,🍞,1
manned,,🧍,1
mannequin,,🧍,3
manner,,🎩,1
mannered,,🎩,1
mannerism,,🎭️,1
mannerly,,🎩,1
mannikin,,🧍,1
mannish,,♂️,1
manoeuvre,,🎯,1
manor,,🏰,2
manorial,,🏰,1
manse,,🏠️,1
mansion,,🏰,3
mantel,,🧱,2
mantilla,,🧣,1
mantis,,🦗,3
mantle,,🧥,2
mantra,,🕉️,2
manual,,📘,2
manufacture,,🏭️,3
manufacturing,,🏭️,3
manure,,💩,3
manuscript,,📜,3
many,,🔢,2
map,,🗺️,3
maple,,🍁,3
mar,,😖,1
maraca,,🎶,2
marathon,,🏃,3
maraud,,⚔️,1
marble,,⚪️,2
march,,🚶,2
marchioness,,👑,1
mare,,🐴,2
margarine,,🧈,2
margarita,,🍹,2
margin,,📄,1
marginal,,📄,1
marginalia,,📝,1
mariachi,,🎺,2
marigold,,🌼,3
marihuana,,🌿,2
marijuana,,🌿,3
marimba,,🎶,2
marina,,⛵️,3
marinade,,🥣,1
marinate,,🥩,1
marine,,⚓️,2
mariner,,⚓️,2
marionette,,🎎,2
marital,,💍,2
maritime,,⚓️,2
marjoram,,🌿,1
mark,,✔️,2
marked,,✔️,1
marker,,🖊️,3
market,,🏪,3
marketability,,🏷️,1
marketable,,🏷️,1
marketing,,📈,2
marking,,✏️,1
marksman,,🎯,2
marksmanship,,🎯,1
marlin,,🐟️,2
marmalade,,🍊,2
marmoset,,🐒,2
marmot,,🐿️,2
maroon,,🟤,2
marquee,,🎪,2
marquess,,👑,1
marquis,,👑,1
marquise,,👑,1
marriage,,💍,3
marriageable,,💍,1
married,,💍,2
marrow,,🦴,2
marry,,💍,3
marsh,,🌾,2
marshal,,👮,2
marshmallow,,🍡,3
marshy,,🌾,1
marsupial,,🦘,2
mart,,🏪,2
marten,,🦦,2
martial,,🥋,2
martin,,🐦️,2
martinet,,🪖,1
martini,,🍸️,3
martyr,,😇,2
martyrdom,,🕊️,1
marvel,,😲,2
marvellous,,🤩,2
marvelous,,🤩,2
marzipan,,🍬,2
mascara,,💄,3
mascot,,🧸,2
masculine,,♂️,2
masculinity,,♂️,1
mash,,🥔,2
mask,,😷,3
masochism,,😖,1
masochist,,😖,1
masochistic,,😖,1
mason,,🧱,2
masonry,,🧱,3
masque,,🎭️,2
masquerade,,🎭️,3
mass,,⛪️,1
massacre,,⚔️,2
massage,,💆,3
masseur,,💆,2
masseuse,,💆,2
massive,,🐘,2
mast,,⛵️,2
mastectomy,,🏥,1
master,,🎓️,2
masterful,,👍️,1
masterly,,👍️,1
mastery,,🏆️,2
masticate,,🍽️,1
mastication,,🍽️,1
mastiff,,🐕️,2
mastodon,,🦣,3
mastoid,,🦴,1
masturbate,,🔞,1
masturbation,,🔞,1
mat,,🟫,2
matador,,🐂,2
match,,🔥,2
matchless,,🏆️,1
mate,,🤝,2
material,,🧵,2
materialism,,💰️,1
materialist,,💰️,1
materialistic,,💰️,1
materialization,,✨️,1
materialize,,✨️,1
materiel,,🎖️,1
maternal,,🤱,2
maternity,,🤰,2
math,,➗️,3
mathematical,,➗️,2
mathematician,,🧮,2
mathematics,,➗️,3
matinee,,🎬️,2
matins,,⛪️,1
matriarch,,👵,2
matriarchal,,👵,1
matriarchy,,👵,1
matrices,,🔢,1
matricide,,🔪,1
matriculate,,🎓️,1
matriculation,,🎓️,1
matrimonial,,💍,1
matrimony,,💍,2
matrix,,🔢,2
matron,,👩,2
matt,,🟫,1
matte,,🟫,1
matted,,🧶,1
matter,,⚛️,2
matting,,🟫,1
mattock,,⛏️,2
mattress,,🛏️,3
maturation,,🌱,1
mature,,🧓,2
maturity,,🧓,2
matzo,,🍞,2
maudlin,,😢,1
maul,,🐻,1
maunder,,🗣️,1
mausoleum,,⚰️,2
mauve,,🟣,2
maven,,🧠,1
maverick,,🤠,2
maw,,👄,1
mawkish,,😢,1
maxilla,,🦴,1
maxillae,,🦴,1
maxim,,📜,2
maxima,,📈,1
maximize,,📈,2
maximum,,🔝,2
may,,📅,1
maybe,,🤷,2
mayhem,,💥,2
mayo,,🥫,2
mayonnaise,,🥫,3
mayor,,🎩,3
mayoral,,🎩,1
mayoralty,,🎩,1
maze,,🌀,3
mazurka,,💃,1
me,,🙋,2
mead,,🍯,2
meadow,,🌾,3
meager,,🤏,2
meagre,,🤏,2
meal,,🍽️,3
mealy,,🌽,1
mean,,😠,2
meander,,🐍,2
meaning,,💭,2
meaningful,,💭,1
meaningless,,🤷,1
means,,💰️,1
meant,,💭,1
measles,,🔴,2
measly,,🤏,1
measurable,,📏,1
measure,,📏,3
measured,,📏,1
measureless,,♾️,1
measurement,,📏,3
meat,,🥩,3
meaty,,🥩,2
mechanic,,🔧,3
mechanical,,⚙️,2
mechanics,,⚙️,2
mechanism,,⚙️,2
mechanistic,,⚙️,1
mechanization,,🤖,1
mechanize,,🤖,2
medal,,🏅,3
medalist,,🏅,2
medallion,,🏅,2
meddle,,🤦,1
meddlesome,,🤦,1
media,,📰,2
mediaeval,,🏰,1
median,,➗️,1
mediate,,🤝,2
mediation,,🤝,2
medic,,🩺,2
medical,,🩺,3
medicate,,💊,2
medication,,💊,3
medicinal,,💊,2
medicine,,💊,3
medieval,,🏰,2
mediocre,,😐️,2
mediocrity,,😐️,1
meditate,,🧘,3
meditation,,🧘,3
meditative,,🧘,2
medium,,📏,1
medley,,🎵,2
medulla,,🧠,1
medullae,,🧠,1
meek,,🐑,2
meet,,🤝,3
meeting,,🤝,3
megabyte,,💾,2
megahertz,,📡,1
megalomania,,👑,1
megalomaniac,,👑,1
megalopolis,,🌆,2
megaphone,,📣,3
megaton,,💣️,1
melancholia,,😢,1
melancholic,,😢,1
melancholy,,😢,2
melange,,🥘,1
melanin,,🟤,1
melanoma,,🦠,1
meld,,🔀,1
melee,,⚔️,2
mellifluous,,🍯,1
mellow,,😌,2
melodic,,🎵,2
melodious,,🎵,2
melodrama,,🎭️,2
melodramatic,,🎭️,1
melody,,🎵,3
melon,,🍈,3
melt,,🫠,3
member,,👤,2
membership,,🪪,2
membrane,,🧫,1
membranous,,🧫,1
memento,,🎁,2
memo,,📝,2
memoir,,📖,2
memorabilia,,🏆️,1
memorable,,🌟,1
memoranda,,📝,1
memorandum,,📝,2
memorial,,🕯️,2
memorialize,,🕯️,1
memorization,,🧠,1
memorize,,🧠,2
memory,,🧠,3
men,,👨,2
menace,,😠,2
menagerie,,🦁,1
mend,,🧵,2
mendacious,,🤥,1
mendacity,,🤥,1
mendicant,,🙏,1
menhaden,,🐟️,1
menial,,🧹,1
meningitis,,🦠,1
menopause,,🩺,1
menorah,,🕎,3
menses,,🩸,1
menstrual,,🩸,2
menstruate,,🩸,1
menstruation,,🩸,2
mental,,🧠,2
mentality,,🧠,2
menthol,,🌿,1
mentholated,,🌿,1
mention,,💬,2
mentor,,🏫,2
menu,,📋️,2
meow,,🐱,3
mercantile,,🏪,2
mercenary,,⚔️,2
merchandise,,🛍️,2
merchant,,🏪,2
merchantman,,🚢,2
merciful,,🙏,2
merciless,,😠,1
mercurial,,🌡️,1
mercury,,🌡️,2
mercy,,🙏,2
mere,,🔗,1
merely,,🔗,1
meretricious,,💄,1
merganser,,🦆,2
merge,,🔀,2
merger,,🤝,2
meridian,,🌐,1
meringue,,🍮,2
merino,,🐑,2
merit,,🏅,2
meritorious,,🏅,2
mermaid,,🧜,3
merriment,,🎉,2
merry,,😄,2
mesa,,🏜️,2
mescaline,,💊,1
mesdames,,👩,1
mesh,,🕸️,2
mesmerism,,🌀,1
mesmerize,,🌀,2
mesquite,,🌳,1
mess,,🧹,2
message,,✉️,3
messenger,,🕊️,2
messiah,,✝️,1
messy,,🧹,2
mestizo,,👤,1
met,,🤝,1
metabolic,,🔥,1
metabolism,,🔥,2
metabolize,,🔥,1
metacarpal,,🦴,1
metal,,🔩,2
metallic,,🔩,2
metallurgical,,🔩,1
metallurgist,,🔩,1
metallurgy,,🔩,1
metamorphic,,🪨,1
metamorphose,,🦋,2
metamorphoses,,🦋,1
metamorphosis,,🦋,2
metaphor,,🗣️,1
metaphorical,,🗣️,1
metaphysical,,🌌,1
metaphysics,,🌌,1
metastases,,🦠,1
metastasis,,🦠,1
metastasize,,🦠,1
mete,,⚖️,1
meteor,,☄️,3
meteoric,,☄️,2
meteorite,,☄️,3
meteoroid,,☄️,2
meteorological,,🌦️,1
meteorologist,,🌦️,2
meteorology,,🌦️,2
meter,,📏,2
methadone,,💊,1
methane,,🔥,1
methanol,,🧪,1
methinks,,🤔,1
method,,🧭,1
methodical,,🧭,1
methodological,,🧭,1
methodology,,🧭,1
meticulous,,🔍️,2
metier,,💼,1
metre,,📏,2
metric,,📏,2
metrical,,📏,1
metro,,🚇️,3
metronome,,🎵,2
metropolis,,🏙️,3
metropolitan,,🏙️,2
mettle,,💪,1
mettlesome,,💪,1
mew,,🐱,2
mezzanine,,🏢,1
mi,,🎵,1
miasma,,☁️,1
mica,,🪨,1
mice,,🐭,3
microbe,,🦠,3
microbiologist,,🔬,2
microbiology,,🔬,2
microchip,,💾,2
microcomputer,,💻️,2
microcosm,,🌐,1
microfiche,,📄,1
microfilm,,📽️,1
micrometer,,📏,1
micron,,📏,1
microorganism,,🦠,2
microphone,,🎤,3
microprocessor,,💾,2
microscope,,🔬,3
microscopic,,🔬,2
microscopy,,🔬,2
microsecond,,⏱️,1
microsurgery,,🔬,1
microwave,,📡,3
mid,,➡️,1
middle,,➡️,2
middling,,😐️,1
middy,,👕,1
midge,,🦟,2
midget,,🧍,1
midriff,,👕,1
midshipman,,⚓️,1
midst,,➡️,1
midwifery,,🤰,2
mien,,🙂,1
miff,,😒,1
might,,💪,1
mighty,,💪,2
migraine,,🤕,2
migrant,,🧳,2
migrate,,🕊️,2
migration,,🕊️,2
migratory,,🕊️,2
mike,,🎤,2
milch,,🐄,1
mild,,🙂,1
mildew,,🦠,2
mile,,📏,2
mileage,,⛽️,1
milieu,,🌐,1
militancy,,✊️,1
militant,,✊️,2
militarism,,⚔️,1
militarist,,⚔️,1
militaristic,,⚔️,1
militarize,,⚔️,1
military,,🎖️,3
militate,,⚖️,1
militia,,⚔️,2
militiaman,,⚔️,1
milk,,🥛,3
milksop,,😨,1
milky,,🥛,2
mill,,🏭️,2
millennia,,⏳️,1
millennial,,⏳️,1
millennium,,⏳️,2
miller,,🏭️,1
millet,,🌾,1
milligram,,⚖️,1
milliliter,,🧪,1
millimeter,,📏,1
milliner,,👒,1
millinery,,👒,1
million,,💯,1
millionaire,,💰️,2
millionth,,💯,1
millipede,,🐛,3
millisecond,,⏱️,1
mime,,🎭️,3
mimeograph,,🖨️,1
mimetic,,🎭️,1
mimic,,🎭️,2
mimicry,,🎭️,2
mimosa,,🌸,2
minaret,,🕌,3
mince,,🔪,2
mind,,🧠,2
minded,,🧠,1
mindful,,🧘,2
mindless,,😑,1
mine,,⛏️,2
miner,,⛏️,3
mineral,,💎,2
mineralogist,,💎,1
mineralogy,,💎,1
minestrone,,🍲,2
mingle,,🥂,2
mini,,🔹,1
miniature,,🔬,1
miniaturization,,🔬,1
miniaturize,,🔬,1
minima,,📉,1
minimal,,➖️,1
minimalism,,➖️,1
minimalist,,➖️,1
minimize,,➖️,2
minimum,,📉,1
mining,,⛏️,3
minion,,🟡,2
minister,,👔,2
ministerial,,👔,1
ministration,,🙏,1
ministry,,🏛️,1
mink,,🦡,1
minnow,,🐟️,2
minor,,🧒,2
minority,,✊️,1
minstrel,,🎻,2
mint,,🌿,2
minty,,🌿,2
minuend,,➖️,1
minuet,,💃,1
minus,,➖️,3
minuscule,,🔹,1
minute,,⏱️,3
minuteman,,⏱️,1
minutia,,🔍️,1
minutiae,,🔍️,1
minx,,😏,1
miracle,,✨️,3
miraculous,,✨️,2
mirage,,🏜️,2
mire,,🕳️,1
mirror,,🪞,3
mirth,,😄,1
mirthful,,😄,1
mirthless,,😐️,1
misadventure,,🎢,1
misanthrope,,😠,1
misanthropic,,😠,1
misanthropy,,😠,1
misapplication,,❌️,1
misapply,,❌️,1
misapprehend,,❓️,1
misapprehension,,❓️,1
misappropriate,,💸,1
misbegotten,,😖,1
misbehave,,😈,2
misbehavior,,😈,1
miscalculate,,➗️,1
miscalculation,,➗️,1
miscarriage,,💔,1
miscarry,,💔,1
miscast,,🎭️,1
miscegenation,,👥,1
miscellaneous,,🧺,1
miscellany,,🧺,1
mischance,,🎲,1
mischief,,😈,2
mischievous,,😈,2
misconceive,,❓️,1
misconception,,❓️,1
misconduct,,🚫,1
misconstruction,,❓️,1
misconstrue,,❓️,1
miscount,,➗️,1
miscreant,,😈,1
miscue,,❌️,1
misdeed,,😈,1
misdemeanor,,⚖️,2
misdiagnose,,🩺,1
misdirect,,🧭,1
misdirection,,🧭,1
misdoing,,😈,1
miser,,🤑,2
miserable,,😞,3
misery,,😞,2
misfire,,🔫,1
misfit,,🧩,2
misfortune,,🍀,1
misgiving,,😟,2
misgovern,,🏛️,1
misguided,,🧭,1
misguidedly,,🧭,1
mishandle,,🤦,1
mishap,,💥,2
mishmash,,🥘,1
misidentify,,❓️,1
misinform,,❌️,1
misinformation,,❌️,2
misinterpret,,❓️,1
misjudge,,⚖️,1
misjudgment,,⚖️,1
mislaid,,❓️,1
mislay,,❓️,1
mislead,,🚧,1
misled,,🚧,1
mismanage,,🤦,1
mismanagement,,🤦,1
mismatch,,🧩,2
misnomer,,🏷️,1
misogynist,,😠,1
misogyny,,😠,1
misplace,,❓️,1
misprint,,🖨️,1
mispronounce,,🗣️,1
misquotation,,💬,1
misquote,,💬,1
misread,,📖,1
misrepresent,,❌️,1
misrule,,⚖️,1
miss,,❌️,2
missal,,📖,1
misshapen,,🌀,1
missile,,🚀,3
missing,,❓️,2
mission,,🎯,2
missionary,,⛪️,2
missive,,✉️,1
misspell,,🔤,1
misspelling,,🔤,1
misspelt,,🔤,1
misspend,,💸,1
misspent,,💸,1
misstate,,💬,1
misstatement,,💬,1
misstep,,🚫,1
mist,,🌫️,3
mistake,,❌️,2
mistaken,,❌️,1
mister,,👔,2
mistletoe,,🌿,3
mistook,,❌️,1
mistreat,,😠,1
mistreatment,,😠,1
mistress,,👩,1
mistrial,,⚖️,1
mistrust,,😒,2
mistrustful,,😒,1
misty,,🌫️,3
misunderstand,,❓️,2
misunderstood,,❓️,1
misuse,,🚫,2
mite,,🕷️,2
miter,,📐,1
mitigate,,🩹,1
mitigation,,🩹,1
mitosis,,🧬,2
mitt,,🧤,3
mitten,,🧤,3
mix,,🥣,2
mixed,,🥣,1
mixer,,🥣,2
mixture,,🥣,2
mizzenmast,,⛵️,1
mnemonic,,🧠,1
moan,,😩,2
moat,,🏰,3
mob,,👥,2
mobile,,📱,2
mobility,,🚶,1
mobilization,,🪖,1
mobilize,,🪖,1
mobster,,🔫,2
moccasin,,👟,2
mocha,,☕️,2
mock,,😏,2
mockery,,😏,1
modal,,🔘,1
mode,,🔘,1
model,,📐,2
modem,,📡,2
moderate,,😐️,1
moderation,,⚖️,1
moderator,,🎙️,2
modern,,🏙️,1
modernistic,,🏙️,1
modernity,,🏙️,1
modernization,,🏗️,1
modernize,,🏗️,1
modest,,😊,1
modesty,,😊,1
modicum,,🔹,1
modification,,🔧,1
modifier,,🔧,1
modify,,🔧,2
modish,,👗,1
modular,,🧱,1
modulate,,🎚️,1
modulation,,🎚️,1
module,,🧩,2
mogul,,🎿,2
mohair,,🐐,1
moiety,,🍰,1
moire,,🌈,1
moist,,💧,2
moisten,,💧,1
moisture,,💧,3
moisturize,,🧴,2
molar,,🦷,3
molasses,,🍯,2
mold,,🦠,2
molder,,🦠,1
molding,,🖼️,1
moldy,,🦠,3
mole,,🦫,3
molecular,,🧬,1
molecule,,🧬,2
molest,,😨,1
molestation,,😨,1
mollification,,🕊️,1
mollify,,🕊️,1
mollusk,,🐚,2
molt,,🐍,2
molten,,🌋,2
molybdenum,,⚗️,1
mom,,👩,3
moment,,⏱️,2
momentarily,,⏱️,1
momentary,,⏱️,1
momentous,,❗️,1
momentum,,🚀,2
momma,,👩,3
mommy,,👩,3
monarch,,👑,3
monarchic,,👑,1
monarchical,,👑,1
monarchism,,👑,1
monarchist,,👑,1
monarchy,,👑,2
monastery,,🏛️,2
monastic,,⛪️,2
monasticism,,⛪️,1
monetary,,💰️,2
money,,💰️,3
moneyed,,💰️,1
mongoose,,🦡,2
mongrel,,🐕️,2
moniker,,🏷️,1
monitor,,🖥️,3
monk,,🧘,2
monkey,,🐒,3
mono,,🔊,1
monochromatic,,⚫️,1
monochrome,,⚫️,2
monocle,,🧐,3
monogamous,,💑,1
monogamy,,💑,1
monogram,,🔤,1
monograph,,📄,1
monolingual,,🗣️,1
monolith,,🗿,2
monolithic,,🗿,1
monolog,,💬,1
monologue,,💬,2
monomania,,🔁,1
monomaniac,,🔁,1
mononucleosis,,🤒,1
monophonic,,🔊,1
monopolist,,💰️,1
monopolistic,,💰️,1
monopolization,,💰️,1
monopolize,,💰️,1
monopoly,,🎩,2
monorail,,🚝,3
monosyllabic,,🔤,1
monosyllable,,🔤,1
monotheism,,☝️,1
monotheist,,☝️,1
monotheistic,,☝️,1
monotone,,😐️,2
monotonous,,😑,2
monotony,,😑,2
monsignor,,⛪️,1
monsoon,,🌧️,3
monster,,👹,3
monstrosity,,👹,1
monstrous,,👹,2
montage,,🖼️,1
month,,📅,3
monthly,,📅,2
monument,,🗽,3
monumental,,🗽,1
moo,,🐄,3
mooch,,🤲,1
mood,,🎭️,2
moody,,😔,2
moon,,🌙,3
moor,,⚓️,2
mooring,,⚓️,2
moose,,🫎,3
moot,,🤷,1
mop,,🧹,3
mope,,😔,2
moped,,🛵,3
moppet,,👶,1
moraine,,🏔️,1
moral,,😇,2
morale,,💪,2
moralist,,😇,1
moralistic,,😇,1
morality,,⚖️,2
moralize,,😇,1
morass,,🕳️,1
moratoria,,⏸️,1
moratorium,,⏸️,2
morbid,,💀,2
morbidity,,💀,1
mordant,,😏,1
more,,➕️,2
mores,,🏛️,1
morgue,,⚰️,2
moribund,,💀,1
morn,,🌅,2
morning,,🌅,3
morocco,,🗺️,1
moron,,🙄,1
moronic,,🙄,1
morose,,😔,2
morpheme,,🔤,1
morphine,,💉,2
morphological,,🔤,1
morphology,,🔤,1
morrow,,🌅,1
morsel,,🍱,2
mortal,,💀,2
mortality,,⚰️,2
mortar,,🧱,2
mortgage,,🏠️,2
mortgagee,,🏠️,1
mortgager,,🏠️,1
mortician,,⚰️,2
mortification,,😳,1
mortify,,😳,2
mortise,,🪚,1
mortuary,,⚰️,2
mosaic,,🖼️,3
mosey,,🚶,1
mosque,,🕌,3
mosquito,,🦟,3
moss,,🌿,2
mossy,,🌿,2
most,,➕️,1
mostly,,➕️,1
mote,,🌫️,1
motel,,🏨,3
moth,,🦋,3
mother,,👩,3
motherless,,👶,1
motherly,,👩,2
motif,,🎨,1
motile,,🏃,1
motion,,🎥,2
motionless,,🗿,2
motivate,,💪,2
motivation,,💪,2
motive,,🎯,1
motley,,🌈,1
motocross,,🏍️,2
motor,,⚙️,2
motorcade,,🚗,2
motorist,,🚗,2
motorize,,⚙️,1
mottled,,🌈,1
motto,,📜,2
mould,,🦠,2
moult,,🐍,1
mound,,⛰️,2
mount,,⛰️,2
mountain,,⛰️,3
mountaineer,,🧗,3
mountainous,,⛰️,2
mountebank,,🤡,1
mounting,,📈,1
mourn,,😢,2
mournful,,😢,2
mourning,,😢,2
mouse,,🐭,3
mouser,,🐱,1
mousse,,🍮,2
moustache,,🥸,1
mousy,,🐭,2
mouth,,👄,3
mouthful,,👄,1
movable,,🔀,1
move,,🚚,2
moveable,,🔀,1
movement,,➡️,2
mover,,🚚,2
movie,,🎬️,3
moving,,📦️,2
mow,,🌾,2
mown,,🌾,1
mozzarella,,🧀,3
much,,➕️,1
mucilage,,🧴,1
muck,,🟤,1
mucky,,🟤,1
mucous,,🤧,1
mucus,,🤧,2
mud,,🟤,3
muddle,,🌀,1
muddy,,🟤,2
mudslinging,,🟤,1
muezzin,,🕌,1
muff,,🧤,1
muffin,,🧁,3
muffle,,🔇,2
muffler,,🧣,2
mufti,,🧕,1
mug,,☕️,3
muggy,,🥵,2
mukluk,,👢,1
mulatto,,👤,1
mulch,,🌱,1
mule,,🐴,3
muleteer,,🐴,1
mulish,,🐴,1
mull,,🤔,1
mullah,,🕌,1
mullet,,🐟️,2
multicolored,,🌈,2
multicultural,,🌐,1
multifaceted,,💎,1
multifarious,,🔀,1
multilateral,,🤝,1
multilingual,,🗣️,1
multimedia,,📺️,1
multinational,,🌐,2
multiple,,🔢,1
multiplex,,🎬️,2
multiplicand,,✖️,1
multiplication,,✖️,3
multiplicity,,🔢,1
multiplier,,✖️,1
multiply,,✖️,3
multipurpose,,🧰,1
multiracial,,🌈,1
multitude,,👥,2
multitudinous,,👥,1
mum,,🤫,2
mumble,,🤐,2
mummer,,🎭️,1
mummification,,🧟,1
mummify,,🧟,2
mummy,,🧟,3
mumps,,🤒,2
munch,,😋,2
munchies,,🍿,2
mundane,,😑,1
municipal,,🏛️,2
municipality,,🏛️,1
munificence,,🎁,1
munificent,,🎁,1
munitions,,💣️,2
mural,,🖼️,3
muralist,,🎨,1
murder,,🔪,3
murderess,,🔪,1
murderous,,🔪,1
murk,,🌫️,1
murky,,🌫️,2
murmur,,🤫,2
muscatel,,🍷,1
muscle,,💪,3
muscular,,💪,2
muscularity,,💪,1
musculature,,💪,1
muse,,🤔,2
museum,,🏛️,3
mush,,🥣,1
mushy,,🥣,1
music,,🎵,3
musical,,🎵,2
musician,,🎸,3
musicologist,,🎼,1
musicology,,🎼,1
musk,,🦌,1
musket,,🔫,3
musketeer,,⚔️,2
musky,,🦌,1
muslin,,🧵,1
muss,,😖,1
mussel,,🦪,3
mussy,,😖,1
must,,❗️,1
mustache,,🥸,2
mustang,,🐎,3
mustard,,🌭,2
muster,,📣,1
musty,,🦠,1
mutability,,🔄,1
mutable,,🔄,1
mutant,,🧬,2
mutate,,🧬,2
mutation,,🧬,2
mute,,🔇,3
mutilate,,🔪,1
mutilation,,🔪,1
mutineer,,⚔️,1
mutinous,,⚔️,1
mutiny,,⚔️,2
mutt,,🐕️,2
mutter,,🗣️,1
mutton,,🍖,2
mutual,,🤝,2
muumuu,,👗,1
muzzle,,🐕️,2
my,,👤,1
myna,,🐦️,2
mynah,,🐦️,2
myopia,,👓️,2
myopic,,👓️,2
myriad,,♾️,1
myrrh,,🕯️,1
myrtle,,🌿,1
mysterious,,🕵️,2
mystery,,🕵️,3
mystic,,🔮,2
mystical,,🔮,2
mysticism,,🔮,1
mystification,,❓️,1
mystify,,❓️,2
mystique,,🔮,1
myth,,📜,2
mythical,,🐉,2
mythological,,🐉,1
mythology,,🐉,2
nab,,✋️,1
nabob,,🤑,1
nachos,,🌮,3
nadir,,📉,1
nag,,🐴,2
naiad,,🧚,1
nail,,💅,2
naive,,🙈,1
naivete,,🙈,1
naked,,🙈,2
name,,📛,2
nameless,,❓️,1
namely,,🔗,1
nanny,,👩,2
nanosecond,,⏱️,1
nap,,😴,3
napalm,,🔥,1
nape,,🧍,1
naphtha,,🧪,1
napkin,,🧻,3
narc,,🕵️,1
narcissi,,🌼,1
narcissism,,🤳,2
narcissist,,🤳,2
narcissistic,,🤳,2
narcissus,,🌼,2
narcosis,,😵,1
narcotic,,💊,2
nark,,🕵️,1
narrate,,🗣️,2
narration,,🗣️,2
narrative,,📖,2
narrow,,➡️,1
narwhal,,🦄,2
nary,,🤷,1
nasal,,👃,2
nascent,,🌱,2
nasturtium,,🌺,2
nasty,,🤢,2
natal,,👶,2
nation,,🌍️,2
national,,🌍️,2
nationalism,,🌍️,1
nationalist,,🌍️,1
nationalistic,,🌍️,1
nationality,,🌍️,2
nationalization,,🌍️,1
nationalize,,🌍️,1
native,,🌍️,2
nativity,,👶,2
natty,,👔,2
natural,,🌿,2
naturalism,,🌿,1
naturalist,,🌿,2
naturalistic,,🌿,1
naturalization,,📜,1
naturalize,,📜,1
naturally,,🌿,1
nature,,🌿,3
naught,,0️⃣,2
naughty,,😈,2
nausea,,🤢,3
nauseate,,🤢,2
nauseous,,🤢,3
nautical,,⚓️,3
nautili,,🐚,2
nautilus,,🐚,3
naval,,⚓️,2
nave,,⛪️,2
navel,,👤,2
navigability,,🧭,2
navigable,,🧭,2
navigate,,🧭,3
navigation,,🧭,3
navigator,,🧭,2
navy,,⚓️,2
nay,,🙅,2
near,,📍,2
nearly,,🤏,1
neat,,✨️,2
neath,,⬇️,1
nebula,,🌌,3
nebulae,,🌌,2
nebular,,🌌,2
nebulous,,🌫️,2
necessarily,,✅️,1
necessary,,✅️,2
necessitate,,❗️,1
necessity,,❗️,2
neck,,🦒,2
neckerchief,,🧣,2
necromancy,,💀,2
nectar,,🍯,2
nectarine,,🍑,2
nee,,👶,1
need,,❗️,2
needful,,❗️,1
needle,,🪡,3
needless,,❌️,1
needs,,❗️,1
needy,,🙏,2
nefarious,,😈,2
negate,,➖️,2
negation,,➖️,2
negative,,➖️,2
neglect,,🙈,2
neglectful,,🙈,2
negligee,,👗,2
negligence,,🙈,2
negligent,,🙈,2
negligible,,🤏,2
negotiable,,🤝,2
negotiate,,🤝,3
negotiation,,🤝,3
neigh,,🐴,3
neighbor,,🏘️,3
neighborhood,,🏘️,3
neighborly,,🏘️,2
neither,,🚫,1
nematode,,🪱,2
nemeses,,😈,1
nemesis,,😈,2
neoclassic,,🏛️,1
neoclassical,,🏛️,1
neologism,,📖,1
neon,,💡,2
neonatal,,👶,2
neophyte,,🆕,2
neoprene,,🧤,1
nephew,,👦,2
nepotism,,👪️,2
neptunium,,☢️,1
nerd,,🤓,3
nerdy,,🤓,3
nerve,,😬,2
nerveless,,😨,1
nervous,,😰,3
nervy,,😬,2
nest,,🪺,3
nestle,,🪺,2
nestling,,🐣,2
net,,🥅,3
nether,,⬇️,1
netting,,🥅,2
nettle,,🌿,2
nettlesome,,😠,1
network,,🌐,3
networking,,🌐,2
neural,,🧠,2
neuralgia,,😖,1
neuralgic,,😖,1
neuritis,,😖,1
neurological,,🧠,2
neurologist,,🧠,2
neurology,,🧠,2
neuron,,🧠,3
neuroses,,😰,1
neurosis,,😰,2
neurotic,,😰,2
neuter,,✂️,2
neutral,,⚪️,2
neutrality,,⚪️,2
neutralization,,⚖️,1
neutralize,,⚖️,2
neutrino,,⚛️,2
neutron,,⚛️,3
never,,🚫,2
nevertheless,,➡️,1
new,,🆕,3
newel,,🪜,1
newfangled,,🆕,1
newly,,🆕,2
news,,📰,3
newsy,,📰,2
newt,,🦎,3
newton,,🍎,1
next,,➡️,2
nexus,,🔗,1
niacin,,💊,1
nib,,🖋️,2
nibble,,🐭,2
nice,,😊,2
nicety,,✨️,1
niche,,🕳️,1
nick,,🔪,1
nickel,,🪙,3
nicotine,,🚬,2
niece,,👧,2
nifty,,👍️,2
niggardly,,🤏,1
nigger,,🚫,1
niggling,,🐜,1
nigh,,📍,1
night,,🌙,3
nightie,,👗,2
nightingale,,🐦️,2
nightly,,🌙,2
nightmare,,😱,3
nightmarish,,😱,2
nihilism,,🕳️,1
nihilist,,🕳️,1
nihilistic,,🕳️,1
nil,,0️⃣,2
nimbi,,☁️,1
nimble,,🤸,2
nimbus,,☁️,2
nincompoop,,🤪,2
nine,,9️⃣,3
ninepins,,🎳,2
nineteenth,,🔢,1
ninetieth,,🔢,1
ninety,,🔢,2
ninny,,🤪,1
ninth,,9️⃣,2
nip,,🤏,2
nipper,,🦀,1
nipple,,🍼,2
nippy,,🥶,2
nirvana,,☮️,2
nit,,🐛,2
niter,,🧂,1
nitrate,,🧪,2
nitrogen,,🧪,2
nitroglycerin,,💣️,1
nitroglycerine,,💣️,1
nix,,❌️,2
no,,🙅,3
nobility,,👑,2
noble,,👑,2
nobleman,,🤴,2
noblewoman,,👸,2
nocturnal,,🌙,3
nocturne,,🎵,1
nod,,😉,2
node,,🔘,2
nodular,,🔘,1
nodule,,🔘,2
noel,,🎄,2
noggin,,🧠,1
noise,,🔊,3
noiseless,,🔇,2
noisome,,🤢,1
noisy,,🔊,3
nomad,,🏕️,2
nomadic,,🏕️,2
nomenclature,,📖,1
nominal,,🏷️,2
nominate,,🗳️,2
nomination,,🗳️,3
nominative,,📝,1
nominee,,🗳️,2
nonagenarian,,👴,2
nonalcoholic,,🚫,2
nonaligned,,🚫,1
nonbeliever,,🙅,1
nonce,,1️⃣,1
nonchalance,,😎,2
nonchalant,,😎,3
noncom,,🎖️,1
noncombatant,,🕊️,1
noncommittal,,🤷,2
nonconductor,,🚫,1
nonconformist,,🎨,1
nonconformity,,🎨,1
noncooperation,,🚫,1
nondairy,,🚫,2
nondescript,,😐️,2
none,,0️⃣,2
nonentity,,👻,1
nonessential,,🚫,1
nonetheless,,➡️,1
nonevent,,🚫,1
nonexempt,,🚫,1
nonexistence,,👻,1
nonexistent,,👻,2
nonfat,,🚫,2
nonfatal,,🚫,1
nonfiction,,📚️,3
nonflammable,,🚫,1
nonhazardous,,✅️,1
noninterference,,🚫,1
nonintervention,,🚫,1
nonjudgmental,,🤷,1
nonmalignant,,✅️,1
nonnegotiable,,🚫,1
nonpareil,,⭐️,1
nonpartisan,,⚖️,1
nonpayment,,🚫,1
nonplus,,😵,1
nonpolitical,,🚫,1
nonpolluting,,🌿,1
nonprescription,,🚫,1
nonprofit,,🤝,2
nonrefillable,,🚫,1
nonrefundable,,🚫,1
nonresident,,🚫,1
nonrestrictive,,🚫,1
nonscheduled,,🚫,1
nonsectarian,,🚫,1
nonsense,,🤪,2
nonsensical,,🤪,2
nonsexist,,⚖️,1
nonskid,,🚫,1
nonsmoking,,🚭️,3
nonstandard,,🚫,1
nonstick,,🍳,2
nonstop,,🚫,1
nonsupport,,🚫,1
nontaxable,,🚫,1
nontransferable,,🚫,1
nonunion,,🚫,1
nonviolence,,☮️,2
nonviolent,,☮️,2
nonvoting,,🚫,1
noodle,,🍜,3
nook,,🛋️,2
noon,,🕛️,3
noose,,🪢,3
nope,,🙅,3
nor,,➕️,1
norm,,📏,2
normal,,✅️,2
normalcy,,✅️,1
normality,,✅️,1
normalization,,✅️,1
normalize,,✅️,1
normally,,✅️,1
normative,,📏,1
north,,⬆️,3
northerly,,⬆️,2
northern,,⬆️,2
northerner,,⬆️,1
northward,,⬆️,2
northwards,,⬆️,2
nose,,👃,3
nosegay,,💐,2
nosey,,👃,2
nostalgia,,📼,2
nostalgic,,📼,2
nostril,,👃,3
nostrum,,🧪,1
nosy,,👃,2
not,,🚫,2
notable,,⭐️,2
notarize,,📜,1
notary,,📜,2
notation,,📝,2
notch,,🔪,1
note,,📝,3
noted,,⭐️,2
nothingness,,🕳️,2
notice,,👀,2
noticeable,,👀,2
notification,,🔔,3
notify,,🔔,2
notion,,💭,2
notional,,💭,1
notoriety,,📰,2
notorious,,😈,2
nougat,,🍬,2
nought,,0️⃣,2
noun,,📖,1
nourish,,🍲,2
nourishment,,🍲,2
nova,,💥,2
novae,,💥,1
novel,,📖,3
novelette,,📖,1
novelist,,✍️,2
novella,,📖,2
novelty,,🎁,2
novice,,🔰,3
novitiate,,🔰,1
now,,⏰️,2
noway,,🙅,1
noxious,,☠️,2
nozzle,,🚿,2
nth,,🔢,1
nuance,,🎨,1
nub,,🔘,1
nubile,,🌸,1
nuclear,,☢️,3
nuclei,,⚛️,2
nucleus,,⚛️,3
nude,,🧍,2
nudge,,👉️,2
nudism,,🧍,1
nudist,,🧍,1
nudity,,🧍,2
nugget,,🍗,3
nuisance,,😤,2
nuke,,☢️,2
null,,0️⃣,2
nullification,,❌️,1
nullify,,❌️,2
numb,,🥶,2
number,,🔢,3
numberless,,♾️,1
numeral,,🔢,2
numerate,,🔢,1
numerator,,➗️,2
numerical,,🔢,2
numerology,,🔢,1
numerous,,♾️,2
numismatics,,🪙,2
numismatist,,🪙,1
nun,,⛪️,3
nuncio,,⛪️,1
nunnery,,⛪️,2
nuptial,,💍,2
nuptials,,💍,2
nurse,,🩺,3
nursery,,🌱,2
nurseryman,,🌱,1
nurture,,🤱,2
nut,,🥜,3
nutmeg,,🌰,3
nutria,,🐀,1
nutrient,,🥦,2
nutriment,,🥦,1
nutrition,,🥦,2
nutritional,,🥦,2
nutritious,,🥦,2
nutritive,,🥦,1
nuts,,🥜,3
nutty,,🥜,2
nuzzle,,🐾,2
nylon,,🧵,2
nymph,,🧚,2
nymphomania,,💋,1
nymphomaniac,,💋,1
oaf,,🤪,2
oafish,,🤪,2
oak,,🌳,3
oaken,,🌳,1
oakum,,🪢,1
oar,,🚣,3
oarsman,,🚣,2
oases,,🏝️,2
oasis,,🏝️,3
oat,,🌾,2
oath,,🤞,2
oats,,🌾,2
obduracy,,🗿,1
obdurate,,🗿,2
obedience,,🐕️,2
obedient,,🐕️,2
obeisance,,🙇,2
obelisk,,🗿,3
obese,,⚠️,2
obesity,,⚠️,2
obey,,✅️,2
obfuscate,,🌫️,2
obfuscation,,🌫️,2
obituary,,📰,2
object,,📦️,2
objection,,🙅,2
objectionable,,🙅,1
objective,,🎯,3
objectivity,,🎯,1
obligate,,❗️,1
obligation,,❗️,2
obligatory,,❗️,1
oblige,,🤝,2
obliging,,🤝,2
oblique,,📐,2
obliterate,,💥,2
obliteration,,💥,2
oblivion,,🕳️,2
oblivious,,😶,2
oblong,,🟦,2
obloquy,,🗣️,1
obnoxious,,😤,2
oboe,,🎶,3
oboist,,🎶,2
obscene,,🔞,2
obscenity,,🔞,2
obscure,,🌫️,2
obscurity,,🌫️,2
obsequious,,🙇,2
observable,,🔭,2
observance,,📅,2
observant,,👀,2
observation,,🔭,3
observatory,,🔭,3
observe,,👀,3
obsess,,😵,2
obsession,,😵,2
obsessive,,😵,2
obsidian,,🖤,2
obsolescence,,🗑️,1
obsolescent,,🗑️,1
obsolete,,🗑️,2
obstacle,,🚧,3
obstetric,,🤰,2
obstetrician,,🤰,2
obstetrics,,🤰,2
obstinacy,,🗿,1
obstinate,,🗿,2
obstreperous,,😤,1
obstruct,,🚧,2
obstruction,,🚧,3
obstructionist,,🚧,1
obstructive,,🚧,2
obtain,,🤲,2
obtainable,,🤲,1
obtrude,,👉️,1
obtrusive,,👉️,1
obtuse,,📐,2
obverse,,🔄,1
obviate,,🚫,1
obvious,,💡,2
ocarina,,🎶,2
occasion,,🎉,2
occasional,,🎉,1
occidental,,🌅,1
occlude,,🚫,1
occlusion,,🚫,1
occult,,🔮,3
occupancy,,🏠️,2
occupant,,🏠️,2
occupation,,💼,3
occupational,,💼,2
occupy,,🏠️,2
occur,,❗️,1
occurrence,,❗️,1
ocean,,🌊,3
oceanic,,🌊,2
oceanography,,🌊,2
ocelot,,🐆,3
ocher,,🟤,1
ochre,,🟤,1
octagon,,🛑,3
octagonal,,🛑,2
octane,,⛽️,2
octave,,🎼,2
octet,,🎼,1
octogenarian,,👴,2
octopi,,🐙,2
octopus,,🐙,3
ocular,,👁️,2
oculist,,👁️,1
odd,,🔢,2
oddity,,🤔,2
odds,,🎲,2
ode,,📜,1
odious,,🤢,2
odium,,🤢,1
odometer,,🚗,2
odor,,👃,2
odoriferous,,👃,1
odorless,,🚫,1
odorous,,👃,2
odour,,👃,2
odyssey,,🗺️,2
of,,🔗,1
off,,🔴,2
offal,,🍖,2
offence,,😠,2
offense,,😠,2
offensive,,⚔️,2
offer,,🎁,3
offering,,🎁,2
offertory,,🙏,1
office,,🏢,3
officer,,👮,3
official,,📋️,2
officialdom,,🏛️,1
officiate,,🎤,1
officious,,😤,1
offing,,🔮,1
oft,,🔁,1
often,,🔁,2
ogle,,👀,2
ogre,,👹,3
oh,,😮,2
ohm,,⚡️,2
oil,,🛢️,3
oily,,🛢️,2
oink,,🐷,3
ointment,,🧴,3
okay,,👌,3
okra,,🥒,2
old,,👴,3
olden,,👴,1
oldie,,📼,1
oleaginous,,🛢️,1
oleander,,🌸,1
oleomargarine,,🧈,1
olfactory,,👃,2
oligarch,,👑,1
oligarchy,,👑,2
olive,,🫒,3
ombudsman,,⚖️,1
omega,,🔚,1
omelet,,🍳,3
omelette,,🍳,3
omen,,🔮,2
ominous,,⛈️,2
omission,,🙈,1
omit,,❌️,1
omnibus,,🚌,1
omnipotence,,⚡️,1
omnipotent,,⚡️,2
omnipresence,,🌐,1
omnipresent,,🌐,1
omniscience,,🧠,1
omniscient,,🧠,2
omnivore,,🍽️,2
omnivorous,,🍽️,2
on,,🔛,2
once,,1️⃣,1
oncology,,🎗️,2
oncoming,,➡️,1
one,,1️⃣,3
oneness,,☯️,1
onerous,,😩,2
onion,,🧅,3
onlooker,,👀,2
only,,☝️,1
onomatopoeia,,🔤,1
onomatopoeic,,🔤,1
onset,,▶️,1
onslaught,,⚔️,2
onto,,➡️,1
onus,,❗️,1
onward,,➡️,2
onwards,,➡️,2
onyx,,⚫️,2
oodles,,📈,1
oops,,😬,3
ooze,,🟢,2
opacity,,🌫️,2
opal,,💎,3
opalescent,,✨️,2
opaque,,🌫️,2
open,,🔓️,3
opener,,🔧,2
openhanded,,🤲,2
opening,,🚪,2
opera,,🎭️,3
operable,,✅️,1
operate,,⚙️,2
operatic,,🎭️,2
operation,,⚙️,2
operational,,⚙️,1
operative,,⚙️,1
operator,,📞,2
operetta,,🎭️,2
ophthalmologist,,👁️,2
ophthalmology,,👁️,2
opiate,,💊,2
opine,,🗣️,1
opinion,,💭,2
opinionated,,🗣️,2
opium,,💊,2
opossum,,🦝,2
opponent,,🥊,2
opportune,,✅️,1
opportunism,,🎯,1
opportunist,,🎯,1
opportunistic,,🎯,1
opportunity,,🚪,2
oppose,,🙅,2
opposite,,🔄,2
opposition,,🙅,2
oppress,,⛓️,2
oppression,,⛓️,2
oppressive,,⛓️,2
opprobrious,,😤,1
opprobrium,,😤,1
opt,,✅️,1
optic,,👁️,2
optical,,👁️,2
optician,,👓️,3
optics,,👁️,2
optima,,📈,1
optimal,,✅️,2
optimism,,😊,2
optimist,,😊,2
optimistic,,😊,2
optimum,,✅️,2
option,,🔀,2
optional,,🔀,2
optometrist,,👓️,2
optometry,,👓️,2
opulence,,💎,2
opulent,,💎,2
opus,,🎼,2
or,,➕️,1
oracle,,🔮,3
oracular,,🔮,2
oral,,👄,2
orange,,🍊,3
orangeade,,🍊,2
orangutan,,🦧,3
orate,,🗣️,2
oration,,🗣️,2
orator,,🗣️,2
oratorical,,🗣️,1
oratorio,,🎼,1
oratory,,🗣️,2
orb,,🔮,2
orbit,,🛰️,3
orbital,,🛰️,2
orchard,,🌳,3
orchestra,,🎻,3
orchestral,,🎻,2
orchestrate,,🎻,2
orchestration,,🎻,2
orchid,,🌺,3
ordain,,⛪️,2
ordeal,,😫,2
order,,📋️,2
orderly,,📋️,2
ordinal,,🔢,1
ordinance,,📜,2
ordinarily,,✅️,1
ordinary,,😐️,2
ordination,,⛪️,1
ordnance,,💣️,2
ore,,⛏️,3
oregano,,🌿,2
organ,,🎹,3
organdie,,🧵,1
organdy,,🧵,1
organic,,🌱,3
organism,,🦠,2
organist,,🎹,2
organization,,🏢,2
organizational,,🏢,1
organize,,🗂️,2
orgasm,,💥,1
orgy,,💋,1
orient,,🧭,2
oriental,,🌅,1
orientate,,🧭,2
orientation,,🧭,2
orifice,,🕳️,1
origami,,🦢,3
origin,,🌱,2
original,,🆕,2
originality,,🎨,2
originate,,🌱,1
origination,,🌱,1
oriole,,🐦️,3
ornament,,🎄,3
ornamental,,🎄,2
ornamentation,,🎄,1
ornate,,✨️,2
ornery,,😤,2
ornithologist,,🦉,2
ornithology,,🦉,2
orotund,,🗣️,1
orphan,,👶,2
orphanage,,🏠️,2
orthodontic,,🦷,2
orthodontics,,🦷,2
orthodontist,,🦷,3
orthodox,,⛪️,2
orthodoxy,,⛪️,2
orthographic,,🔤,1
orthography,,🔤,1
orthopedic,,🦴,2
orthopedics,,🦴,2
orthopedist,,🦴,2
oscillate,,〰️,2
oscillation,,〰️,2
oscilloscope,,📈,2
osier,,🌿,1
osmosis,,💧,2
osprey,,🦅,3
ossification,,🦴,1
ossify,,🦴,1
ostensible,,🎭️,1
ostentation,,💎,2
ostentatious,,💎,2
osteopath,,🦴,1
osteopathy,,🦴,1
osteoporosis,,🦴,2
ostracism,,🚫,2
ostracize,,🚫,2
ostrich,,🦤,2
other,,🔗,1
otter,,🦦,3
ottoman,,🛋️,2
ouch,,🤕,3
ought,,🔗,1
ounce,,⚖️,2
our,,🔗,1
ours,,🔗,1
oust,,🚪,2
ouster,,🚪,2
out,,🚪,2
outdo,,🏆️,2
outer,,➡️,1
outfit,,👗,2
outing,,🚌,2
outlandish,,🤪,2
outlet,,🔌,3
outmoded,,📼,2
outpouring,,🌊,2
outrage,,😡,3
outrageous,,😡,2
outre,,🎭️,1
outrigger,,🛶,2
outsider,,🚪,2
outskirts,,🏘️,2
outsourcing,,📤️,2
outstretched,,🙆,2
outward,,➡️,1
outwardly,,➡️,1
outwards,,➡️,1
ova,,🥚,2
oval,,🥚,3
ovarian,,🥚,2
ovary,,🥚,2
ovation,,👏,3
oven,,🔥,3
over,,🔝,1
overalls,,👖,3
overate,,🍽️,2
overawe,,😲,2
overbalance,,⚖️,1
overbearing,,😤,2
overbite,,🦷,2
overblown,,🎈,2
overboard,,🚢,2
overbook,,📅,2
overburden,,🏋️,2
overcame,,🏆️,2
overcast,,☁️,3
overcautious,,😬,1
overcharge,,💸,2
overcoat,,🧥,3
overcome,,🏆️,2
overcompensate,,⚖️,1
overcrowd,,🚇️,2
overdid,,😩,1
overdo,,😩,1
overdone,,🔥,2
overdose,,💊,2
overdraft,,🏦,2
overdraw,,🏦,2
overdrawn,,🏦,2
overdress,,👗,2
overdrew,,🏦,2
overdrive,,🚗,2
overdue,,⏰️,2
overeager,,🤩,2
overeat,,🍽️,2
overeaten,,🍽️,2
overestimate,,📈,2
overexpose,,📷️,2
overexposure,,📷️,2
overflow,,🌊,3
overgrew,,🌿,2
overgrow,,🌿,2
overgrown,,🌿,2
overgrowth,,🌿,2
overhand,,✋️,2
overhang,,🪨,2
overhaul,,🔧,2
overhead,,⬆️,2
overhear,,👂️,2
overheard,,👂️,2
overheat,,🥵,2
overhung,,🖼️,1
overindulgence,,🍰,2
overjoyed,,😄,3
overkill,,💀,2
overlaid,,📚️,1
overland,,🗺️,1
overlap,,🔄,2
overlay,,📚️,1
overload,,🔋,2
overlook,,👀,2
overlord,,👑,2
overly,,🔝,1
overmuch,,➕️,1
overnight,,🌙,2
overpaid,,💵,2
overpass,,🌉,3
overplay,,🎭️,2
overpopulation,,👥,2
overpower,,💪,2
overprice,,💸,2
overproduce,,🏭️,2
overproduction,,🏭️,2
overprotective,,🛡️,2
overqualified,,🎓️,2
overran,,🏃,2
overrate,,📈,2
overreach,,🙆,2
overreact,,😱,2
overreaction,,😱,2
overridden,,🚫,2
override,,🚫,2
overrode,,🚫,2
overrule,,🚫,2
overrun,,🏃,2
oversaw,,👀,2
overseas,,🌊,2
oversee,,👀,2
overseen,,👀,2
oversell,,📢,2
overshadow,,🌑,2
overshoe,,👢,2
overshoot,,🎯,2
overshot,,🎯,2
oversight,,👀,2
oversimplify,,➡️,1
oversize,,📏,2
oversized,,📏,2
oversleep,,😴,3
overslept,,😴,2
overstate,,📢,2
overstatement,,📢,2
overstay,,🏠️,2
overstep,,🚫,2
overstuffed,,🛋️,2
overt,,👁️,1
overtake,,🏎️,2
overtaken,,🏎️,2
overtax,,💰️,2
overthrew,,👑,2
overthrow,,👑,2
overthrown,,👑,2
overtime,,⏰️,3
overtone,,🎵,2
overtook,,🏎️,2
overture,,🎼,2
overturn,,🔄,2
overview,,🔭,2
overweening,,😤,1
overweight,,⚖️,2
overwhelm,,😵,2
overwhelming,,😵,2
overwork,,🥵,2
overwrought,,😰,2
overzealous,,🤩,2
oviduct,,🥚,1
oviparous,,🥚,1
ovoid,,🥚,2
ovulate,,🥚,1
ovulation,,🥚,1
ovule,,🥚,1
ovum,,🥚,2
ow,,🤕,2
owe,,💵,2
owing,,💵,1
owl,,🦉,3
owlish,,🦉,2
own,,✅️,1
owner,,🧑,1
ownership,,📜,1
ox,,🐂,3
oxen,,🐂,3
oxford,,👞,2
oxidation,,🧪,2
oxide,,🧪,1
oxidize,,🧪,2
oxyacetylene,,🔥,2
oxygen,,🫧,2
oxygenate,,🫧,1
oxymoron,,🔤,1
oyster,,🦪,3
ozone,,🌫️,2
pa,,👨,2
pace,,🚶,2
pachyderm,,🐘,2
pacific,,🌊,2
pacification,,🕊️,2
pacifier,,🍼,3
pacifism,,🕊️,2
pacifist,,🕊️,2
pacify,,🕊️,2
pack,,🎒,2
package,,📦️,3
packaging,,📦️,2
packer,,📦️,2
packet,,📦️,3
packing,,📦️,2
pact,,🤝,2
pad,,📓,2
padding,,🛋️,2
paddle,,🏓,2
paddock,,🐴,2
paddy,,🌾,2
padre,,⛪️,2
paean,,🎶,1
pagan,,🌙,1
paganism,,🌙,1
page,,📄,3
pageant,,👑,2
pageantry,,👑,2
pager,,📟️,3
paginate,,📄,1
pagination,,📄,1
pagoda,,🏯,3
paid,,💵,2
pail,,🪣,3
pailful,,🪣,2
pain,,😖,3
painful,,😖,2
painless,,😌,2
paint,,🎨,3
painter,,🎨,2
painting,,🖼️,3
pair,,👯,2
paisley,,🎨,1
pajamas,,🩳,2
pal,,🤝,1
palace,,🏰,3
palatable,,😋,2
palate,,👅,2
palatial,,🏰,2
palaver,,🗣️,2
pale,,😳,2
paleontologist,,🦴,2
paleontology,,🦴,2
palette,,🎨,3
palimony,,💰️,2
palindrome,,🔤,1
paling,,🚧,1
palisade,,🚧,2
pall,,⚱️,1
palladium,,🥇,1
pallet,,📦️,2
palliate,,💊,1
palliative,,💊,2
pallid,,😔,2
pallor,,😔,2
palm,,🌴,3
palmetto,,🌴,2
palmist,,🔮,2
palmistry,,🔮,2
palmy,,🌴,1
palomino,,🐴,2
palpable,,✋️,1
palpitate,,💓,2
palpitation,,💓,2
palsy,,🏥,1
paltry,,🤏,1
pampas,,🌾,1
pamper,,💆,2
pamphlet,,📄,2
pamphleteer,,📄,1
pan,,🍳,3
panacea,,💊,2
panache,,✨️,1
panchromatic,,🎨,1
pancreas,,🫀,2
pancreatic,,🫀,1
panda,,🐼,3
pandemic,,🦠,2
pandemonium,,😱,2
pander,,🙇,1
panderer,,🙇,1
pane,,🪟,2
panegyric,,🎤,1
panel,,🖼️,2
paneling,,🪵,1
panelist,,🎙️,2
pang,,😖,1
panic,,😱,3
panicky,,😰,2
pannier,,🧺,2
panoply,,🎭️,1
panorama,,🏞️,3
panoramic,,🏞️,2
pansy,,🌸,3
pant,,🐕️,1
pantaloons,,👖,2
pantheism,,🌌,1
pantheist,,🌌,1
pantheistic,,🌌,1
pantheon,,🏛️,2
panther,,🐆,3
panties,,🩲,2
pantomime,,🎭️,2
pantry,,🚪,2
pants,,👖,3
pantyhose,,🧦,2
pap,,🍼,1
papa,,👨,3
papacy,,⛪️,2
papal,,⛪️,2
papaw,,🍈,1
papaya,,🍈,3
paper,,📄,3
papery,,📄,1
papoose,,👶,1
paprika,,🌶️,2
papyri,,📜,1
papyrus,,📜,2
par,,⛳️,2
parable,,📖,2
parabola,,📈,2
parabolic,,📈,1
parachute,,🪂,3
parachutist,,🪂,2
parade,,🎉,3
paradigm,,🧩,1
paradigmatic,,🧩,1
paradise,,🏝️,3
paradox,,🤯,2
paradoxical,,🤯,2
paraffin,,🕯️,2
paragon,,⭐️,2
paragraph,,📝,2
parakeet,,🦜,3
paralegal,,⚖️,2
parallax,,📐,1
parallel,,📏,2
parallelism,,📏,1
parallelogram,,📐,2
paralyses,,🧊,1
paralysis,,🧊,2
paralytic,,🧊,1
paralyze,,🧊,2
paramecia,,🦠,2
paramecium,,🦠,2
paramedic,,🚑️,3
paramedical,,🚑️,2
parameter,,🔧,1
paramilitary,,🪖,2
paramount,,⭐️,1
paramour,,💋,2
paranoia,,😨,2
paranoid,,😨,2
parapet,,🏰,2
paraphernalia,,🎒,1
paraphrase,,🔄,2
paraplegia,,♿️,2
paraplegic,,♿️,2
parapsychology,,🔮,2
parasite,,🦠,2
parasitic,,🦠,2
parasol,,☂️,3
paratrooper,,🪂,2
parboil,,🍲,2
parcel,,📦️,3
parch,,🏜️,2
parchment,,📜,2
pardon,,🙏,2
pardonable,,🙏,1
pare,,🔪,2
parent,,👪️,3
parentage,,👪️,2
parental,,👪️,2
parentheses,,🔣,2
parenthesis,,🔣,2
parenthetic,,🔣,1
parenthetical,,🔣,1
parenthood,,👪️,2
parenting,,👪️,2
parfait,,🍨,2
pariah,,🚫,1
parimutuel,,🎰,1
paring,,🔪,1
parish,,⛪️,2
parishioner,,⛪️,2
parity,,⚖️,2
park,,🏞️,3
parka,,🧥,3
parlance,,🗣️,1
parlay,,🎲,1
parley,,🗣️,2
parliament,,🏛️,3
parliamentarian,,🏛️,2
parliamentary,,🏛️,2
parlor,,🛋️,2
parochial,,⛪️,1
parochialism,,⛪️,1
parody,,🎭️,2
parole,,🔓️,2
parolee,,🔓️,1
paroxysm,,😱,1
parquet,,🪵,2
parricide,,🔪,1
parrot,,🦜,3
parry,,🤺,2
parse,,🔍️,1
parsimonious,,💸,1
parsimony,,💸,1
parsley,,🌿,3
parsnip,,🥕,2
parson,,⛪️,2
parsonage,,⛪️,2
part,,🧩,2
partake,,🍽️,2
partaken,,🍽️,2
partial,,🔢,1
partiality,,⚖️,1
participant,,🙋,2
participate,,🙋,2
participation,,🙋,2
participatory,,🙋,1
participial,,🔤,1
participle,,🔤,1
particle,,⚛️,2
particular,,🔍️,1
particularity,,🔍️,1
particularize,,🔍️,1
particularly,,🔍️,1
parting,,👋,2
partisan,,🚩,1
partisanship,,🚩,1
partition,,🚧,2
partly,,➗️,1
partner,,🤝,2
partnership,,🤝,2
partook,,🍽️,2
partridge,,🐦️,3
parturition,,👶,1
party,,🎉,3
parvenu,,💼,1
paschal,,🐑,1
pass,,✅️,2
passable,,✅️,1
passage,,🚪,2
passe,,📼,1
passenger,,🧳,1
passing,,🚗,2
passion,,❤️,3
passionate,,🔥,2
passionless,,😐️,1
passive,,😐️,2
passivity,,😐️,1
past,,⏮️,2
pasta,,🍝,3
paste,,📋️,2
pastel,,🎨,2
pastern,,🐴,1
pasteurization,,🥛,2
pasteurize,,🥛,2
pastiche,,🎨,1
pastime,,🎮️,2
pastor,,⛪️,2
pastoral,,🐑,1
pastrami,,🥪,2
pastry,,🥐,3
pasturage,,🌾,1
pasture,,🌾,3
pasty,,😐️,1
pat,,✋️,2
patch,,🩹,2
patchy,,🩹,1
pate,,🧠,1
patella,,🦵,1
patent,,📜,2
paternal,,👨,2
paternalism,,👨,1
paternalistic,,👨,1
paternity,,👨,2
path,,🛤️,3
pathetic,,😢,2
pathogen,,🦠,2
pathogenic,,🦠,2
pathological,,🏥,1
pathologist,,🏥,2
pathology,,🏥,2
pathos,,😢,1
patience,,⏳️,2
patient,,🤒,2
patina,,🟢,1
patio,,🏡,2
patois,,🗣️,1
patriarch,,👴,2
patriarchal,,👴,1
patriarchy,,👴,1
patrician,,👑,1
patricide,,🔪,1
patrimonial,,🏠️,1
patrimony,,🏠️,1
patriot,,🎖️,2
patriotic,,🎖️,2
patriotism,,🎖️,2
patrol,,🚓,3
patrolman,,👮,2
patron,,🤝,1
patronage,,🤝,1
patronize,,😒,1
patronizing,,😒,2
patronizingly,,😒,1
patsy,,🤡,1
patter,,🗣️,1
pattern,,🔁,2
patty,,🍔,2
paucity,,🤏,1
paunch,,🤰,2
paunchy,,🤰,1
pauper,,👤,1
pauperism,,💸,1
pause,,⏸️,3
pave,,🛣️,2
pavement,,🛣️,3
pavilion,,🏛️,2
paving,,🧱,2
paw,,🐾,3
pawn,,♟️,3
pawpaw,,🍈,1
pay,,💵,3
payable,,💵,1
payee,,💵,1
payment,,💳️,3
pea,,🟢,2
peace,,☮️,3
peaceable,,🕊️,1
peaceful,,😌,2
peach,,🍑,3
peacock,,🦚,3
peahen,,🐔,1
peak,,⛰️,3
peaked,,⛰️,1
peal,,🔔,2
peanut,,🥜,3
pear,,🍐,3
pearl,,🦪,2
pearly,,🦪,1
peasant,,🌾,2
peasantry,,🌾,1
peat,,🟤,1
pebble,,🪨,3
pebbly,,🪨,1
pecan,,🌰,2
peccadillo,,😬,1
peccary,,🐗,2
peck,,🐔,2
pectin,,🍎,1
pectoral,,💪,1
peculiar,,🤔,1
peculiarity,,🤔,1
pecuniary,,💰️,1
pedagogic,,🏫,1
pedagogical,,🏫,1
pedagogue,,🏫,1
pedagogy,,🏫,1
pedal,,🚲️,2
pedant,,🤓,1
pedantic,,🤓,1
pedantry,,🤓,1
peddle,,🛒,1
pederast,,😠,1
pederasty,,😠,1
pedestal,,🏛️,2
pedestrian,,🚶,3
pediatric,,👶,2
pediatrician,,👶,2
pediatrics,,👶,2
pedicure,,💅,2
pedigree,,📜,1
pediment,,🏛️,1
pedometer,,📏,2
pee,,🚽,2
peek,,👀,3
peekaboo,,🙈,2
peel,,🍌,2
peeling,,🍌,1
peep,,👀,2
peer,,👥,2
peerage,,👑,1
peerless,,🏆️,1
peeve,,😤,1
peevish,,😤,2
peewee,,👶,1
peg,,📌,2
pejorative,,😠,1
pelican,,🦩,2
pellagra,,🏥,1
pellet,,🔘,2
pellucid,,💧,1
pelt,,🦫,1
pelvic,,🦴,1
pelvis,,🦴,2
pen,,🖊️,3
penal,,⚖️,1
penalize,,🚫,1
penalty,,⚖️,2
penance,,🙏,1
pence,,💷,2
penchant,,❤️,1
pencil,,✏️,3
pendant,,📿,3
pendent,,📿,1
pending,,⏳️,2
pendulous,,⏳️,1
pendulum,,🕰️,2
penes,,🍆,1
penetrable,,➡️,1
penetrate,,➡️,2
penetrating,,➡️,1
penetration,,➡️,1
penguin,,🐧,3
penicillin,,💊,2
peninsula,,🏝️,2
peninsular,,🏝️,1
penis,,🍆,2
penitence,,🙏,1
penitent,,🙏,1
penitential,,🙏,1
penitentiary,,🏢,2
penmanship,,✍️,2
pennant,,🚩,3
penniless,,💸,2
pennon,,🚩,1
penny,,🪙,3
penology,,⚖️,1
pension,,💰️,2
pensive,,🤔,2
pent,,🔒️,1
pentagon,,🏠️,1
pentagonal,,🏠️,1
pentameter,,🎵,1
pentathlon,,🏅,2
penultimate,,🥈,1
penurious,,💸,1
penury,,💸,2
peon,,🌾,1
peony,,🌸,3
people,,👥,3
pep,,⚡️,2
pepper,,🌶️,3
pepperoni,,🍕,2
peppery,,🌶️,2
peppy,,⚡️,2
pepsin,,💊,1
peptic,,🤢,1
per,,➗️,1
perambulate,,🚶,1
percale,,🛏️,1
perceive,,👁️,2
percent,,💯,2
percentage,,💯,2
percentile,,📊,1
perceptible,,👁️,1
perception,,👁️,2
perceptive,,👁️,2
perceptual,,👁️,1
perch,,🐟️,2
perchance,,🎲,1
percolate,,☕️,2
percolation,,☕️,1
percolator,,☕️,3
percussion,,🥁,3
percussionist,,🥁,2
perdition,,🔥,1
peregrination,,🚶,1
peremptory,,🚫,1
perennial,,🌸,2
perfect,,💯,2
perfectible,,💯,1
perfection,,💯,2
perfectionism,,💯,1
perfectionist,,💯,1
perfidious,,🐍,1
perfidy,,🐍,1
perforate,,🕳️,2
perforation,,🕳️,2
perforce,,💪,1
perform,,🎭️,2
performance,,🎭️,2
perfume,,🧴,3
perfumery,,🧴,2
perfunctory,,😐️,1
perhaps,,🤷,1
perigee,,🌕️,1
peril,,⚠️,2
perilous,,⚠️,2
perimeter,,📏,2
period,,🔴,2
periodic,,🔁,2
periodical,,📰,2
periodontal,,🦷,1
peripatetic,,🚶,1
peripheral,,🖱️,1
periphery,,⭕️,1
periscope,,🔭,3
perish,,💀,2
perishable,,🍎,1
peritonitis,,🏥,1
periwinkle,,🐌,2
perjure,,🤥,1
perjury,,🤥,2
perk,,☕️,2
perky,,😃,2
perm,,💇,2
permafrost,,🧊,2
permanence,,♾️,1
permanent,,♾️,2
permeability,,💧,1
permeable,,💧,1
permeate,,💧,2
permissible,,✅️,1
permission,,✅️,2
permissive,,✅️,1
permit,,📜,2
permutation,,🔀,2
pernicious,,☠️,1
peroration,,🎤,1
peroxide,,🧪,2
perpendicular,,📐,2
perpetrate,,😈,1
perpetration,,😈,1
perpetual,,♾️,2
perpetuate,,♾️,1
perpetuation,,♾️,1
perpetuity,,♾️,1
perplex,,😕,2
perplexed,,😕,3
perplexity,,😕,1
perquisite,,🎁,1
persecute,,😠,2
persecution,,😠,2
perseverance,,💪,2
persevere,,💪,2
persimmon,,🍅,2
persist,,💪,2
persistence,,💪,2
persistent,,💪,2
persnickety,,🧐,1
person,,🧑,3
personable,,😊,1
personage,,🧑,1
personal,,🧑,1
personality,,🧠,1
personalize,,🖋️,1
personally,,🧑,1
personification,,🎭️,1
personify,,🎭️,1
personnel,,👥,2
perspective,,🔭,2
perspicacious,,🧠,1
perspicacity,,🧠,1
perspiration,,💦,3
perspire,,💦,3
persuade,,🗣️,2
persuasion,,🗣️,2
persuasive,,🗣️,2
pert,,😏,2
pertain,,🔗,1
pertinacious,,💪,1
pertinacity,,💪,1
pertinence,,🔗,1
pertinent,,🔗,2
perturb,,😟,2
perturbation,,😟,2
perusal,,📖,2
peruse,,📖,2
pervade,,🌫️,2
pervasive,,🌫️,2
perverse,,😈,2
perversion,,😈,1
perversity,,😈,1
pervert,,😈,1
peseta,,💴,2
pesky,,🦟,2
peso,,💴,2
pessimism,,☹️,3
pessimist,,☹️,3
pessimistic,,☹️,3
pest,,🐛,3
pester,,🦟,2
pesticide,,🧪,2
pestilence,,☠️,2
pestilent,,☠️,1
pestle,,🥣,2
pet,,🐾,3
petal,,🌸,3
peter,,📉,1
petiole,,🌿,1
petite,,🤏,2
petition,,📜,3
petrel,,🐦️,2
petrifaction,,🗿,1
petrify,,😱,2
petrochemical,,🛢️,2
petrol,,⛽️,3
petroleum,,🛢️,3
petticoat,,👗,2
petty,,🙄,2
petulance,,😤,2
petulant,,😤,2
petunia,,🌸,2
pew,,⛪️,2
pewter,,🥈,1
phalanges,,🦴,2
phalanx,,🦴,1
phalli,,🍆,1
phallic,,🍆,1
phallus,,🍆,1
phantasm,,👻,2
phantasmagoria,,👻,1
phantasy,,🦄,1
phantom,,👻,3
pharmaceutical,,💊,3
pharmacist,,💊,2
pharmacologist,,💊,1
pharmacology,,💊,1
pharmacy,,💊,3
pharyngeal,,👄,1
pharynges,,👄,1
pharynx,,👄,1
phase,,🌗,2
pheasant,,🐦️,3
phenobarbital,,💊,1
phenomena,,✨️,1
phenomenal,,✨️,2
phenomenon,,✨️,2
pheromone,,🦋,1
phial,,🧪,2
philanthropic,,🤝,2
philanthropist,,🤝,2
philanthropy,,🤝,2
philatelist,,📮,1
philately,,📮,1
philharmonic,,🎻,2
philistine,,🙄,1
philodendron,,🪴,2
philological,,📚️,1
philologist,,📚️,1
philology,,📚️,1
philosopher,,🧠,2
philosophic,,🧠,1
philosophical,,🧠,1
philosophize,,🧠,1
philosophy,,🧠,2
philter,,🧪,2
phlebitis,,🩸,1
phlegm,,🤧,2
phlegmatic,,😐️,1
phloem,,🌿,1
phlox,,🌸,2
phobia,,😱,2
phobic,,😱,2
phoebe,,🐦️,2
phoenix,,🔥,3
phone,,📱,3
phoneme,,🔤,1
phonemic,,🔤,1
phonetic,,🔤,1
phonetician,,🔤,1
phonetics,,🔤,1
phoney,,🎭️,1
phonic,,🔊,1
phonics,,🔤,2
phonograph,,🎶,2
phonological,,🔤,1
phonology,,🔤,1
phony,,🎭️,2
phooey,,😒,1
phosphate,,🧪,1
phosphorescence,,✨️,2
phosphorescent,,✨️,2
phosphorus,,🧪,1
photo,,📷️,3
photogenic,,📸,2
photograph,,📷️,3
photography,,📷️,3
photon,,💡,2
phrasal,,📝,1
phrase,,💬,2
phraseology,,💬,1
phyla,,🧬,1
phylum,,🧬,1
physical,,💪,2
physician,,🩺,3
physicist,,🔬,2
physics,,🔬,2
physiognomy,,🙂,1
physiological,,🧬,1
physiologist,,🧬,1
physiology,,🧬,1
physiotherapist,,🏥,2
physiotherapy,,🏥,2
physique,,💪,2
pi,,🥧,1
pianissimo,,🎹,1
pianist,,🎹,3
piano,,🎹,3
piazza,,🏛️,2
pica,,🔤,1
picaresque,,📖,1
picayune,,🪙,1
piccalilli,,🥒,1
piccolo,,🎶,2
pick,,⛏️,2
pickerel,,🐟️,2
picket,,🚧,2
pickings,,🍒,1
pickle,,🥒,3
picky,,🤨,2
picnic,,🧺,3
pictograph,,🖼️,2
pictorial,,🖼️,2
picture,,🖼️,3
picturesque,,🏞️,2
piddle,,💧,1
piddling,,🤏,1
pidgin,,💬,1
pie,,🥧,3
piece,,🧩,2
pied,,🎨,1
pier,,🚤,2
pierce,,📌,2
piercing,,📌,2
piety,,🙏,2
pig,,🐷,3
pigeon,,🐦️,3
piggish,,🐷,2
piggy,,🐷,3
piglet,,🐖,3
pigment,,🎨,2
pigmentation,,🎨,2
pigmy,,🧍,1
pigsty,,🐷,2
pike,,🎣,2
pilaf,,🍚,2
pilaff,,🍚,2
pilaster,,🏛️,1
pile,,🗂️,2
piles,,🗂️,2
pilfer,,🥷,2
pilgrim,,🚶,2
pilgrimage,,🚶,2
pill,,💊,3
pillage,,🔥,2
pillar,,🏛️,3
pillion,,🏍️,1
pillory,,😖,1
pilot,,✈️,3
pimento,,🌶️,1
pimiento,,🌶️,1
pimp,,🎩,1
pimple,,😖,2
pimply,,😖,1
pin,,📌,3
pinafore,,👗,1
pincers,,🦞,2
pinch,,🤏,3
pine,,🌲,3
ping,,📡,2
pinion,,⚙️,2
pink,,🩷,3
pinkie,,🤙,1
pinkish,,🩷,2
pinky,,🤙,2
pinnacle,,🏔️,2
pinochle,,🃏,1
pint,,🍺,2
pinto,,🐎,1
pinup,,📌,1
pioneer,,🧭,1
pious,,🙏,2
pip,,🌱,1
pipe,,🚬,2
piping,,🔥,1
pippin,,🍎,1
piquancy,,🌶️,1
piquant,,🌶️,2
pique,,😤,1
piracy,,☠️,2
piranha,,🐟️,3
pirate,,☠️,3
piratical,,☠️,2
pirouette,,💃,2
piss,,💦,2
pissed,,😡,2
pistachio,,🥜,3
pistil,,🌸,1
pistillate,,🌸,1
pistol,,🔫,3
piston,,⚙️,2
pit,,🕳️,2
pita,,🫓,3
pitch,,⚾️,2
pitchblende,,⛏️,1
pitcher,,🏺,2
pitchman,,📢,1
piteous,,😢,1
pith,,🌿,1
pithy,,✂️,1
pitiable,,😢,1
pitiful,,😢,2
pitiless,,😠,1
pittance,,🪙,1
pituitary,,🧠,1
pity,,😢,2
pivot,,🔄,2
pivotal,,🔑,2
pixel,,🟦,2
pixie,,🧚,2
pixy,,🧚,2
pizza,,🍕,3
pizzazz,,✨️,1
pizzeria,,🍕,2
pizzicato,,🎻,1
placard,,🪧,3
placate,,🤝,2
place,,📍,2
placebo,,💊,2
placement,,📍,1
placenta,,🤰,2
placentae,,🤰,1
placental,,🤰,1
placer,,⛏️,1
placid,,😌,2
placidity,,😌,1
plagiarism,,📄,1
plagiarist,,📄,1
plagiarize,,📄,1
plague,,🦠,3
plaid,,🧣,2
plain,,➖️,1
plainclothesman,,🕵️,2
plaint,,😢,1
plaintiff,,⚖️,2
plaintive,,😢,1
plait,,💇,2
plan,,📝,2
plane,,✈️,3
planet,,🪐,3
planetaria,,🪐,1
planetarium,,🪐,2
planetary,,🪐,2
plank,,🪵,2
planking,,🪵,1
plankton,,🦠,2
plant,,🌱,3
plantain,,🍌,2
plantation,,🌾,2
planter,,🪴,2
plaque,,🦷,2
plasma,,🩸,2
plaster,,🩹,2
plastered,,🥴,1
plastic,,🥤,2
plasticity,,🔄,1
plate,,🍽️,3
plateau,,🏔️,2
plateaux,,🏔️,1
platen,,🖨️,1
platform,,🚉,2
plating,,⚙️,1
platinum,,💍,2
platitude,,💬,1
platonic,,🤝,1
platoon,,🎖️,2
platter,,🍽️,2
platypus,,🦫,3
plaudit,,👏,2
plausibility,,🤔,1
plausible,,🤔,2
play,,🎭️,2
player,,🎮️,2
playful,,😄,2
plaza,,🏙️,2
plea,,🙏,2
plead,,🙏,2
pleasant,,😊,2
pleasantry,,😊,1
please,,🙏,2
pleasing,,😊,2
pleasurable,,😊,2
pleasure,,😊,2
pleat,,👗,1
plebeian,,🌾,1
plebiscite,,🗳️,2
plectra,,🎸,1
plectrum,,🎸,2
pled,,⚖️,1
pledge,,🤝,2
plenary,,🏛️,1
plenipotentiary,,🏛️,1
plenitude,,📦️,1
plenteous,,📦️,1
plentiful,,📦️,2
plenty,,📦️,2
plethora,,📦️,2
pleurisy,,🫁,1
plexus,,🕸️,1
pliability,,🤸,1
pliable,,🤸,2
pliancy,,🤸,1
pliant,,🤸,1
pliers,,🔧,3
plight,,😟,2
plinth,,🏛️,1
plod,,🐢,2
plop,,💧,2
plot,,🗺️,2
plough,,🚜,2
plover,,🐦️,2
plow,,🚜,3
plowman,,🚜,1
ploy,,🎭️,2
pluck,,🎸,2
plucky,,💪,2
plug,,🔌,3
plum,,🍑,3
plumage,,🪶,2
plumb,,📏,1
plumber,,🔧,3
plumbing,,🚿,2
plume,,🪶,2
plummet,,📉,2
plump,,🔵,1
plunder,,💰️,2
plunge,,🤿,2
plunger,,🪠,3
plunk,,💧,1
plural,,🔤,1
pluralism,,🌐,1
plurality,,🔢,1
pluralize,,🔤,1
plus,,➕️,3
plush,,🧸,2
plushy,,🧸,2
plutocracy,,👑,1
plutocrat,,👑,1
plutocratic,,👑,1
plutonium,,☢️,2
ply,,🪵,1
pneumatic,,💨,1
pneumonia,,🫁,2
poach,,🍳,2
pock,,🕳️,1
pocket,,👖,2
pocketful,,👖,1
pockmark,,🔴,1
pod,,🌱,2
podia,,🎙️,1
podiatrist,,🦶,2
podiatry,,🦶,2
podium,,🎙️,3
poem,,📜,3
poesy,,📜,1
poet,,✍️,3
poetess,,✍️,2
poetic,,📜,2
poetical,,📜,1
poetry,,📜,3
pogrom,,⚔️,1
poignancy,,😢,1
poignant,,😢,2
poinsettia,,🌺,2
point,,👉️,3
pointed,,👉️,2
pointer,,🖱️,2
pointless,,🤷,2
pointy,,📌,2
poise,,🧘,2
poison,,☠️,3
poisonous,,☠️,3
poke,,👉️,2
poker,,🃏,3
pokey,,🐢,1
poky,,🐢,2
polar,,🐻,1
polarity,,🧲,1
polarization,,🧲,1
polarize,,🧲,1
pole,,🪵,2
polemic,,💬,1
polemical,,💬,1
police,,👮,3
policeman,,👮,3
policewoman,,👮,3
policy,,📜,2
polio,,💉,1
poliomyelitis,,💉,1
polish,,✨️,2
polite,,🙂,2
politic,,🏛️,1
political,,🏛️,2
politician,,🏛️,3
politicize,,🏛️,1
politico,,🏛️,1
politics,,🏛️,2
polity,,🏛️,1
polka,,💃,2
poll,,🗳️,3
pollen,,🌼,3
pollinate,,🐝,3
pollination,,🐝,3
polliwog,,🐸,2
pollster,,🗳️,2
pollutant,,🏭️,2
pollute,,🏭️,2
pollution,,🏭️,3
pollywog,,🐸,2
polo,,🐎,2
polonaise,,💃,1
poltergeist,,👻,3
polyester,,🧵,1
polyethylene,,♻️,1
polygamist,,💍,1
polygamous,,💍,1
polygamy,,💍,1
polyglot,,🗣️,1
polygon,,🔷,3
polygonal,,🔷,2
polygraph,,📈,2
polyhedron,,🔷,2
polymath,,🧠,1
polymer,,🧬,1
polynomial,,🔢,1
polyp,,🦠,1
polyphonic,,🎵,1
polyphony,,🎵,1
polysyllabic,,🔤,1
polysyllable,,🔤,1
polytechnic,,🏫,1
polytheism,,🛐,1
polytheist,,🛐,1
polytheistic,,🛐,1
polyunsaturated,,🛢️,1
pomade,,💇,1
pomegranate,,🍎,3
pommel,,🐎,1
pomp,,🎉,1
pompadour,,💇,1
pompom,,🎀,2
pompon,,🎀,2
pomposity,,🙄,1
pompous,,🙄,2
poncho,,🧥,2
pond,,🏞️,3
ponder,,🤔,2
ponderous,,🐘,1
poniard,,🗡️,1
pontiff,,👑,2
pontifical,,⛪️,1
pontificate,,🗣️,1
pontoon,,🛶,2
pony,,🐴,3
pooch,,🐶,2
poodle,,🐩,3
pooh,,😒,1
pool,,🏊️,3
poop,,💩,3
pooped,,😴,2
poor,,😢,2
pop,,🎈,2
pope,,👑,2
poplar,,🌳,2
poplin,,🧵,1
poppa,,👨,2
poppy,,🌺,3
populace,,👥,2
popular,,👍️,2
popularity,,👍️,1
popularization,,👍️,1
popularize,,👍️,1
populate,,👥,2
population,,👥,3
populism,,📢,1
populist,,📢,1
populous,,👥,2
porcelain,,🏺,2
porch,,🏠️,3
porcupine,,🦔,3
pore,,🔬,1
pork,,🥩,3
porn,,🔞,2
porno,,🔞,2
pornographic,,🔞,2
pornography,,🔞,2
porosity,,🧽,1
porous,,🧽,2
porphyry,,🪨,1
porpoise,,🐬,3
porridge,,🥣,3
port,,⚓️,2
portability,,💼,1
portable,,💼,2
portage,,🛶,1
portal,,🌀,2
portcullis,,🏰,2
portend,,🔮,1
portent,,🔮,2
portentous,,🔮,1
porter,,🚂,2
portfolio,,💼,3
portico,,🏛️,2
portion,,🍽️,2
portly,,🍔,1
portmanteau,,🧳,2
portmanteaux,,🧳,1
portrait,,🖼️,3
portraiture,,🖼️,2
portray,,🎭️,2
portrayal,,🎭️,2
pose,,🕺,2
poser,,🕺,1
poseur,,🎭️,1
posh,,💎,2
posit,,💭,1
position,,📍,2
positive,,➕️,2
positron,,⚛️,1
posse,,🤠,2
possess,,🖐️,1
possessed,,👻,2
possession,,📦️,2
possessive,,😠,1
possibility,,🤔,1
possible,,✅️,1
possibly,,🤔,1
possum,,🐀,2
post,,📮,2
postage,,📮,2
postal,,📮,2
poster,,🪧,3
posterior,,🍑,2
posterity,,👶,1
posthumous,,⚰️,1
postlude,,🎵,1
postman,,📮,3
postmortem,,⚰️,2
postnatal,,👶,1
postpartum,,👶,1
postpone,,📅,2
postponement,,📅,1
postulate,,💭,1
posture,,🧍,2
postwar,,⚔️,1
posy,,💐,2
pot,,🍲,2
potable,,💧,1
potassium,,🍌,1
potato,,🥔,3
potency,,💪,1
potent,,💪,2
potentate,,👑,1
potential,,🔋,1
potentiality,,🔋,1
potful,,🍲,1
potion,,🧪,3
potpourri,,🌸,1
potter,,🏺,2
pottery,,🏺,3
pouch,,👝,2
poultice,,🩹,1
poultry,,🐔,3
pounce,,🐱,2
pound,,💷,2
pour,,🫗,3
pout,,😤,2
poverty,,💸,2
powder,,🧂,2
powdery,,🧂,1
power,,⚡️,3
powerful,,💪,2
powerless,,😞,1
powwow,,🪶,1
pox,,🦠,2
practicability,,✅️,1
practicable,,✅️,1
practical,,✅️,2
practicality,,✅️,1
practically,,✅️,1
practice,,🏋️,2
practiced,,✅️,1
practise,,🏋️,2
practitioner,,🩺,1
pragmatic,,✅️,1
pragmatism,,✅️,1
pragmatist,,✅️,1
prairie,,🌾,3
praise,,🙌,2
praline,,🍬,1
prance,,🐴,2
prank,,🃏,2
prankster,,🃏,2
prate,,💬,1
pratfall,,🤸,1
prattle,,💬,1
prawn,,🦐,3
pray,,🙏,3
prayer,,🙏,3
preach,,📢,2
preacher,,📢,2
preamble,,📝,1
prearrange,,📅,1
prearrangement,,📅,1
precarious,,⚠️,2
precaution,,⚠️,2
precautionary,,⚠️,1
precede,,⏮️,2
precedence,,⏮️,1
precedent,,⚖️,2
preceding,,⏮️,1
precept,,📜,1
precinct,,🚓,2
precious,,💎,2
precipice,,🏔️,2
precipitate,,⚡️,1
precipitation,,🌧️,3
precipitous,,🏔️,1
precis,,📄,1
precise,,🎯,2
precision,,🎯,2
preclude,,🚫,1
precocious,,🧒,1
precocity,,🧒,1
preconceive,,💭,1
preconceived,,💭,1
preconception,,💭,1
precondition,,📋️,1
precursor,,➡️,1
predate,,⏪️,1
predator,,🦁,3
predatory,,🦁,2
predecease,,⚰️,1
predecessor,,👴,1
predestination,,🔮,1
predestine,,🔮,1
predetermine,,🔮,1
predicament,,😬,2
predicate,,📝,1
predication,,📝,1
predict,,🔮,2
predictable,,🔮,1
prediction,,🔮,3
predilection,,❤️,1
predispose,,➡️,1
predisposition,,➡️,1
predominance,,👑,1
predominant,,👑,1
predominate,,👑,1
preeminence,,👑,1
preeminent,,👑,1
preempt,,✋️,1
preemption,,✋️,1
preemptive,,✋️,1
preen,,🦚,2
preexist,,➡️,1
prefab,,🏗️,1
prefabricate,,🏗️,1
prefabrication,,🏗️,1
preface,,📖,2
prefatory,,📖,1
prefect,,🏫,1
prefecture,,🏛️,1
prefer,,👍️,2
preferable,,👍️,1
preference,,👍️,1
preferential,,👍️,1
preferment,,📈,1
prefigure,,🔮,1
prefix,,🔤,2
pregnancy,,🤰,3
pregnant,,🤰,3
prehensile,,🐒,1
prehistoric,,🦖,2
prehistory,,🦖,1
prejudge,,⚖️,1
prejudgment,,⚖️,1
prejudice,,⚖️,2
prejudiced,,⚖️,2
prejudicial,,⚖️,1
prelate,,⛪️,1
preliminary,,📋️,1
prelude,,🎵,2
premarital,,💍,1
premature,,👶,2
premeditate,,💭,1
premeditated,,💭,1
premeditation,,💭,1
premenstrual,,🩸,1
premier,,🎩,1
premiere,,🎬️,3
premise,,📋️,1
premium,,💰️,2
premonition,,😰,2
premonitory,,😰,1
prenatal,,🤰,2
preoccupation,,😟,1
preoccupied,,😟,2
preoccupy,,😟,1
preordain,,🔮,1
prep,,📚️,2
prepackage,,📦️,2
prepaid,,💳️,2
preparation,,📋️,2
preparatory,,📋️,1
prepare,,🍳,2
preparedness,,🎒,2
prepay,,💳️,2
preponderance,,⚖️,1
preponderant,,⚖️,1
preposition,,📖,1
prepositional,,📖,1
prepossessing,,😍,2
preposterous,,🤪,2
preppie,,👔,2
preppy,,👔,2
prerecord,,🎙️,2
prerequisite,,✅️,1
prerogative,,👑,2
presage,,🔮,2
preschool,,🏫,3
prescience,,🔮,2
prescient,,🔮,2
prescribe,,💊,2
prescription,,💊,3
prescriptive,,📋️,1
presence,,👤,1
present,,🎁,3
presentable,,👔,2
presentation,,📊,3
presentiment,,🔮,2
presently,,⏳️,2
preservation,,🛡️,2
preservative,,🧪,2
preserve,,🫙,2
preset,,⚙️,2
preshrunk,,👕,2
preside,,🪑,2
presidency,,🏛️,2
president,,🏛️,2
presidential,,🏛️,2
press,,🗞️,2
pressing,,⏰️,2
pressure,,🌡️,2
pressurization,,🌡️,1
pressurize,,🌡️,1
prestige,,🏆️,2
prestigious,,🏆️,2
presto,,🎩,2
presumable,,🤔,1
presumably,,🤔,1
presume,,🤔,2
presumption,,🤔,2
presumptive,,🤔,1
presumptuous,,😤,2
presuppose,,🤔,1
presupposition,,🤔,1
preteen,,🧒,2
pretend,,🎭️,3
pretense,,🎭️,2
pretension,,🎭️,2
pretentious,,🎭️,2
preterit,,📖,1
preterite,,📖,1
preternatural,,👻,1
pretext,,🎭️,1
prettify,,💄,2
pretty,,🌸,2
pretzel,,🥨,3
prevail,,🏆️,2
prevailing,,🏆️,2
prevalence,,📊,1
prevalent,,📊,1
prevaricate,,🤥,2
prevarication,,🤥,2
prevent,,🚫,2
preventable,,🚫,1
preventative,,💊,1
prevention,,🚫,2
preventive,,💊,2
preview,,👀,2
previous,,⏮️,2
prewar,,⚔️,1
prey,,🦌,2
price,,💲,3
priceless,,💎,2
pricey,,💰️,2
prick,,📌,2
prickle,,🌵,2
prickly,,🌵,2
pride,,🦁,2
priest,,⛪️,3
priestess,,⛪️,2
priesthood,,⛪️,2
prig,,😤,1
priggish,,😤,1
prim,,👚,1
primacy,,🥇,2
primal,,🦴,2
primarily,,1️⃣,1
primary,,1️⃣,2
primate,,🐒,3
prime,,🥇,2
primer,,📖,2
primeval,,🦕,2
primitive,,🦴,2
primordial,,🌋,2
primp,,💄,2
prince,,🤴,3
princely,,👑,2
princess,,👸,3
principal,,🏫,2
principality,,🏰,2
principle,,📜,1
principled,,😇,1
print,,🖨️,3
printer,,🖨️,3
printing,,🖨️,2
prior,,⏮️,1
prioress,,⛪️,1
prioritize,,📋️,2
priority,,❗️,2
priory,,⛪️,1
prism,,🔺,3
prismatic,,🌈,2
prison,,🔒️,3
prisoner,,🔒️,2
prissy,,💅,1
pristine,,✨️,2
privacy,,🔒️,2
private,,🔒️,2
privateer,,☠️,2
privation,,😞,1
privet,,🌳,1
privilege,,🎫,2
privileged,,🎫,1
privy,,🚽,2
prize,,🏆️,3
pro,,👍️,1
proactive,,🏃,1
probability,,🎲,2
probable,,🎲,1
probate,,⚖️,1
probation,,⚖️,2
probationary,,⚖️,1
probationer,,⚖️,1
probe,,🔬,2
probity,,😇,1
problem,,❗️,2
problematic,,⚠️,2
problematical,,⚠️,1
proboscis,,🐘,2
procedural,,📋️,1
procedure,,📋️,2
proceed,,➡️,2
proceeding,,➡️,1
proceeds,,💰️,2
process,,⚙️,2
procession,,🚶,2
processional,,🚶,1
processor,,🖥️,2
proclaim,,📢,2
proclamation,,📜,2
proclivity,,🎯,1
procrastinate,,🛌,2
procrastination,,🛌,2
procreate,,👶,2
procreation,,👶,2
proctor,,👀,1
procure,,🛒,2
procurement,,🛒,2
prod,,👉️,2
prodigal,,🏡,1
prodigious,,🏆️,1
prodigy,,🌟,2
produce,,🥕,2
producer,,🎬️,2
product,,📦️,2
production,,🏭️,2
productive,,✅️,2
productivity,,📈,2
prof,,🏫,1
profanation,,🚫,1
profane,,🤬,2
profanity,,🤬,2
profess,,🗣️,1
profession,,💼,2
professional,,💼,2
professionalism,,💼,1
professor,,🏫,2
professorial,,🏫,1
professorship,,🏫,1
proffer,,🤲,2
proficiency,,🏆️,1
proficient,,🏆️,2
profile,,👤,2
profit,,💰️,3
profitable,,💰️,2
profiteer,,💰️,1
profligacy,,💸,1
profligate,,💸,2
profound,,🧠,2
profundity,,🧠,1
profuse,,💦,2
profusion,,💦,1
progenitor,,👴,1
progeny,,👶,2
progesterone,,💊,1
prognoses,,🔮,1
prognosis,,🔮,2
prognostic,,🔮,1
prognosticate,,🔮,2
prognostication,,🔮,1
program,,💻️,2
programmable,,⚙️,1
progress,,📈,2
progression,,📈,2
progressive,,📈,1
prohibit,,🚫,3
prohibition,,🚫,2
prohibitionist,,🚫,1
prohibitive,,🚫,1
project,,📋️,2
projectile,,🚀,2
projection,,📽️,2
projectionist,,📽️,1
projector,,📽️,3
proletarian,,👷,1
proletariat,,👷,1
proliferate,,📈,2
proliferation,,📈,2
prolific,,📈,1
prolix,,📖,1
prologue,,📖,2
prolong,,⏳️,2
prolongation,,⏳️,1
prom,,💃,2
promenade,,🚶,2
prominence,,⭐️,1
prominent,,⭐️,2
promiscuity,,💋,1
promiscuous,,💋,1
promise,,🤝,2
promising,,🌟,2
promontory,,⛰️,2
promote,,📢,2
promoter,,📢,1
promotion,,🎉,2
promotional,,📢,1
prompt,,⏰️,2
promulgate,,📢,1
promulgation,,📢,1
prone,,🛌,2
prong,,🍴,2
pronoun,,📖,1
pronounce,,🗣️,2
pronounceable,,🗣️,1
pronounced,,❗️,1
pronouncement,,📢,1
pronto,,⚡️,2
pronunciation,,🗣️,2
proof,,✅️,2
prop,,🎬️,1
propaganda,,📢,2
propagandist,,📢,1
propagandize,,📢,1
propagate,,🌱,2
propagation,,🌱,1
propane,,🔥,2
propel,,🚀,2
propellant,,🚀,2
propellent,,🚀,2
propeller,,🌀,3
propensity,,🎯,1
proper,,👔,1
propertied,,🏠️,1
property,,🏠️,3
prophecy,,🔮,2
prophesy,,🔮,2
prophet,,🧙,2
prophetess,,🧙,1
prophetic,,🔮,2
prophylactic,,💊,1
propinquity,,📏,1
propitiate,,🙏,1
propitiation,,🙏,1
propitiatory,,🙏,1
propitious,,🍀,2
proponent,,🙋,1
proportion,,⚖️,2
proportional,,⚖️,1
proportionate,,⚖️,1
proposal,,💍,2
propose,,💍,2
proposition,,💼,1
propound,,🗣️,1
proprietary,,©️,1
proprietor,,🏪,2
proprietress,,🏪,1
propriety,,🎩,1
propulsion,,🚀,2
propulsive,,🚀,1
prorate,,➗️,1
prosaic,,😐️,1
proscenium,,🎭️,1
proscribe,,🚫,1
proscription,,🚫,1
prose,,📖,2
prosecute,,⚖️,2
prosecution,,⚖️,2
proselyte,,⛪️,1
proselytize,,⛪️,1
prosody,,📖,1
prospect,,⛏️,2
prospective,,🔮,1
prospectus,,📄,1
prosper,,💰️,2
prosperity,,💰️,2
prosperous,,💰️,2
prostate,,🏥,1
prostheses,,🦿,2
prosthesis,,🦿,3
prosthetic,,🦿,2
prostitute,,💋,2
prostitution,,💋,1
prostrate,,🛌,2
prostration,,🛌,1
protagonist,,🦸,2
protean,,🔄,1
protect,,🛡️,3
protection,,🛡️,3
protective,,🛡️,2
protector,,🛡️,2
protectorate,,🛡️,1
protege,,🎓️,1
protein,,🥩,2
protest,,✊️,3
protestation,,✊️,1
protocol,,📋️,2
proton,,⚛️,3
protoplasm,,🦠,1
prototype,,🧪,2
protozoa,,🦠,2
protozoan,,🦠,2
protract,,⏳️,1
protraction,,⏳️,1
protractor,,📐,3
protrude,,👉️,1
protrusion,,👉️,1
protuberance,,🍄,1
protuberant,,🍄,1
proud,,😊,3
provable,,✅️,1
prove,,✅️,2
proven,,✅️,2
provenance,,📜,1
provender,,🌾,1
proverb,,📜,2
proverbial,,📜,1
provide,,🤲,2
provided,,📦️,1
providence,,🍀,1
provident,,💰️,1
providential,,🍀,1
providing,,🤲,1
province,,🗺️,2
provincial,,🗺️,1
provincialism,,🗺️,1
provision,,📦️,2
provisional,,⏳️,1
proviso,,📜,1
provocation,,😠,2
provocative,,😏,2
provoke,,😠,2
provost,,🎓️,1
prow,,⛵️,2
prowess,,💪,2
prowl,,🐆,2
proximity,,📏,2
proxy,,🗳️,1
prude,,😳,1
prudence,,🤔,1
prudent,,🤔,2
prudential,,🤔,1
prudery,,😳,1
prudish,,😳,1
prune,,🍇,2
prurience,,😏,1
prurient,,😏,1
pry,,🔓️,2
psalm,,📖,2
psalmist,,📖,1
pseudonym,,✍️,1
psoriasis,,🩹,1
psych,,🧠,1
psyche,,🧠,2
psychedelic,,🌈,2
psychiatric,,🧠,1
psychiatrist,,🧠,2
psychiatry,,🧠,2
psychic,,🔮,2
psychical,,🔮,1
psycho,,🔪,2
psychoanalysis,,🛋️,2
psychoanalyst,,🛋️,2
psychoanalyze,,🛋️,1
psychobabble,,💬,1
psychological,,🧠,2
psychologist,,🧠,2
psychology,,🧠,3
psychopath,,🔪,2
psychopathic,,🔪,1
psychoses,,🧠,1
psychosis,,🧠,2
psychosomatic,,🧠,1
psychotherapist,,🛋️,2
psychotherapy,,🛋️,2
psychotic,,🌀,1
pterodactyl,,🦖,2
ptomaine,,🤢,1
pub,,🍺,3
puberty,,🧑,1
pubescence,,🧑,1
pubescent,,🧑,1
pubic,,🦴,1
public,,🏛️,2
publication,,📰,2
publicist,,📢,2
publicity,,📢,2
publicize,,📢,2
publish,,📚️,3
puck,,🏒,3
pucker,,😗,2
puckish,,😏,1
pudding,,🍮,3
puddle,,💧,3
pudgy,,🐷,2
pueblo,,🏘️,2
puerile,,👶,2
puff,,💨,3
puffy,,☁️,2
pug,,🐶,3
pugilism,,🥊,2
pugilist,,🥊,2
pugilistic,,🥊,1
pugnacious,,😠,2
pugnacity,,😠,1
puke,,🤮,3
pulchritude,,😍,1
pull,,↔️,2
pullet,,🐔,2
pulley,,⚙️,3
pulmonary,,🫁,3
pulp,,🍊,2
pulpit,,⛪️,2
pulpy,,🍊,1
pulsar,,⭐️,2
pulsate,,💓,2
pulsation,,💓,2
pulse,,💓,3
pulverization,,💥,1
pulverize,,💥,2
puma,,🐆,3
pumice,,🪨,2
pummel,,👊,2
pump,,⛽️,3
pumpernickel,,🍞,1
pumpkin,,🎃,3
pun,,😏,2
punch,,👊,3
punchy,,👊,1
punctilious,,📏,1
punctual,,⏰️,2
punctuality,,⏰️,2
punctuate,,❗️,1
punctuation,,❗️,2
puncture,,📌,2
pundit,,🎙️,1
pungency,,👃,1
pungent,,👃,2
punish,,⛓️,2
punishable,,⚖️,1
punishment,,⛓️,2
punitive,,⚖️,1
punk,,🤘,2
punster,,😏,1
punt,,🏈,2
puny,,🐜,1
pup,,🐶,3
pupa,,🐛,2
pupae,,🐛,2
pupal,,🐛,1
pupil,,👁️,2
puppet,,🎎,3
puppeteer,,🎎,2
puppetry,,🎎,2
puppy,,🐶,3
purchase,,🛒,3
pure,,✨️,2
puree,,🥣,2
purely,,✨️,1
purgative,,💊,1
purgatorial,,🔥,1
purgatory,,🔥,1
purge,,🗑️,2
purification,,💧,1
purify,,💧,2
purism,,✨️,1
purist,,✨️,1
puritan,,⛪️,2
puritanical,,⛪️,1
puritanism,,⛪️,1
purity,,✨️,2
purl,,🧶,1
purloin,,🥷,1
purple,,🟣,3
purplish,,🟣,2
purport,,📢,1
purpose,,🎯,2
purposeful,,🎯,2
purposeless,,❓️,1
purposely,,🎯,1
purr,,😻,3
purse,,👛,3
purser,,👛,1
pursuance,,🏃,1
pursuant,,📋️,1
pursue,,🏃,2
pursuit,,🏃,2
purvey,,🛒,1
purview,,👀,1
pus,,🤢,2
push,,👉️,3
pusher,,👉️,1
pushy,,😤,2
pusillanimity,,😨,1
pusillanimous,,😨,1
puss,,🐱,2
pussy,,🐱,2
pustule,,🔴,1
put,,✋️,1
putative,,🤔,1
putrefaction,,🤢,1
putrefy,,🤢,2
putrescence,,🤢,1
putrescent,,🤢,1
putrid,,🤢,2
putt,,⛳️,2
putter,,⛳️,1
putty,,🧱,2
puzzle,,🧩,3
puzzlement,,🤔,2
pygmy,,🧍,1
pyjamas,,👘,2
pylon,,🚧,3
pyorrhea,,🦷,1
pyramid,,🔺,3
pyramidal,,🔺,2
pyre,,🔥,2
pyrite,,💎,2
pyromania,,🔥,1
pyromaniac,,🔥,2
pyrotechnic,,🎆,2
pyrotechnics,,🎆,2
python,,🐍,3
quack,,🦆,2
quackery,,🦆,1
quad,,🏟️,1
quadrangle,,🏛️,1
quadrant,,📐,1
quadrilateral,,🔷,2
quadrille,,💃,1
quadriplegic,,♿️,1
quadruped,,🐾,1
quadruple,,4️⃣,2
quadruplet,,👶,1
quaff,,🍺,2
quagmire,,🐊,2
quahog,,🐚,2
quail,,🐦️,2
quaint,,🏡,1
quake,,🌎️,2
qualification,,🎓️,2
qualified,,✅️,2
qualifier,,✅️,1
qualify,,✅️,2
qualitative,,📊,1
quality,,⭐️,2
qualm,,😟,1
quandary,,🤔,2
quanta,,⚛️,1
quantify,,🔢,2
quantitative,,📊,1
quantity,,🔢,2
quantum,,⚛️,2
quarantine,,🦠,2
quark,,⚛️,2
quarrel,,😠,2
quarrelsome,,😠,1
quarry,,⛏️,2
quart,,🥛,1
quarter,,🪙,3
quarterly,,📅,1
quartet,,🎻,2
quartette,,🎻,1
quarto,,📖,1
quartz,,💎,2
quasar,,⭐️,2
quash,,🚫,1
quasi,,🔄,1
quatrain,,📜,1
quaver,,🎵,1
quavery,,🎵,1
quay,,⚓️,2
queasy,,🤢,2
queen,,👸,3
queer,,🌈,1
quell,,🚫,1
quench,,🥤,2
querulous,,😠,1
query,,❓️,2
quest,,🗺️,3
question,,❓️,3
questionable,,❓️,1
questioningly,,❓️,1
questionnaire,,📋️,2
queue,,🧍,2
quibble,,🗣️,1
quiche,,🥧,2
quick,,⚡️,2
quicken,,⚡️,1
quickie,,⚡️,1
quid,,💷,1
quiescence,,😴,1
quiescent,,😴,1
quiet,,🤫,3
quietude,,🤫,1
quill,,🪶,3
quilt,,🧵,3
quince,,🍐,1
quinine,,💊,1
quintessence,,✨️,1
quintessential,,✨️,1
quintet,,🎻,1
quintuple,,5️⃣,2
quintuplet,,👶,1
quip,,😏,2
quire,,📄,1
quirk,,🤷,1
quirky,,🤪,2
quisling,,🥷,1
quit,,🚪,2
quite,,✅️,1
quits,,🤝,1
quitter,,🏳️,2
quiver,,🏹,2
quixotic,,🌪️,1
quiz,,📝,3
quizzical,,🤨,2
quoit,,⭕️,1
quorum,,👥,1
quota,,📊,1
quotable,,💬,1
quotation,,💬,2
quote,,💬,2
quoth,,💬,1
quotidian,,🔁,1
quotient,,➗️,2
rabbi,,✡️,3
rabbinical,,✡️,1
rabbit,,🐰,3
rabble,,👥,1
rabid,,🐕️,1
rabies,,🦠,1
raccoon,,🦝,3
race,,🏁,3
racial,,🌍️,1
racism,,🚫,1
racist,,🚫,1
rack,,🗄️,2
racket,,🎾,2
racketeer,,🕴️,1
raconteur,,🗣️,1
racquet,,🎾,3
racy,,🌶️,2
radar,,📡,3
radial,,⚙️,1
radiance,,✨️,2
radiant,,✨️,2
radiate,,📡,2
radiation,,☢️,3
radiator,,🌡️,2
radical,,✊️,2
radicalism,,✊️,1
radii,,📐,1
radio,,📻️,3
radiologist,,🩻,1
radiology,,🩻,2
radish,,🥬,2
radium,,☢️,1
radius,,📐,2
radon,,☢️,1
raffia,,🧺,1
raffish,,🎩,1
raffle,,🎟️,2
raft,,🛶,3
rafter,,🪵,2
rag,,🧻,2
ragamuffin,,🧒,1
rage,,😡,3
ragged,,🧦,1
raggedy,,🧦,1
raglan,,👕,1
raid,,⚔️,2
rail,,🚃,2
railing,,🚧,2
raillery,,😏,1
raiment,,👘,1
rain,,🌧️,3
rainy,,🌧️,3
raise,,🙌,2
raisin,,🍇,2
raja,,👑,1
rajah,,👑,1
rake,,🧹,3
rakish,,😏,1
rally,,🚗,2
ram,,🐏,3
ramble,,🚶,2
rambler,,🚶,1
rambunctious,,🤪,1
ramification,,🌿,1
ramify,,🌿,1
ramp,,🛣️,2
rampage,,😡,2
rampant,,🔥,1
rampart,,🏰,2
ramrod,,📏,1
ramshackle,,🏚️,2
ran,,🏃,2
ranch,,🤠,3
rancid,,🤢,2
rancor,,😠,1
rancorous,,😠,1
random,,🎲,2
rang,,🔔,1
range,,🏔️,2
ranger,,🌲,2
rangy,,📏,1
rank,,🥇,2
ranking,,🥇,2
rankle,,😠,1
ransom,,💰️,2
rant,,😤,2
rap,,🎤,2
rapacious,,🦅,1
rapacity,,🦅,1
rape,,🌾,1
rapid,,💨,2
rapidity,,💨,2
rapids,,🌊,3
rapier,,🗡️,3
rapine,,⚔️,1
rapist,,⚠️,1
rapper,,🎤,3
rapport,,🤝,2
rapprochement,,🤝,2
rapscallion,,😈,1
rapt,,😮,2
rapture,,😇,2
rapturous,,😇,2
rare,,💎,2
rarefy,,💨,1
rarely,,🕐️,1
raring,,🏁,1
rarity,,💎,2
rascal,,😈,2
rash,,🔴,2
rasher,,🥓,2
rasp,,🎵,1
raspy,,🎵,1
rat,,🐀,3
ratchet,,🔧,3
rate,,💯,2
rather,,🤔,1
ratification,,✍️,2
ratify,,✍️,2
rating,,⭐️,2
ratio,,➗️,2
ration,,🍞,2
rational,,🧠,2
rationale,,🧠,2
rationalism,,🧠,1
rationalist,,🧠,1
rationality,,🧠,1
rationalization,,🧠,1
rationalize,,🧠,1
rations,,🍞,2
rattan,,🪑,1
rattle,,🎵,2
rattler,,🐍,2
rattling,,🎵,1
ratty,,🐀,1
raucous,,📢,2
raunchy,,😏,1
ravage,,💥,2
rave,,🎉,2
ravel,,🧶,1
raven,,🐦️,2
ravenous,,🍽️,2
ravine,,🏞️,3
raving,,😡,1
ravioli,,🍝,3
ravish,,😍,1
ravishing,,😍,2
raw,,🥩,3
rawboned,,🦴,1
ray,,☀️,2
rayon,,🧵,1
raze,,💥,2
razor,,🪒,3
razz,,😜,1
re,,🔗,1
reach,,🤚,2
react,,💥,2
reaction,,💥,2
reactionary,,🔙,1
reactivate,,🔄,2
reactivation,,🔄,2
reactor,,⚛️,3
read,,📖,3
readability,,📖,1
readable,,📖,2
reader,,📖,3
readership,,📖,1
readily,,✅️,1
reading,,📖,3
readjust,,🔧,1
readjustment,,🔧,1
ready,,✅️,3
reagent,,🧪,3
real,,✅️,2
realism,,🎨,1
realist,,🎨,1
realistic,,🎨,2
reality,,🌍️,2
realizable,,💡,1
realization,,💡,2
realize,,💡,3
really,,‼️,1
realm,,🏰,2
realty,,🏠️,2
ream,,📄,1
reamer,,🔧,1
reanimate,,⚡️,1
reap,,🌾,3
reaper,,💀,3
reappear,,👻,1
reappearance,,👻,1
reapportion,,📊,1
reapportionment,,📊,1
reappraisal,,📊,1
rear,,🍑,2
rearm,,🔫,1
rearmament,,🔫,1
rearrange,,🔀,2
rearrangement,,🔀,2
rearward,,⬅️,1
rearwards,,⬅️,1
reason,,🧠,2
reasonable,,✅️,2
reasoning,,🧠,2
reassessment,,📊,1
reassurance,,🤗,2
reassure,,🤗,2
reassuring,,🤗,2
rebate,,💵,2
rebel,,✊️,2
rebellion,,✊️,2
rebellious,,✊️,2
rebirth,,🐣,2
reborn,,🐣,2
rebound,,🏀,2
rebuff,,🙅,2
rebuild,,🏗️,2
rebuilt,,🏗️,1
rebuke,,😠,1
rebus,,🧩,1
rebut,,🗣️,1
rebuttal,,🗣️,1
recalcitrance,,🙅,1
recalcitrant,,🙅,1
recall,,🧠,2
recant,,🔙,1
recantation,,🔙,1
recap,,📝,2
recapitulate,,📝,1
recapitulation,,📝,1
recapture,,🎣,1
recast,,🎬️,1
recede,,📉,2
receipt,,🧾,3
receipts,,🧾,3
receivable,,💵,1
receive,,📥️,2
receiver,,📞,2
receivership,,⚖️,1
recent,,🆕,2
receptacle,,🗑️,2
reception,,💐,2
receptionist,,💁,2
receptive,,👂️,2
receptor,,🧬,2
recess,,🏫,2
recession,,📉,2
recessional,,🎵,1
recessive,,🧬,1
recipe,,📝,3
recipient,,📥️,2
reciprocal,,🔄,2
reciprocate,,🔄,2
reciprocation,,🔄,1
reciprocity,,🔄,1
recital,,🎹,2
recitation,,🗣️,2
recite,,🗣️,2
reckless,,🏎️,2
reckon,,🤔,2
reckoning,,⚖️,2
reclaim,,♻️,2
reclamation,,♻️,1
recline,,🛋️,2
recliner,,🛋️,3
recluse,,🚪,1
reclusive,,🚪,1
recognition,,🏅,2
recognizable,,👀,2
recognizance,,⚖️,1
recognize,,👀,2
recoil,,💥,2
recollect,,🧠,2
recollection,,🧠,2
recommend,,👍️,2
recommendation,,👍️,2
recompense,,💰️,2
reconcilable,,🤝,1
reconcile,,🤝,2
reconciliation,,🤝,2
recondite,,🤔,1
recondition,,🔧,1
reconnaissance,,🔭,2
reconnoiter,,🔭,1
reconsider,,🤔,2
reconsideration,,🤔,1
reconstitute,,🔧,1
reconstruct,,🏗️,2
reconstruction,,🏗️,2
record,,💿️,3
recorder,,🎙️,3
recording,,🎙️,2
recount,,🔢,2
recoup,,💰️,1
recourse,,⚖️,1
recover,,💪,2
recoverable,,♻️,1
recovery,,💪,2
recreation,,🎡,2
recreational,,🎡,2
recrimination,,😠,1
recruit,,📋️,2
recruitment,,📋️,2
rectal,,🍑,1
rectangle,,🟥,3
rectangular,,🟥,2
rectification,,🔧,1
rectify,,🔧,2
rectilinear,,📐,1
rectitude,,😇,1
rector,,⛪️,2
rectory,,⛪️,2
rectum,,🍑,1
recumbent,,🛌,1
recuperate,,🤒,2
recuperation,,🤒,1
recuperative,,🤒,1
recur,,🔁,2
recurrence,,🔁,2
recurrent,,🔁,2
recyclable,,♻️,3
recycle,,♻️,3
red,,🔴,3
redden,,🔴,2
reddish,,🔴,2
redecorate,,🎨,2
redeem,,🎟️,2
redeemable,,🎟️,2
redemption,,🎟️,2
redevelop,,🏗️,1
redevelopment,,🏗️,1
redid,,🔁,1
redirect,,↪️,2
redistribute,,🔄,2
redistribution,,🔄,2
redo,,🔁,2
redolence,,👃,1
redolent,,👃,1
redone,,🔁,1
redouble,,✖️,1
redoubtable,,💪,1
redound,,🔄,1
redress,,⚖️,1
reduce,,📉,2
reduction,,📉,2
redundancy,,➕️,1
redundant,,➕️,1
reed,,🌾,3
reeducate,,📚️,1
reedy,,🌾,1
reef,,🐠,3
reefer,,🚬,1
reek,,🤢,2
reel,,🎣,2
reelect,,🗳️,2
reelection,,🗳️,2
reemphasize,,‼️,1
reenactment,,🎭️,2
reenlist,,🎖️,1
reentry,,🚀,2
ref,,🏫,1
refectory,,🍽️,1
refer,,➡️,1
referee,,🏫,2
reference,,📖,2
referenda,,🗳️,1
referendum,,🗳️,3
referral,,➡️,1
refill,,🔄,2
refillable,,🔄,1
refinance,,💵,1
refine,,✨️,2
refined,,✨️,2
refinement,,✨️,1
refinery,,🏭️,3
refinish,,🎨,1
refit,,🔧,1
reflect,,🪞,2
reflection,,🪞,3
reflective,,🪞,2
reflector,,🪞,2
reflex,,🦵,2
reflexes,,🦵,1
reflexive,,🦵,1
reforest,,🌲,2
reforestation,,🌲,2
reform,,🔄,2
reformation,,🔄,1
reformatory,,🏛️,1
reformer,,🔄,1
refract,,🌈,2
refraction,,🌈,2
refractory,,🔥,1
refrain,,🎵,2
refresh,,🔄,2
refreshing,,💧,2
refreshment,,🥤,2
refreshments,,🥤,2
refrigerant,,🧊,1
refrigerate,,🧊,2
refrigeration,,❄️,2
refrigerator,,🧊,3
refuel,,⛽️,2
refuge,,🏠️,2
refugee,,🧳,2
refulgence,,✨️,1
refulgent,,✨️,1
refund,,💵,2
refundable,,💵,2
refurbish,,🔧,2
refurbishment,,🔧,1
refusal,,🙅,2
refuse,,🚫,2
refutation,,🗣️,1
refute,,🗣️,1
regain,,🔁,1
regal,,👑,2
regale,,🗣️,1
regalia,,👑,2
regard,,👀,1
regarding,,ℹ️,1
regardless,,🤷,1
regatta,,⛵️,3
regency,,👑,1
regenerate,,♻️,2
regeneration,,♻️,2
regenerative,,♻️,1
regent,,👑,2
reggae,,🎵,2
regicide,,🗡️,1
regime,,🏛️,2
regimen,,📋️,1
regiment,,🎖️,2
regimental,,🎖️,1
regimentation,,🎖️,1
region,,🗺️,2
regional,,🗺️,2
register,,📋️,2
registrar,,📋️,1
registration,,📋️,2
registry,,📋️,2
regress,,📉,1
regression,,📉,2
regressive,,📉,1
regret,,😔,2
regretful,,😔,2
regrettable,,😔,1
regroup,,👥,1
regular,,🔁,1
regularity,,🔁,1
regularize,,🔁,1
regulate,,🎛️,2
regulation,,📜,2
regulatory,,📜,1
regurgitate,,🤮,2
regurgitation,,🤮,2
rehab,,🏥,2
rehabilitate,,🏥,2
rehabilitation,,🏥,2
rehash,,🔄,1
rehearsal,,🎭️,2
rehearse,,🎭️,2
reheat,,🔥,2
reign,,👑,2
reimburse,,💵,2
reimbursement,,💵,2
rein,,🐎,2
reincarnate,,🔁,2
reincarnation,,🔁,2
reindeer,,🦌,3
reinforce,,💪,2
reinforcement,,💪,2
reinforcements,,💪,1
reinstate,,🔁,1
reinstatement,,🔁,1
reinvent,,💡,2
reiterate,,🔁,2
reiteration,,🔁,1
reject,,🚫,3
rejection,,🚫,2
rejoice,,🎉,2
rejoin,,🤝,1
rejoinder,,🗣️,1
rejuvenate,,🌱,2
rejuvenation,,🌱,2
relapse,,📉,2
relate,,🤝,1
related,,👪️,2
relation,,👪️,2
relationship,,💑,2
relative,,👪️,2
relativity,,⚛️,2
relax,,😌,3
relaxant,,💊,2
relaxation,,😌,2
relay,,🏃,2
release,,🎈,2
relegate,,⬇️,1
relegation,,⬇️,1
relent,,🙇,1
relentless,,💪,2
relevance,,✅️,1
relevancy,,✅️,1
relevant,,✅️,2
reliability,,✅️,1
reliable,,✅️,2
reliance,,🤝,1
reliant,,🤝,1
relic,,🏺,3
relief,,😌,3
relieve,,😌,2
religion,,🙏,3
religious,,🙏,3
relinquish,,🤲,2
relinquishment,,🤲,1
relish,,🥒,2
relive,,🔁,1
relocate,,🚚,2
relocation,,🚚,2
reluctance,,😬,2
reluctant,,😬,2
rely,,🤝,2
remade,,🔁,1
remain,,📍,2
remainder,,➕️,2
remaining,,➕️,1
remains,,💀,2
remake,,🔁,2
remand,,⚖️,1
remark,,🗣️,2
remarkable,,🤩,2
remarriage,,💍,2
remarry,,💍,1
remedial,,🩹,1
remedy,,🩹,2
remember,,🧠,3
remembrance,,🕯️,2
remind,,⏰️,2
reminisce,,🧠,2
reminiscence,,🧠,2
reminiscent,,🧠,1
remiss,,😬,1
remission,,🏥,1
remit,,💵,1
remittance,,💵,2
remnant,,🧵,2
remodel,,🔨,2
remonstrance,,🗣️,1
remonstrate,,🗣️,1
remorse,,😔,2
remorseful,,😔,2
remorseless,,😐️,1
remote,,📺️,3
removable,,🔄,1
removal,,📦️,2
remove,,➖️,2
remover,,🧴,2
remunerate,,💵,1
remuneration,,💵,2
remunerative,,💵,1
renaissance,,🎨,2
renal,,🫘,2
rename,,✏️,2
renascence,,🌱,1
renascent,,🌱,1
rend,,✂️,1
render,,🖥️,2
rendering,,🖼️,2
rendezvous,,📅,2
rendition,,🎭️,2
renegade,,🏴,1
renege,,🙅,1
renew,,🔄,2
renewable,,♻️,2
renewal,,🔄,2
rennet,,🧀,1
renounce,,🙅,2
renovate,,🔨,2
renovation,,🔨,2
renown,,🌟,2
renowned,,🌟,2
rent,,🏠️,2
rental,,🏠️,2
renunciation,,🙅,1
reopen,,🔓️,2
reorder,,🔁,2
reorganization,,🔄,1
reorganize,,🔄,2
rep,,📋️,1
repaid,,💵,1
repair,,🔧,3
repairable,,🔧,1
repairman,,🔧,2
reparation,,💵,2
repartee,,💬,1
repast,,🍽️,1
repatriate,,🛬,1
repatriation,,🛬,1
repay,,💵,2
repayable,,💵,1
repayment,,💵,2
repeal,,🚫,2
repeat,,🔁,3
repeated,,🔁,2
repel,,🚫,2
repellent,,🦟,3
repent,,🙏,2
repentance,,🙏,2
repentant,,🙏,1
repercussion,,💥,1
repertoire,,🎭️,2
repertory,,🎭️,1
repetition,,🔁,2
repetitious,,🔁,1
repetitive,,🔁,2
rephrase,,✏️,1
replace,,🔄,2
replaceable,,🔄,1
replacement,,🔄,2
replay,,🔁,2
replenish,,🔄,2
replenishment,,🔄,1
replete,,🍽️,1
repletion,,🍽️,1
replica,,🏺,2
replicate,,📋️,2
replication,,📋️,1
reply,,💬,2
report,,📄,2
reportage,,📰,1
reporter,,🎙️,3
repose,,😴,2
repository,,🗄️,2
repossess,,🏠️,1
repossession,,🏠️,1
reprehend,,😠,1
reprehensible,,😠,1
represent,,🎭️,1
representation,,🎭️,2
representative,,🏛️,1
repress,,😐️,1
repression,,😐️,1
repressive,,😐️,1
reprieve,,🙏,1
reprimand,,😠,2
reprint,,🖨️,2
reprisal,,⚔️,1
reprise,,🔁,1
reproach,,😠,1
reproachful,,😠,1
reprobate,,😈,1
reproduce,,👶,2
reproducible,,🔁,1
reproduction,,👶,2
reproductive,,👶,2
reproof,,😠,1
reprove,,😠,1
reptile,,🦎,3
reptilian,,🦎,2
republic,,🏛️,2
republican,,🐘,2
republicanism,,🏛️,1
repudiate,,🙅,1
repudiation,,🙅,1
repugnance,,🤢,1
repugnant,,🤢,2
repulse,,🙅,1
repulsion,,🤢,1
repulsive,,🤢,2
reputable,,👍️,1
reputation,,👍️,2
repute,,👍️,1
reputed,,👍️,1
request,,🙏,2
requiem,,🎼,2
require,,❗️,1
requirement,,📋️,2
requisite,,📋️,1
requisition,,📋️,1
requital,,🤝,1
requite,,🤝,1
rerun,,📺️,2
resale,,🏷️,2
rescind,,🚫,1
rescue,,🚑️,3
research,,🔬,3
resemblance,,👥,2
resemble,,👥,2
resent,,😠,2
resentful,,😠,2
resentment,,😠,2
reservation,,📅,2
reserve,,📅,2
reserved,,🎫,1
reserves,,🎫,1
reservist,,🎖️,1
reservoir,,🏞️,3
reset,,🔄,3
reshuffle,,🔀,2
reside,,🏠️,2
residence,,🏠️,3
residency,,🏠️,2
resident,,🏠️,2
residential,,🏠️,2
residual,,➕️,1
residue,,🧪,2
resign,,📝,2
resignation,,📝,2
resigned,,😔,1
resilience,,💪,2
resiliency,,💪,2
resilient,,💪,2
resin,,🌳,2
resinous,,🌳,1
resist,,✊️,2
resistance,,✊️,2
resistant,,✊️,2
resistor,,🔌,2
resold,,💵,1
resolute,,💪,2
resolution,,📜,2
resolve,,✅️,2
resolved,,✅️,1
resonance,,🔊,2
resonant,,🔊,2
resonate,,🔊,2
resonator,,🔊,1
resort,,🏖️,3
resound,,🔊,2
resounding,,🔊,2
resource,,📦️,2
resourceful,,💡,2
respect,,🙏,2
respectability,,🙏,1
respectable,,🙏,1
respectful,,🙏,2
respecting,,🙏,1
respective,,✅️,1
respectively,,✅️,1
respiration,,😤,2
respirator,,😷,3
respiratory,,😤,2
respire,,😤,1
respite,,😌,2
resplendence,,✨️,1
resplendent,,✨️,2
respond,,💬,2
respondent,,💬,2
response,,💬,2
responsibility,,📋️,2
responsible,,✅️,2
responsive,,💬,2
rest,,🛌,3
restate,,🔁,1
restatement,,🔁,1
restaurant,,🍽️,3
restaurateur,,🍽️,2
restful,,😌,2
restitution,,💵,1
restive,,😬,1
restless,,😖,2
restoration,,🔧,2
restorative,,🩹,2
restore,,🔧,2
restrain,,✋️,2
restrained,,✋️,1
restraint,,✋️,2
restrict,,🚫,2
restricted,,🚫,2
restriction,,🚫,2
restrictive,,🚫,1
restructure,,🏗️,1
result,,➡️,2
resultant,,➡️,1
resume,,📄,3
resumption,,▶️,1
resurface,,⬆️,1
resurgence,,📈,2
resurgent,,📈,1
resurrect,,⚰️,2
resurrection,,⚰️,2
resuscitate,,🫀,1
resuscitation,,🫀,1
retail,,🏪,2
retain,,🤲,2
retainer,,🦷,2
retake,,🔁,1
retaken,,🔁,1
retaliate,,⚔️,2
retaliation,,⚔️,2
retaliatory,,⚔️,1
retard,,🐢,1
retardation,,🐢,1
retarded,,🐢,1
retch,,🤢,2
retention,,🧠,1
retentive,,🧠,1
rethink,,🤔,2
rethought,,🤔,1
reticence,,🤐,2
reticent,,🤐,2
retina,,👁️,3
retinae,,👁️,2
retinal,,👁️,2
retinue,,👥,1
retire,,🛌,2
retired,,🛌,2
retiree,,🧓,2
retirement,,🧓,2
retiring,,🚶,1
retold,,📖,1
retook,,🔁,1
retool,,🔧,2
retort,,🗣️,2
retouch,,🎨,2
retrace,,🔙,1
retract,,↩️,2
retractable,,↩️,1
retraction,,↩️,1
retread,,🛞,1
retreat,,🏃,2
retrench,,✂️,1
retrenchment,,✂️,1
retrial,,⚖️,2
retribution,,⚖️,2
retributive,,⚖️,1
retrieval,,📥️,1
retrieve,,🐕️,2
retriever,,🐕️,3
retroactive,,⏮️,1
retrograde,,⏮️,1
retrogress,,⏪️,2
retrogression,,⏪️,2
retrogressive,,⏪️,1
retrorocket,,🚀,2
retrospect,,🔙,2
retrospection,,🔙,2
retrospective,,🔙,2
return,,🔙,3
returnable,,♻️,2
returnee,,🔙,2
reunification,,🤝,2
reunify,,🤝,2
reunion,,🤝,3
reunite,,🤝,3
reupholster,,🛋️,2
reusable,,♻️,3
reuse,,♻️,3
rev,,🏎️,2
revalue,,💲,2
revamp,,🔧,2
reveal,,🎭️,2
revealing,,👀,2
reveille,,🎺,2
revel,,🎉,2
revelation,,💡,2
reveller,,🎉,2
revelry,,🎉,3
revenge,,😈,2
revengeful,,😈,2
revenue,,💰️,2
reverberate,,🔊,2
reverberation,,🔊,2
revere,,🙏,2
reverence,,🙏,2
reverend,,⛪️,2
reverent,,🙏,2
reverential,,🙏,2
reverie,,💭,2
reversal,,🔄,2
reverse,,🔄,3
reversible,,🔄,2
reversion,,🔄,2
revert,,🔄,2
review,,📝,2
revile,,😡,2
revise,,✏️,2
revision,,✏️,2
revitalization,,🔋,2
revitalize,,🔋,2
revival,,🔥,2
revivalist,,⛪️,2
revive,,🔋,2
revivify,,🔋,2
revocable,,📝,1
revocation,,🚫,2
revoke,,🚫,3
revolt,,✊️,2
revolting,,🤢,2
revolution,,✊️,2
revolutionary,,✊️,2
revolutionist,,✊️,2
revolutionize,,🔄,2
revolve,,🔄,3
revolver,,🔫,3
revue,,🎭️,2
revulsion,,🤢,2
reward,,🏆️,3
rewarding,,🏆️,2
rewind,,⏪️,3
reword,,✏️,2
rework,,🔧,2
rewound,,⏪️,2
rewrite,,✏️,2
rewritten,,✏️,2
rewrote,,✏️,2
rhapsodic,,🎵,2
rhapsodize,,🎵,2
rhapsody,,🎵,2
rhea,,🐦️,2
rheostat,,🎛️,2
rhetoric,,🗣️,2
rhetorical,,🗣️,2
rhetorician,,🗣️,2
rheum,,😷,1
rheumatic,,🦴,2
rheumatism,,🦴,2
rheumy,,😷,1
rhinestone,,💎,2
rhino,,🦏,3
rhinoceros,,🦏,3
rhizome,,🌱,2
rhododendron,,🌸,2
rhomboid,,🔷,2
rhombus,,🔷,3
rhubarb,,🌱,2
rhyme,,🎵,2
rhythm,,🎵,3
rhythmic,,🎵,2
rhythmical,,🎵,2
rib,,🍖,2
ribald,,😏,1
ribaldry,,😏,1
ribbon,,🎀,3
riboflavin,,💊,1
rice,,🍚,3
rich,,💰️,3
riches,,💰️,3
rick,,🌾,1
rickets,,🦴,1
rickety,,🪑,2
ricksha,,🛺,2
rickshaw,,🛺,3
ricochet,,💥,2
ricotta,,🧀,2
rid,,🚫,2
riddance,,👋,2
ridden,,🐴,1
riddle,,🧩,3
ride,,🚗,2
rider,,🏇,3
ridge,,⛰️,2
ridicule,,😏,2
ridiculous,,🤪,2
rife,,📈,1
riff,,🎸,2
riffle,,🔀,2
riffraff,,🚮,1
rifle,,🔫,3
rifleman,,🔫,2
rift,,💔,2
rig,,🚚,2
rigamarole,,🌀,1
rigging,,⛵️,2
right,,➡️,2
righteous,,😇,2
rightful,,✅️,2
rightist,,➡️,1
rigid,,📏,2
rigidity,,📏,2
rigmarole,,🌀,1
rigor,,📏,2
rigorous,,📏,2
rile,,😠,2
rill,,🏞️,1
rim,,⭕️,2
rime,,🧊,1
rind,,🍊,2
ring,,💍,3
ringer,,📞,2
ringlet,,💇,2
rink,,⛸️,3
rinse,,🚿,3
riot,,🔥,2
riotous,,🔥,2
rip,,💥,2
ripe,,🍎,2
ripen,,🍎,2
riposte,,🤺,2
ripple,,🌊,2
rise,,📈,3
risen,,📈,2
riser,,📈,1
risible,,😆,1
risk,,🎲,2
risky,,🎲,2
risque,,😏,1
rite,,🕯️,2
ritual,,🕯️,2
ritualism,,🕯️,2
ritzy,,💎,2
rival,,🥊,2
rivalry,,🥊,2
riven,,💔,1
river,,🏞️,3
rivet,,🔩,3
rivulet,,🏞️,2
roach,,🪳,3
road,,🛣️,3
roam,,🚶,2
roan,,🐴,1
roar,,🦁,3
roaring,,🦁,2
roast,,🍖,3
rob,,🦹,2
robbery,,🦹,3
robe,,🥼,2
robin,,🐦️,3
robot,,🤖,3
robotic,,🤖,3
robotics,,🤖,3
robust,,💪,2
rock,,🪨,3
rocker,,🎸,2
rocket,,🚀,3
rocketry,,🚀,2
rocky,,🪨,2
rococo,,🖼️,1
rod,,🎣,2
rode,,🐴,1
rodent,,🐀,3
rodeo,,🤠,3
roe,,🐟️,2
roentgen,,☢️,1
roger,,📻️,1
rogue,,🗡️,1
roguery,,😈,1
roguish,,😏,1
roil,,🌀,1
role,,🎭️,2
roll,,🍞,2
roller,,🛼,2
rollicking,,🎉,1
romaine,,🥬,2
romance,,💕,3
romantic,,💕,3
romanticism,,💕,2
romanticize,,💕,2
romp,,🐕️,1
rompers,,👶,2
roof,,🏠️,3
roofing,,🏠️,2
rook,,🐦️,1
rookery,,🐧,1
rookie,,🆕,2
room,,🛏️,2
roomer,,🏠️,1
roomful,,🚪,1
roomy,,📏,2
roost,,🐔,2
rooster,,🐓,3
root,,🌱,3
rootless,,🌱,1
rope,,🪢,3
rosary,,📿,3
rose,,🌹,3
roseate,,🌹,1
rosemary,,🌿,2
rosette,,🌹,2
rosin,,🎻,1
roster,,📋️,2
rostra,,🎤,1
rostrum,,🎤,2
rosy,,🌹,2
rot,,🍂,2
rotary,,🔄,2
rotate,,🔄,3
rotation,,🔄,3
rote,,🔁,1
rotisserie,,🍗,2
rotogravure,,🖨️,1
rotor,,🌀,2
rotten,,🦷,2
rotund,,🔵,1
rotunda,,🏛️,2
rotundity,,🔵,1
roue,,🎩,1
rouge,,💄,2
rough,,🪨,2
roughage,,🥦,1
roughen,,🪨,1
roughshod,,🐴,1
roulette,,🎰,3
round,,⭕️,2
roundish,,⭕️,1
roundly,,➡️,1
rouse,,⏰️,2
rousing,,📣,2
roustabout,,🎪,1
rout,,🏳️,2
route,,🗺️,3
routine,,📅,2
rove,,🚶,2
row,,🚣,3
rowdy,,🍻,2
rowdyism,,🍻,1
royal,,👑,3
royalist,,👑,2
royalty,,👑,3
rub,,🤲,2
rubber,,🌂,2
rubberize,,🌂,1
rubbery,,🌂,1
rubbish,,🗑️,3
rubble,,🧱,2
rubella,,🤒,1
rubicund,,🔴,1
ruble,,💵,2
rubric,,📋️,2
ruby,,💎,3
rucksack,,🎒,3
ruckus,,💥,2
rudder,,⛵️,3
ruddy,,🔴,1
rude,,😤,2
rudiment,,🔤,1
rudimentary,,🔤,1
rue,,😔,1
rueful,,😔,2
ruff,,🐕️,1
ruffian,,🥊,1
ruffle,,🌀,2
rug,,🟫,2
rugby,,🏉,3
rugged,,🪨,2
ruin,,🏚️,2
ruination,,🏚️,2
ruinous,,🏚️,2
ruins,,🏚️,3
rule,,📏,2
ruler,,📏,3
ruling,,⚖️,2
rum,,🍹,2
rumba,,💃,2
rumble,,🌩️,2
ruminant,,🐄,2
ruminate,,💭,2
rumination,,💭,2
rummage,,🔍️,2
rummy,,🃏,2
rumor,,🗣️,2
rump,,🍑,1
rumple,,👕,1
rumpus,,💥,1
run,,🏃,3
rune,,🔤,2
rung,,🪜,2
runner,,🏃,3
running,,🏃,3
runny,,💧,2
runt,,🐖,1
rupee,,💴,2
rupture,,💥,2
rural,,🌾,2
ruse,,🎭️,2
rush,,🏃,2
rusk,,🍞,1
russet,,🍂,1
rust,,🟠,2
rustic,,🏡,2
rustle,,🍃,2
rusty,,🟠,2
rut,,🚗,1
rutabaga,,🥔,2
ruthless,,😈,2
rye,,🌾,2
sabbatical,,🏖️,2
saber,,⚔️,3
sable,,🖤,1
sabotage,,💣️,2
saboteur,,💣️,2
sabre,,⚔️,3
sac,,👝,1
saccharin,,🍬,1
saccharine,,🍬,2
sachem,,👑,1
sachet,,👝,2
sack,,👝,3
sacking,,🚪,2
sacrament,,⛪️,2
sacramental,,⛪️,2
sacred,,⛪️,2
sacrifice,,🔪,2
sacrificial,,🔪,2
sacrilege,,😱,1
sacrilegious,,😱,1
sacristy,,⛪️,2
sacrosanct,,⛪️,1
sad,,😢,3
sadden,,😢,3
saddle,,🐴,3
sadism,,😈,1
sadist,,😈,2
sadistic,,😈,2
safari,,🦁,3
safe,,🔒️,3
safety,,🦺,3
safflower,,🌻,2
saffron,,🌼,2
sag,,📉,2
saga,,📖,2
sagacious,,🦉,1
sagacity,,🦉,1
sage,,🌿,2
saguaro,,🌵,3
said,,💬,1
sail,,⛵️,3
sailing,,⛵️,3
sailor,,⛵️,3
saint,,😇,3
sainthood,,😇,2
sake,,🍶,2
salaam,,🙏,2
salable,,🏷️,1
salacious,,😏,1
salad,,🥗,3
salamander,,🦎,3
salami,,🍖,2
salary,,💵,2
sale,,🏷️,3
saleable,,🏷️,1
salesclerk,,🛍️,2
salesman,,🛍️,2
salesmanship,,🛍️,1
salesperson,,🛍️,2
saleswoman,,🛍️,2
salient,,📌,1
saline,,🧂,2
salinity,,🧂,2
saliva,,💧,2
salivary,,💧,1
salivate,,🤤,2
salivation,,🤤,2
sallow,,🟡,1
sally,,🚶,1
salmon,,🐟️,3
salmonella,,🦠,2
salon,,💇,2
saloon,,🍺,2
salsa,,🌶️,2
salt,,🧂,3
saltine,,🍘,1
salty,,🧂,2
salubrious,,💪,1
salutary,,✅️,1
salutation,,👋,2
salute,,🫡,3
salvage,,♻️,2
salvageable,,♻️,2
salvation,,🙏,2
salve,,🧴,2
salver,,🍽️,1
salvo,,💥,2
same,,🟰,2
samovar,,🫖,2
sampan,,🛶,2
sample,,🧪,2
sampler,,🧪,1
samurai,,🗡️,3
sanatorium,,🏥,2
sanctification,,✝️,1
sanctify,,✝️,2
sanctimonious,,😇,1
sanction,,🚫,2
sanctity,,✝️,1
sanctuary,,🛐,2
sanctum,,🛐,1
sand,,🏖️,3
sandal,,👡,3
sandman,,😴,1
sandy,,🏖️,2
sane,,🧠,2
sang,,🎤,2
sangfroid,,😎,1
sanguinary,,🩸,1
sanguine,,😊,1
sanitarium,,🏥,2
sanitary,,🧼,2
sanitation,,🧼,2
sanitize,,🧼,3
sanity,,🧠,2
sank,,⚓️,2
sans,,➖️,1
sap,,🌳,2
sapience,,🧠,1
sapient,,🧠,1
sapling,,🌱,3
sapphire,,💎,3
sappy,,😢,1
sarcasm,,🙄,2
sarcastic,,🙄,2
sarcophagi,,⚰️,2
sarcophagus,,⚰️,3
sardine,,🐟️,3
sardonic,,😏,2
sari,,👗,2
sarong,,👗,2
sarsaparilla,,🥤,1
sartorial,,🧵,1
sash,,🎗️,2
sashay,,💃,1
sass,,🙄,1
sassafras,,🌳,1
sassy,,🙄,2
sat,,🪑,1
satanic,,😈,2
satchel,,🎒,3
sate,,🍽️,1
sateen,,🧵,1
satellite,,🛰️,3
satiate,,🍽️,2
satiety,,🍽️,1
satin,,🧵,2
satiny,,🧵,1
satire,,🎭️,2
satirical,,🎭️,2
satirist,,🎭️,2
satirize,,🎭️,2
satisfaction,,😊,2
satisfactory,,✅️,2
satisfied,,😊,3
satisfy,,😊,2
saturate,,💧,2
saturation,,💧,2
saturnine,,😔,1
satyr,,🐐,1
sauce,,🍅,2
saucer,,🍽️,3
saucy,,😏,1
sauerkraut,,🥬,2
sauna,,🧖,3
saunter,,🚶,2
sausage,,🌭,3
saute,,🍳,2
savage,,👹,2
savagery,,👹,2
savanna,,🌾,2
savannah,,🌾,2
savant,,🧠,1
save,,💾,2
saving,,💰️,2
savior,,✝️,2
saviour,,✝️,2
savor,,😋,2
savory,,😋,2
savvy,,🧠,1
saw,,🪚,3
sawn,,🪚,2
sawyer,,🪚,1
sax,,🎷,3
saxophone,,🎷,3
saxophonist,,🎷,2
say,,💬,2
saying,,💬,2
scab,,🩹,2
scabbard,,⚔️,2
scabby,,🩹,1
scabies,,🦠,1
scads,,📦️,1
scaffold,,🏗️,3
scaffolding,,🏗️,3
scalawag,,😏,1
scald,,🔥,2
scale,,⚖️,3
scalene,,📐,1
scallion,,🧅,2
scallop,,🦪,3
scalp,,💇,2
scalpel,,🔪,3
scaly,,🐍,2
scam,,🚨,2
scamp,,😏,1
scamper,,🐇,2
scampi,,🍤,2
scan,,🔍️,3
scandal,,📰,2
scandalize,,📰,1
scandalous,,📰,1
scanner,,🖨️,3
scant,,📉,1
scanty,,📉,1
scapula,,🦴,2
scapulae,,🦴,1
scar,,🩹,3
scarab,,🪲,2
scarce,,📉,1
scarcely,,📉,1
scarcity,,📉,2
scare,,😱,3
scarf,,🧣,3
scarify,,🩹,1
scarlet,,🔴,2
scarves,,🧣,3
scary,,😱,2
scat,,🎵,1
scathing,,🔥,1
scatter,,💨,2
scavenge,,🗑️,2
scavenger,,🦅,2
scenario,,📝,1
scene,,🎬️,2
scenery,,🏞️,2
scenic,,🏞️,2
scent,,👃,2
scepter,,👑,3
sceptic,,🤨,1
sceptre,,👑,3
schedule,,📅,3
schematic,,📐,2
scheme,,🗺️,2
scheming,,😈,2
scherzo,,🎵,1
schism,,💔,2
schismatic,,💔,1
schizoid,,🧠,1
schizophrenia,,🧠,1
schizophrenic,,🧠,1
schlemiel,,🤦,1
schlep,,🚶,1
schlock,,🗑️,1
schmaltz,,🎻,1
schmaltzy,,🎻,1
schmuck,,🤦,1
schnapps,,🥃,2
schnauzer,,🐕️,2
scholar,,🎓️,3
scholastic,,🎓️,2
school,,🏫,3
schooling,,🏫,2
schoolmarm,,🏫,1
schooner,,⛵️,2
schuss,,⛷️,1
schwa,,🔤,1
sciatica,,🦴,1
science,,🔬,3
scientific,,🔬,2
scientist,,🔬,3
scimitar,,⚔️,3
scintilla,,✨️,1
scintillate,,✨️,2
scintillating,,✨️,2
scintillation,,✨️,2
scion,,🌱,1
scissors,,✂️,3
sclerosis,,🩺,1
sclerotic,,🩺,1
scoff,,🙄,2
scold,,😠,3
sconce,,🕯️,2
scone,,🥐,3
scoop,,🍦,2
scoot,,🛴,2
scooter,,🛴,3
scope,,🔭,2
scorch,,🔥,2
score,,📝,2
scoreless,,0️⃣,2
scorn,,🙄,2
scornful,,🙄,2
scorpion,,🦂,3
scotch,,🥃,2
scoundrel,,😈,2
scour,,🧽,2
scourge,,⚡️,2
scout,,🏕️,2
scouting,,🏕️,2
scow,,⛴️,1
scowl,,😠,3
scrabble,,🔤,2
scraggly,,🌵,1
scram,,🏃,1
scramble,,🍳,2
scrap,,🗑️,2
scrape,,🩹,2
scrappy,,🥊,1
scratch,,🩹,2
scratchy,,😬,1
scrawl,,✏️,2
scrawny,,🦴,2
scream,,😱,3
screech,,🦉,2
screen,,🖥️,3
screw,,🔩,3
screwy,,🌀,1
scribble,,✏️,2
scribe,,✍️,2
scrimmage,,🏈,2
scrimp,,💰️,1
scrip,,📜,1
script,,📜,2
scriptural,,📖,2
scripture,,📖,2
scrod,,🐟️,1
scroll,,📜,3
scrooge,,💰️,2
scrota,,🥜,1
scrotum,,🥜,1
scrounge,,🔍️,1
scrub,,🧽,2
scrubby,,🌵,1
scruff,,🐈️,1
scruffy,,🐈️,1
scrumptious,,😋,2
scrunch,,✊️,1
scruple,,🤔,1
scrupulous,,🧐,1
scrutinize,,🔍️,2
scrutiny,,🔍️,2
scuba,,🤿,3
scud,,☁️,1
scuff,,👟,1
scuffle,,🥊,2
scull,,🚣,2
scullery,,🍽️,1
scullion,,🍽️,1
sculpt,,🗿,2
sculptor,,🗿,3
sculptural,,🗿,2
sculpture,,🗿,3
scum,,🟢,1
scupper,,🚫,1
scurf,,🧴,1
scurrilous,,🗣️,1
scurry,,🏃,2
scurvy,,🍊,1
scuttle,,🏃,1
scuzzy,,🤢,1
scythe,,🌾,2
sea,,🌊,3
seal,,🦭,3
sealant,,🧴,1
seam,,🧵,2
seaman,,⛵️,2
seamanship,,⛵️,1
seamless,,✅️,2
seamstress,,🧵,2
seamy,,😏,1
seance,,👻,2
sear,,🔥,2
search,,🔍️,3
searching,,🔍️,2
season,,🍂,2
seasonable,,📅,1
seasonal,,📅,2
seasoning,,🧂,2
seat,,💺,3
seaward,,🌊,1
seawards,,🌊,1
sebaceous,,🧴,1
secede,,🚪,2
secession,,🚪,2
secessionist,,🚪,1
seclude,,🚪,1
secluded,,🏝️,2
seclusion,,🏝️,2
second,,⏱️,2
secondary,,2️⃣,2
secondly,,2️⃣,1
secrecy,,🤫,2
secret,,🤫,3
secretarial,,📋️,1
secretariat,,🏢,1
secretary,,📋️,3
secrete,,💧,2
secretion,,💧,2
secretive,,🤫,2
sect,,⛪️,2
sectarian,,⛪️,2
sectarianism,,⛪️,1
section,,📐,2
sectional,,🛋️,1
sector,,📐,1
secular,,🚫,1
secularism,,🚫,1
secularization,,🚫,1
secularize,,🚫,1
secure,,🔒️,2
security,,🔒️,3
sedan,,🚗,3
sedate,,😌,2
sedation,,💉,2
sedative,,💊,2
sedentary,,🪑,2
sedge,,🌾,2
sediment,,🪨,2
sedimentary,,🪨,2
sedimentation,,🪨,1
sedition,,🚩,1
seditious,,🚩,1
seduce,,💋,2
seduction,,💋,2
seductive,,💋,2
seductively,,💋,1
sedulous,,💪,1
see,,👀,3
seed,,🌱,3
seedless,,🌱,1
seedling,,🌱,3
seedy,,🥴,1
seeing,,👀,2
seek,,🔍️,2
seem,,🤔,1
seeming,,🤔,1
seemly,,✅️,1
seen,,👀,1
seep,,💧,2
seer,,🔮,2
seethe,,😤,2
segment,,➗️,1
segmentation,,➗️,1
segregate,,🚫,2
segregation,,🚫,2
segregationist,,🚫,1
seismic,,🌋,2
seismograph,,📈,2
seismographic,,📈,1
seismologist,,🌋,1
seismology,,🌋,1
seize,,✊️,2
seizure,,⚡️,2
seldom,,🕰️,1
select,,✅️,2
selection,,✅️,2
selective,,✅️,1
selectivity,,✅️,1
selenium,,⚗️,1
self,,🙋,1
selfish,,🙄,2
selfless,,🤲,2
sell,,🏷️,3
seltzer,,🥤,2
selvage,,🧵,1
selvedge,,🧵,1
selves,,🙋,1
semantic,,📖,1
semantics,,📖,1
semaphore,,🚩,2
semblance,,🎭️,1
semen,,💦,1
semester,,📅,2
semi,,🔢,1
semiannual,,📅,1
semiautomatic,,🔫,2
semicircle,,🌗,2
semicircular,,🌗,1
semicolon,,🔣,1
semiconductor,,💻️,2
semiconscious,,😵,1
semifinal,,🏆️,2
semifinalist,,🏆️,1
semimonthly,,📅,1
seminal,,💡,1
seminar,,🏫,2
seminarian,,⛪️,1
seminary,,⛪️,2
semiprecious,,💎,1
semiprivate,,🚪,1
semiskilled,,🔧,1
semitrailer,,🚛,2
semitropical,,🌴,1
semiweekly,,📅,1
senate,,🏛️,3
senator,,🏛️,3
senatorial,,🏛️,1
send,,📤️,3
senile,,👴,2
senility,,👴,1
senior,,👴,2
seniority,,👴,1
senna,,🌿,1
sensation,,✨️,2
sensational,,✨️,2
sensationalism,,📰,1
sensationalist,,📰,1
sense,,🧠,2
senseless,,😵,2
senselessness,,😵,1
sensibility,,🧠,1
sensible,,🧠,2
sensitive,,🥺,2
sensitivity,,🥺,1
sensitize,,🥺,1
sensor,,📡,3
sensory,,👃,2
sensual,,💋,2
sensuality,,💋,1
sensuous,,💋,1
sent,,📤️,2
sentence,,📝,2
sententious,,📝,1
sentient,,🧠,1
sentiment,,💭,2
sentimental,,💭,2
sentimentalist,,💭,1
sentimentality,,💭,1
sentinel,,🪖,2
sentry,,🪖,3
sepal,,🌸,2
separable,,➗️,1
separate,,➗️,2
separated,,💔,2
separation,,💔,2
separatism,,🚩,1
separatist,,🚩,1
separator,,➗️,1
sepia,,📸,2
sepsis,,🦠,2
septet,,🎻,1
septic,,🦠,2
septicemia,,🦠,1
septuagenarian,,👵,1
sepulcher,,⚰️,2
sepulchral,,⚰️,1
sequel,,🎬️,2
sequence,,🔢,2
sequential,,🔢,1
sequester,,🔒️,1
sequestration,,🔒️,1
sequin,,✨️,2
sequoia,,🌲,3
sera,,🩸,1
serape,,🧣,1
seraph,,😇,2
seraphic,,😇,2
seraphim,,😇,1
sere,,🍂,1
serenade,,🎸,2
serendipitous,,🍀,1
serendipity,,🍀,2
serene,,😌,3
serenity,,😌,2
serf,,🌾,1
serfdom,,🏰,1
serge,,🧵,1
sergeant,,🎖️,3
serial,,🔢,2
serialize,,🔢,1
series,,🔢,2
serious,,😐️,2
sermon,,📖,2
sermonize,,📖,1
serous,,💧,1
serpent,,🐍,3
serpentine,,🐍,2
serrated,,🔪,2
serried,,➡️,1
serum,,💉,2
servant,,🧹,1
serve,,🎾,2
server,,💻️,3
service,,🛎️,2
serviceable,,🔧,1
serviceman,,🎖️,2
servicewoman,,🎖️,2
servile,,🙇,1
servility,,🙇,1
serving,,🍽️,2
servitude,,⛓️,2
sesame,,🌱,2
session,,📅,2
set,,✅️,1
settee,,🛋️,3
setter,,🐕️,2
setting,,📍,1
settle,,🏡,2
settlement,,🏡,2
settler,,🤠,2
setup,,⚙️,1
seven,,7️⃣,3
seventeen,,🔢,2
seventeenth,,🔢,1
seventh,,🔢,1
seventieth,,🔢,1
seventy,,🔢,2
sever,,✂️,2
several,,🔢,1
severance,,💵,2
severe,,⚠️,2
severity,,⚠️,1
sew,,🧵,3
sewage,,🚽,2
sewer,,🚽,3
sewerage,,🚽,1
sewing,,🧵,3
sewn,,🧵,1
sex,,⚧️,1
sexism,,🚫,1
sexist,,🚫,1
sexless,,🚫,1
sextant,,🧭,3
sextet,,🎻,1
sexton,,⛪️,1
sexual,,⚧️,1
sexuality,,⚧️,1
sexy,,😍,2
sh,,🤫,3
shabby,,🥾,2
shack,,🏚️,3
shackle,,⛓️,3
shad,,🐟️,1
shade,,🌳,2
shading,,🌑,1
shadow,,🌑,2
shadowy,,🌑,2
shady,,🌑,2
shaft,,🛗,1
shag,,💇,1
shaggy,,🐕️,2
shah,,👑,2
shake,,🤝,2
shaken,,🫨,2
shaker,,🧂,2
shaky,,🫨,2
shale,,🪨,1
shall,,🔮,1
shallot,,🧅,2
shallow,,🏖️,2
shalt,,📜,1
sham,,🎭️,2
shaman,,🪘,2
shamble,,🚶,1
shambles,,💥,1
shame,,😳,2
shameful,,😳,2
shameless,,😏,2
shampoo,,🧴,3
shanghai,,🏙️,1
shank,,🍖,1
shanty,,🏚️,2
shape,,🔷,2
shapeless,,〰️,1
shapely,,💃,1
shard,,🔺,1
share,,🤝,2
shark,,🦈,3
sharp,,🔪,2
sharpen,,✏️,2
shat,,💩,1
shatter,,💥,3
shave,,🪒,3
shaven,,🪒,1
shaver,,🪒,2
shaving,,🪒,2
shawl,,🧣,3
she,,👩,2
sheaf,,🌾,2
shear,,✂️,2
shears,,✂️,3
sheath,,🗡️,2
sheathe,,🗡️,1
sheathing,,🗡️,1
sheaves,,🌾,1
shebang,,🎉,1
shed,,🏚️,2
sheen,,✨️,2
sheep,,🐑,3
sheepish,,😳,2
sheer,,🏔️,1
sheet,,📄,2
sheeting,,📄,1
sheik,,🕌,1
sheikdom,,🕌,1
sheikh,,🕌,1
shekel,,💰️,1
shelf,,🗄️,3
shell,,🐚,3
shellac,,💅,1
shelter,,🏠️,3
shelve,,🗄️,2
shelves,,🗄️,2
shelving,,🗄️,2
shenanigan,,🃏,1
shenanigans,,🃏,1
shepherd,,🐑,3
shepherdess,,🐑,2
sherbet,,🍧,2
sheriff,,🤠,3
sherry,,🍷,2
shibboleth,,🗣️,1
shied,,😳,1
shield,,🛡️,3
shift,,🔄,2
shiftless,,😴,1
shifty,,😒,2
shill,,🎭️,1
shilling,,🪙,2
shim,,🔧,1
shimmer,,✨️,2
shimmy,,💃,1
shin,,🦵,3
shine,,✨️,2
shiner,,👁️,2
shingle,,🏠️,2
shingles,,🏥,1
shinny,,🦵,1
shiny,,✨️,2
ship,,🚢,3
shipment,,📦️,3
shipping,,📦️,2
shire,,🏞️,1
shirk,,🙅,1
shirt,,👕,3
shit,,💩,3
shitty,,💩,2
shiver,,🥶,2
shivery,,🥶,1
shoal,,🐟️,1
shock,,⚡️,2
shocker,,😱,1
shocking,,😱,2
shod,,👞,1
shoddy,,👎️,2
shoe,,👞,3
shogun,,🗾,1
shone,,✨️,1
shoo,,👋,1
shook,,🫨,1
shoot,,🔫,2
shop,,🏬,3
shoplifting,,🛍️,2
shore,,🏖️,3
shorn,,🐑,1
short,,📏,2
shortage,,📉,2
shorten,,✂️,2
shortening,,✂️,1
shortly,,⏱️,1
shorts,,🩳,3
shot,,🔫,2
should,,🤔,1
shoulder,,💪,3
shout,,📢,3
shove,,🫸,2
shovel,,🚜,3
shovelful,,🚜,1
show,,🎭️,2
shower,,🚿,3
showery,,🌦️,2
showing,,🎬️,1
showman,,🎩,2
showmanship,,🎩,1
shown,,👀,1
showy,,💃,2
shrank,,📉,2
shrapnel,,💥,2
shred,,🧻,2
shrew,,🐀,2
shrewd,,🧠,2
shrewish,,😠,1
shriek,,😱,2
shrift,,⛪️,1
shrike,,🐦️,2
shrill,,📢,2
shrimp,,🍤,3
shrine,,⛩️,3
shrink,,📉,2
shrinkage,,📉,1
shrivel,,🍂,2
shroud,,👻,2
shrub,,🌳,3
shrubbery,,🌳,2
shrubby,,🌳,1
shrug,,🤷,3
shrunk,,📉,1
shrunken,,📉,1
shuck,,🌽,2
shucks,,😒,1
shudder,,🥶,2
shuffle,,🔀,3
shun,,🙅,2
shunt,,🔀,1
shush,,🤫,3
shut,,🚪,2
shutter,,🪟,3
shuttle,,🚌,3
shy,,😳,2
shyster,,😒,1
sibilant,,🐍,1
sibling,,👫,3
sibyl,,🔮,1
sic,,🐕️,1
sick,,🤒,3
sicken,,🤢,2
sickening,,🤢,2
sickle,,🌾,3
sickly,,🤒,2
sickness,,🤒,3
side,,➡️,1
siding,,🏠️,1
sidle,,🚶,1
siege,,🏰,2
sierra,,⛰️,2
siesta,,😴,3
sieve,,🥣,3
sift,,🥣,2
sigh,,💨,2
sight,,👁️,2
sighted,,👁️,1
sightless,,🕶️,1
sign,,🪧,3
signal,,📶,2
signalize,,📶,1
signally,,📶,1
signatory,,✍️,1
signature,,✍️,3
signet,,💍,1
significance,,❗️,1
significant,,❗️,1
signification,,📖,1
signify,,➡️,1
silage,,🌾,1
silence,,🤫,3
silencer,,🔇,2
silent,,🤫,2
silhouette,,🌆,2
silica,,🏖️,1
silicate,,🪨,1
silicon,,💻️,1
silicone,,🧴,1
silicosis,,🫁,1
silk,,🧵,2
silken,,🧵,1
silky,,🧵,1
sill,,🪟,2
silly,,🤪,3
silo,,🌾,3
silt,,🏞️,1
silver,,🥈,3
silvery,,🥈,1
simian,,🐒,2
similar,,🟰,1
similarity,,🟰,1
simile,,📖,1
simmer,,♨️,2
simper,,😊,1
simple,,✅️,2
simpleton,,🤪,2
simplicity,,✅️,1
simplification,,✅️,1
simplify,,✅️,1
simplistic,,✅️,1
simply,,✅️,1
simulate,,🖥️,1
simulation,,🖥️,2
simultaneous,,🕐️,1
sin,,😈,2
since,,⏳️,1
sincere,,🤝,2
sincerity,,🤝,1
sinecure,,💼,1
sinew,,🍖,1
sinewy,,💪,1
sinful,,😈,2
sing,,🎤,3
singe,,🔥,2
single,,1️⃣,2
singly,,1️⃣,1
singular,,1️⃣,1
singularity,,🕳️,2
sinister,,😈,2
sink,,🚰,3
sinkable,,🚢,1
sinker,,🎣,1
sinner,,😈,2
sinuous,,〰️,1
sinus,,👃,2
sinusitis,,🤧,2
sip,,🥤,3
siphon,,🧪,2
sir,,🎩,2
sire,,👑,1
siren,,🚨,3
sirloin,,🥩,3
sirocco,,🌬️,1
sirup,,🍯,1
sis,,👧,1
sisal,,🧵,1
sissy,,😨,1
sister,,👭,3
sisterhood,,👭,2
sit,,🪑,3
sitar,,🎸,2
sitcom,,📺️,2
site,,📍,2
sitter,,🍼,2
sitting,,🪑,2
situate,,📍,1
situation,,📍,2
six,,6️⃣,3
sixteen,,🔢,2
sixteenth,,🔢,1
sixth,,🔢,1
sixtieth,,🔢,1
sixty,,🔢,2
sizable,,📏,1
size,,📏,2
sizeable,,📏,1
sizing,,📏,1
sizzle,,🍳,3
skate,,⛸️,3
skedaddle,,🏃,2
skein,,🧶,2
skeletal,,💀,2
skeleton,,💀,3
skeptic,,🤨,2
skeptical,,🤨,2
skepticism,,🤨,2
sketch,,✏️,3
sketchy,,😒,2
skew,,📐,1
skewer,,🍢,2
ski,,⛷️,3
skid,,🛞,2
skiff,,🛶,2
skill,,🎯,2
skilled,,🎯,2
skillet,,🍳,3
skillful,,🎯,2
skim,,🥛,1
skimp,,🪙,1
skimpy,,🩱,2
skin,,🧴,2
skinless,,🍗,1
skinny,,📏,2
skip,,🤸,3
skipper,,⚓️,2
skirmish,,⚔️,2
skirt,,👗,3
skit,,🎭️,2
skittish,,😨,2
skulduggery,,🕵️,1
skulk,,🕵️,2
skull,,💀,3
skullduggery,,🕵️,1
skunk,,🦨,3
sky,,🌌,3
skywards,,🌌,1
slab,,🧱,2
slack,,🪢,1
slacken,,🔄,1
slacker,,🛋️,2
slacks,,👖,2
slag,,🪨,1
slain,,⚔️,2
slake,,💧,1
slalom,,⛷️,2
slam,,💥,2
slammer,,🏢,1
slander,,🗣️,2
slanderous,,🗣️,1
slang,,🗣️,2
slangy,,🗣️,1
slant,,📐,1
slap,,✋️,3
slash,,🔪,2
slat,,🪵,1
slate,,🪨,2
slather,,🧈,1
slattern,,🧹,1
slaughter,,🔪,2
slave,,⛓️,2
slaver,,⛓️,1
slavery,,⛓️,3
slavish,,🙇,1
slaw,,🥗,2
slay,,⚔️,2
sleaze,,😒,1
sleazy,,😒,2
sled,,🛷,3
sledge,,🔨,2
sleek,,✨️,2
sleep,,😴,3
sleeper,,🛏️,2
sleepless,,😵,2
sleepy,,😴,3
sleet,,🌨️,2
sleety,,🌨️,1
sleeve,,👕,3
sleeveless,,👚,2
sleigh,,🛷,3
slender,,📏,2
slept,,😴,1
sleuth,,🕵️,2
slew,,🔢,1
slice,,🍕,2
slick,,✨️,1
slicker,,🧥,2
slid,,🛝,1
slide,,🛝,3
slider,,🛝,2
slight,,📏,1
slim,,📏,2
slime,,🟢,3
slimy,,🟢,2
sling,,🩹,2
slink,,🐈️,1
slinky,,🌀,2
slip,,🛝,2
slippage,,📉,1
slipper,,🥿,3
slippery,,🧊,2
slipshod,,🙄,1
slit,,🔪,2
slither,,🐍,2
slithery,,🐍,2
sliver,,🔪,1
slob,,🛋️,1
slobber,,🤤,2
sloe,,🫐,1
slog,,🥾,1
slogan,,🪧,2
sloop,,⛵️,2
slop,,🍲,1
slope,,⛰️,2
sloppy,,🍝,2
slosh,,💦,1
slot,,🎰,2
sloth,,🦥,3
slothful,,🦥,2
slouch,,🧍,1
slough,,🐍,1
sloven,,🧹,1
slovenly,,🧹,1
slow,,🐢,2
sludge,,🟤,2
slug,,🐌,3
sluggard,,🐌,1
sluggish,,🐌,2
sluice,,💧,1
slum,,🏚️,2
slumber,,😴,2
slump,,📉,2
slung,,🎯,1
slunk,,🚶,1
slur,,🗣️,1
slurp,,😋,2
slush,,🌨️,2
slushy,,🌨️,1
slut,,😒,1
sluttish,,😒,1
sly,,🦊,2
smack,,👋,2
small,,🤏,3
smallish,,🤏,1
smarmy,,😏,1
smart,,🧠,2
smarten,,✨️,1
smash,,💥,3
smattering,,🤏,1
smear,,🩸,2
smell,,👃,3
smelly,,🤢,2
smelt,,🔥,1
smelter,,🔥,1
smidgen,,🤏,2
smidgeon,,🤏,1
smidgin,,🤏,1
smile,,😊,3
smirch,,😒,1
smirk,,😏,3
smite,,⚔️,2
smith,,🔨,2
smithereens,,💥,1
smithy,,🔨,2
smitten,,😍,2
smock,,👚,2
smocking,,🧵,1
smog,,🌫️,2
smoggy,,🌫️,2
smoke,,💨,3
smokeless,,🚭️,1
smoky,,💨,2
smolder,,🔥,2
smooch,,💋,2
smooth,,✨️,2
smorgasbord,,🍽️,2
smote,,⚔️,1
smother,,🫂,1
smoulder,,🔥,2
smudge,,🖌️,2
smudgy,,🖌️,1
smug,,😏,3
smuggle,,🕵️,2
smut,,💩,1
smutty,,💩,1
snack,,🍿,3
snafu,,🤷,1
snag,,🪝,2
snail,,🐌,3
snake,,🐍,3
snaky,,🐍,2
snap,,📸,2
snappish,,😠,1
snappy,,😎,2
snare,,🪤,2
snarl,,😠,2
snatch,,✊️,2
snazzy,,✨️,2
sneak,,🕵️,2
sneaker,,👟,3
sneaking,,🕵️,1
sneaky,,🦊,2
sneer,,😒,2
sneeringly,,😒,1
sneeze,,🤧,3
snicker,,😏,2
snide,,😒,2
sniff,,👃,2
sniffle,,🤧,2
sniffles,,🤧,2
snigger,,😏,1
snip,,✂️,2
snipe,,🎯,1
snippet,,📋️,1
snippy,,😠,1
snit,,😠,1
snitch,,🐀,2
snivel,,😢,1
snob,,🙄,2
snobbery,,🙄,1
snobbish,,🙄,2
snoop,,🕵️,2
snoot,,👃,1
snooty,,😒,2
snooze,,😴,3
snore,,😴,3
snorkel,,🤿,3
snort,,🐽,2
snot,,🤧,2
snotty,,🤧,2
snout,,🐽,3
snow,,❄️,3
snowy,,🌨️,3
snub,,🙅,2
snuck,,🥷,2
snuff,,👃,1
snuffle,,🐽,2
snug,,🛏️,2
snuggle,,🤗,3
so,,➡️,1
soak,,💦,2
soap,,🧼,3
soapy,,🫧,2
soar,,🦅,2
sob,,😭,3
sober,,🚱,1
sobriety,,🚱,1
sobriquet,,🏷️,1
soccer,,⚽️,3
sociability,,🗣️,1
sociable,,🗣️,2
social,,🗣️,2
socialism,,🚩,1
socialist,,🚩,1
socialistic,,🚩,1
socialite,,🥂,2
socialization,,🗣️,1
socialize,,🗣️,2
societal,,🏙️,1
society,,🏙️,2
socioeconomic,,🏙️,1
sociological,,🏙️,1
sociologist,,📚️,1
sociology,,📚️,2
sociopath,,😈,1
sock,,🧦,3
socket,,🔌,3
sod,,🌱,1
soda,,🥤,3
sodden,,💦,2
sodium,,🧂,2
sodomite,,🚫,1
sodomy,,🚫,1
sofa,,🛋️,3
soft,,🧸,2
soften,,🧈,1
softy,,🧸,1
soggy,,💦,2
soil,,🌱,2
soiree,,🥂,2
sojourn,,🧳,2
sol,,☀️,1
solace,,🤗,1
solar,,☀️,3
solaria,,☀️,1
solarium,,☀️,2
sold,,💰️,2
solder,,🔧,2
soldier,,💂,3
sole,,👟,2
solecism,,📝,1
solely,,1️⃣,1
solemn,,😐️,2
solemnity,,😐️,1
solemnize,,💍,1
solicit,,🙏,1
solicitation,,🙏,1
solicitor,,⚖️,2
solicitous,,🙏,1
solicitude,,🙏,1
solid,,🧱,2
solidarity,,✊️,2
solidification,,🧊,1
solidify,,🧊,2
solidity,,🧱,1
soliloquize,,🗣️,1
soliloquy,,🗣️,2
solitaire,,🃏,3
solitary,,🧍,2
solitude,,🧍,2
solo,,🧍,2
soloist,,🎤,2
solstice,,☀️,2
solubility,,🧪,1
soluble,,🧪,2
solution,,💡,2
solvable,,🧩,2
solve,,🧩,3
solvency,,💰️,1
solvent,,🧪,2
somber,,😔,2
sombrero,,🧢,3
some,,🔢,1
somersault,,🤸,3
somnambulism,,🚶,1
somnambulist,,🚶,1
somnolence,,😴,2
somnolent,,😴,2
son,,👦,3
sonar,,📡,2
sonata,,🎵,2
song,,🎵,3
songster,,🎤,1
sonic,,🔊,1
sonnet,,📜,2
sonny,,👦,2
sonorous,,🔊,1
soon,,⏳️,1
soot,,⚫️,2
soothe,,🤗,2
sooty,,⚫️,2
sop,,🍞,1
sophisticate,,🎩,1
sophisticated,,🎩,2
sophistication,,🎩,2
sophistry,,🗣️,1
sophomore,,🎓️,2
sophomoric,,🙄,1
soporific,,😴,2
sopping,,💦,2
soppy,,💦,1
soprano,,🎤,2
sorbet,,🍧,3
sorcerer,,🧙,3
sorceress,,🔮,2
sorcery,,🪄,2
sordid,,🤢,1
sore,,🤕,3
sorely,,🤕,1
sorghum,,🌾,2
sorority,,👭,2
sorrel,,🐎,1
sorrow,,😢,3
sorrowful,,😢,3
sorry,,🙏,3
sort,,🔤,2
sortie,,✈️,1
sot,,🍺,1
souffle,,🍮,2
sought,,🔍️,1
soul,,👻,2
soulful,,❤️,2
soulless,,👻,1
sound,,🔊,3
soundless,,🔇,2
soup,,🍲,3
soupcon,,🥄,1
soupy,,🍲,1
sour,,🍋,3
source,,📚️,1
souse,,🍺,1
south,,🧭,2
southerly,,🧭,1
southern,,🧭,2
southerner,,🧭,1
southward,,🧭,1
southwards,,🧭,1
souvenir,,🎁,2
sovereign,,👑,2
sovereignty,,👑,2
soviet,,🚩,2
sow,,🌱,3
sown,,🌱,2
sox,,🧦,3
soy,,🌱,2
spa,,💆,3
space,,🚀,3
spacey,,🌌,1
spacious,,📐,1
spade,,♠️,3
spaghetti,,🍝,3
span,,📏,1
spandex,,🩱,1
spangle,,✨️,2
spaniel,,🐕️,3
spank,,🖐️,2
spanking,,🖐️,1
spar,,🥊,2
spare,,🆓,1
sparing,,🆓,1
spark,,✨️,3
sparkle,,✨️,3
sparkler,,🎇,3
sparrow,,🐦️,3
sparse,,🕳️,1
spasm,,😖,2
spasmodic,,😖,1
spastic,,😖,1
spat,,😤,1
spate,,🌊,1
spatial,,📐,1
spatter,,💦,2
spatula,,🥄,3
spawn,,🐟️,2
spay,,🐾,1
speak,,🗣️,3
speaker,,🔊,3
spear,,🔱,3
special,,⭐️,2
specialist,,🩺,1
specialization,,🎯,1
specialize,,🎯,2
specially,,⭐️,1
specialty,,⭐️,2
specie,,🪙,1
species,,🧬,2
specific,,🎯,2
specification,,📋️,1
specify,,📋️,2
specimen,,🧪,2
specious,,🤥,1
speck,,🔸,2
speckle,,🔸,2
speckled,,🔸,2
specs,,👓️,2
spectacle,,👓️,2
spectacular,,🤩,2
spectator,,👀,2
specter,,👻,3
spectra,,🌈,1
spectral,,👻,1
spectroscope,,🔬,2
spectroscopic,,🔬,1
spectroscopy,,🔬,2
spectrum,,🌈,3
speculate,,🤔,2
speculation,,🤔,2
speculative,,🤔,1
sped,,💨,1
speech,,🗣️,3
speechless,,😶,2
speed,,💨,3
speedometer,,⏱️,2
speedster,,🏎️,2
speedy,,💨,2
spell,,🔤,2
speller,,🔤,1
spelling,,🔤,2
spelt,,🌾,1
spelunker,,🕳️,2
spend,,💸,3
spent,,💸,2
sperm,,🧬,2
spermatozoa,,🧬,1
spermatozoon,,🧬,1
spew,,🤮,2
sphere,,⚪️,2
spherical,,⚪️,1
spheroid,,⚪️,1
sphincter,,🍑,1
sphinx,,🗿,2
spice,,🌶️,3
spicy,,🌶️,3
spider,,🕷️,3
spidery,,🕷️,1
spiel,,🗣️,1
spiffy,,✨️,1
spigot,,🚰,2
spike,,📈,2
spiky,,📌,1
spill,,💦,3
spilt,,💦,2
spin,,🌀,3
spinach,,🥬,3
spinal,,🦴,1
spindle,,🧵,2
spindly,,🦵,1
spine,,🦴,2
spineless,,😨,1
spinet,,🎹,1
spinnaker,,⛵️,1
spinster,,👵,1
spinsterhood,,👵,1
spiny,,🌵,2
spiral,,🌀,3
spire,,🗼,2
spirit,,👻,2
spirited,,😃,1
spiritless,,😔,1
spiritual,,🙏,2
spiritualism,,🔮,1
spiritualist,,🔮,1
spiritualistic,,🔮,1
spirituality,,🙏,1
spit,,🤮,2
spite,,😠,2
spiteful,,😠,2
spittle,,💦,1
spittoon,,🚽,1
splash,,💦,3
splashy,,💦,2
splat,,💥,2
splatter,,💦,2
splay,,🖐️,1
spleen,,🫀,1
splendid,,✨️,2
splendor,,✨️,2
splenetic,,😠,1
splice,,✂️,2
splint,,🩹,3
splinter,,🪵,2
split,,➗️,2
splitting,,➗️,1
splotch,,🔵,1
splotchy,,🔵,1
splurge,,💸,2
splutter,,🗣️,1
spoil,,🤢,2
spoiled,,🤢,2
spoilt,,🤢,2
spoke,,🗣️,2
spoken,,🗣️,2
spokesman,,🎙️,2
spokesperson,,🎙️,2
spokeswoman,,🎙️,2
sponge,,🧽,3
spongy,,🧽,2
sponsor,,🤝,2
sponsorship,,🤝,2
spontaneity,,🎲,1
spontaneous,,🎲,1
spoof,,🎭️,2
spook,,👻,3
spooky,,👻,3
spool,,🧵,3
spoon,,🥄,3
spoonerism,,🗣️,1
spoonful,,🥄,2
spoor,,🐾,2
sporadic,,🎲,1
spore,,🍄,2
sport,,⚽️,2
sporting,,⚽️,2
sportive,,⚽️,1
sports,,⚽️,3
sportsman,,🏅,2
sportsmanlike,,🏅,1
sportsmanship,,🏅,2
sportswoman,,🏅,2
sporty,,⚽️,2
spot,,🔴,2
spotless,,✨️,2
spotter,,🔭,1
spotty,,🔴,2
spouse,,💑,2
spout,,🚰,2
sprain,,🤕,2
sprang,,🤸,1
sprat,,🐟️,2
sprawl,,🛋️,1
spray,,💦,3
spread,,📖,1
spree,,🛍️,2
sprig,,🌿,2
sprightly,,💃,1
spring,,🌸,3
springy,,🌀,1
sprinkle,,🧂,2
sprinkling,,🌦️,2
sprint,,🏃,3
sprite,,🧚,2
sprocket,,⚙️,2
sprout,,🌱,3
spruce,,🌲,2
sprung,,🌀,1
spry,,💃,1
spud,,🥔,2
spume,,🫧,1
spun,,🌀,2
spunk,,💪,1
spunky,,💪,1
spur,,🥾,2
spurious,,🤥,1
spurn,,🙅,2
spurt,,💦,1
sputter,,💨,1
sputum,,🤧,1
spy,,🕵️,3
squab,,🐦️,1
squabble,,🗣️,2
squad,,👥,2
squadron,,✈️,2
squalid,,🤢,1
squall,,🌬️,2
squalor,,🤢,1
squander,,💸,2
square,,🟦,3
squash,,🎃,3
squat,,🏋️,3
squatter,,🏚️,1
squaw,,👩,1
squawk,,🦜,2
squeak,,🐭,2
squeaky,,🐭,2
squeal,,😱,2
squeamish,,🤢,2
squeegee,,🧽,3
squeeze,,🤏,2
squelch,,👣,1
squid,,🦑,3
squiggle,,〰️,2
squint,,😑,2
squire,,🤴,1
squirm,,😖,1
squirmy,,😖,1
squirrel,,🐿️,3
squirt,,💦,2
squish,,🤏,2
squishy,,🤏,2
stab,,🔪,3
stability,,⚖️,1
stabilization,,⚖️,1
stabilize,,⚖️,2
stable,,🐎,2
staccato,,🎵,1
stack,,🥞,2
stadia,,🏟️,2
stadium,,🏟️,3
staff,,👥,2
staffer,,👤,2
stag,,🦌,3
stage,,🎭️,3
stagger,,🥴,2
staggering,,😲,1
stagnant,,🟢,1
stagnate,,🟢,1
stagnation,,🟢,1
staid,,😐️,1
stain,,🟤,2
stainless,,🍽️,1
stair,,🪜,3
stake,,🪵,2
stalactite,,🪨,2
stalagmite,,🪨,2
stale,,🍞,2
stalk,,🌿,2
stall,,🛑,2
stallion,,🐎,3
stalwart,,💪,1
stamen,,🌸,2
stamina,,💪,2
stammer,,🗣️,1
stamp,,📮,3
stampede,,🐃,2
stance,,🧍,1
stanch,,🩹,1
stanchion,,📏,1
stand,,🧍,2
standard,,📏,1
standardization,,📏,1
standardize,,📏,1
standing,,🧍,2
stank,,🤢,1
stanza,,📜,2
staph,,🦠,2
staphylococcus,,🦠,2
staple,,📎,3
star,,⭐️,3
starch,,🌾,1
starchy,,🍞,1
stardom,,🌟,2
stare,,👀,3
stark,,😐️,1
starless,,🌑,1
starlet,,🌟,1
starling,,🐦️,2
starry,,✨️,2
start,,🏁,2
starter,,🏁,2
startle,,😲,2
startling,,😲,1
starvation,,🍽️,2
starve,,🍽️,2
stash,,📦️,2
state,,🗺️,1
statehood,,🗺️,1
stateless,,🚫,1
stately,,🏰,2
statement,,📄,2
statesman,,🎩,1
statesmanlike,,🎩,1
statesmanship,,🎩,1
static,,📺️,2
station,,🚉,3
stationary,,📍,2
stationer,,✉️,1
stationery,,✉️,3
statistic,,📊,2
statistical,,📊,2
statistician,,📊,2
statistics,,📊,3
statuary,,🗿,1
statue,,🗿,3
statuesque,,🗿,2
statuette,,🗿,2
stature,,📏,1
status,,📊,1
statute,,📜,2
statutory,,📜,1
staunch,,💪,1
stave,,🍷,1
staves,,🍷,1
stay,,🧍,2
stead,,➡️,1
steady,,✋️,2
steak,,🥩,3
steal,,🦹,3
stealth,,🥷,2
stealthy,,🥷,3
steam,,♨️,3
steamer,,♨️,2
steamship,,🚢,2
steamy,,♨️,2
steed,,🐎,2
steel,,⛓️,2
steely,,⛓️,1
steep,,⛰️,2
steeple,,⛪️,2
steer,,🐂,2
steerage,,🚢,1
stein,,🍺,2
stellar,,⭐️,2
stem,,🌱,2
stench,,🤢,2
stencil,,🔤,2
stenographer,,⌨️,2
stenography,,⌨️,1
stentorian,,🔊,1
step,,🚶,2
steppe,,🌾,1
stereo,,📻️,2
stereophonic,,🔊,1
stereoscope,,🔭,1
sterile,,🧼,2
sterility,,🚫,1
sterilization,,🧼,1
sterilize,,🧼,2
sterling,,🥈,1
stern,,😠,2
sterna,,🦴,1
sternum,,🦴,2
steroid,,💊,2
stethoscope,,🩺,3
stevedore,,⚓️,1
stew,,🍲,3
steward,,✈️,1
stewardess,,✈️,1
stick,,🥢,2
sticker,,🏷️,3
stickler,,📏,1
sticky,,🍯,2
stiff,,🪵,2
stiffen,,🪵,1
stifle,,🤐,2
stigma,,🏷️,1
stigmata,,✝️,1
stigmatize,,🏷️,1
stile,,🚧,1
stiletto,,👠,3
still,,🧘,1
stilt,,🦵,2
stilted,,🪵,1
stimulant,,☕️,2
stimulate,,⚡️,2
stimulating,,⚡️,2
stimulation,,⚡️,2
stimuli,,⚡️,1
stimulus,,⚡️,2
sting,,🐝,3
stingy,,🤑,2
stink,,🤢,3
stinking,,🤢,2
stint,,⏳️,1
stipend,,💵,2
stipple,,🎨,1
stipulate,,📝,1
stipulation,,📝,1
stir,,🥄,3
stirring,,🥄,1
stirrup,,🐎,2
stitch,,🧵,3
stoat,,🦡,1
stock,,📈,2
stockade,,🚧,1
stocking,,🧦,3
stocky,,💪,1
stodgy,,🍽️,1
stoic,,😐️,2
stoical,,😐️,1
stoicism,,😐️,1
stoke,,🔥,2
stole,,🦝,1
stolen,,🦹,2
stolid,,😐️,1
stomach,,🍽️,3
stomp,,👣,3
stone,,🪨,3
stoned,,😵,2
stony,,🪨,2
stood,,🧍,1
stooge,,🤡,1
stool,,🪑,3
stoop,,🧎,2
stop,,🛑,3
stoppage,,🛑,1
stopper,,🍾,2
storage,,📦️,2
store,,🏬,3
storey,,🏢,2
storied,,📖,1
stork,,🦩,2
storm,,⛈️,3
stormy,,⛈️,2
story,,📖,3
stout,,🍺,2
stove,,🔥,3
stow,,📦️,1
straddle,,🦵,1
strafe,,✈️,1
straggle,,🚶,1
straggly,,🚶,1
straight,,➡️,2
straighten,,📏,2
strain,,😖,2
strained,,😖,1
strainer,,🥄,3
strait,,🌊,2
strand,,🏖️,1
strange,,😳,2
stranger,,🕵️,2
strangle,,✋️,2
strangulate,,✋️,1
strangulation,,✋️,1
strap,,🎒,2
strapless,,👗,1
strapped,,💸,1
strapping,,💪,1
strata,,🪨,1
stratagem,,♟️,2
strategic,,♟️,2
strategist,,♟️,2
strategy,,♟️,3
stratification,,🪨,1
stratify,,🪨,1
stratosphere,,🌌,2
stratum,,🪨,1
straw,,🥤,2
stray,,🐕️,2
streak,,⚡️,2
streaky,,🥓,1
stream,,🏞️,3
streamer,,🎉,2
street,,🛣️,3
strength,,💪,3
strengthen,,💪,2
strenuous,,🏋️,2
streptococci,,🦠,1
streptococcus,,🦠,2
streptomycin,,💊,1
stress,,😫,3
stressful,,😫,2
stretch,,🧘,3
stretcher,,🚑️,3
stretchy,,🧵,1
strew,,🍂,1
strewn,,🍂,1
stricken,,🤒,2
strict,,🚫,2
stricture,,⚖️,1
stridden,,🚶,1
stride,,🚶,2
strident,,🔊,1
strife,,⚔️,2
strike,,⚡️,2
striker,,⚽️,2
striking,,😲,1
string,,🧵,3
stringency,,📏,1
stringent,,📏,1
stringer,,🧵,1
stringy,,🧵,1
strip,,➖️,2
stripe,,🦓,3
striped,,🦓,3
stripling,,🧒,1
stripper,,💃,2
strive,,💪,2
striven,,💪,1
strobe,,💡,2
strode,,🚶,1
stroke,,🏊️,2
stroll,,🚶,2
stroller,,👶,3
strong,,💪,3
strontium,,⚛️,1
strop,,🪒,1
strove,,💪,1
struck,,💥,1
structural,,🏗️,1
structure,,🏗️,3
strudel,,🥮,2
struggle,,😣,2
strum,,🎸,2
strumpet,,👩,1
strung,,🎻,1
strut,,🚶,2
strychnine,,☠️,1
stub,,🎫,2
stubble,,🧔,2
stubbly,,🧔,1
stubborn,,😤,2
stubby,,🤏,1
stucco,,🧱,1
stuck,,🪵,2
stud,,🔩,1
student,,🎓️,3
studied,,📚️,1
studio,,🎬️,2
studious,,📚️,2
study,,📚️,3
stuff,,📦️,1
stuffing,,🦃,2
stuffy,,🤧,1
stultification,,😑,1
stultify,,😑,1
stumble,,🚶,2
stump,,🪵,2
stumpy,,🪵,1
stun,,😵,2
stung,,🐝,2
stunk,,🤢,1
stunning,,😍,2
stunt,,🎬️,2
stupefaction,,😵,1
stupefy,,😵,1
stupendous,,🤩,1
stupid,,🙄,2
stupidity,,🙄,2
stupor,,😵,2
sturdy,,💪,2
sturgeon,,🐟️,2
stutter,,🗣️,2
sty,,🐷,2
stye,,👁️,2
style,,👗,2
styli,,✒️,1
stylish,,👗,2
stylist,,💇,3
stylistic,,🎨,1
stylize,,🎨,2
stylus,,✒️,3
stymie,,🚧,2
styptic,,🩹,1
suave,,😎,2
suavity,,😎,1
sub,,🥪,3
subatomic,,⚛️,2
subbasement,,🏚️,2
subcommittee,,👥,1
subcompact,,🚗,2
subconscious,,🧠,2
subcontinent,,🗺️,2
subcontract,,📄,1
subculture,,👥,1
subcutaneous,,💉,2
subdivide,,➗️,2
subdivision,,🏘️,2
subdue,,🥊,2
subheading,,📰,2
subhuman,,👹,1
subject,,📚️,2
subjection,,⛓️,1
subjective,,🤔,1
subjectivity,,🤔,1
subjugate,,⛓️,2
subjugation,,⛓️,2
subjunctive,,📖,1
sublease,,📄,1
sublet,,📄,1
sublimate,,⚗️,1
sublimation,,⚗️,1
sublime,,✨️,2
subliminal,,🧠,1
submarine,,🚢,3
submerge,,🌊,2
submergence,,🌊,1
submersible,,🛥️,2
submersion,,🌊,2
submission,,🏳️,2
submissive,,🐕️,1
submit,,📤️,2
subnormal,,📉,1
subordinate,,👔,2
subordination,,📉,1
suborn,,💰️,1
subplot,,📖,1
subpoena,,📜,2
subscribe,,📩,2
subscript,,🔡,1
subscription,,📬️,2
subsequent,,➡️,1
subservience,,🙇,2
subservient,,🙇,2
subset,,🔢,1
subside,,📉,2
subsidence,,📉,1
subsidiary,,🏢,2
subsidization,,💰️,1
subsidize,,💰️,2
subsidy,,💰️,2
subsist,,🍞,1
subsistence,,🍞,2
subsoil,,🟤,1
subsonic,,✈️,1
substance,,🧪,2
substandard,,📉,1
substantial,,📏,1
substantiate,,✅️,1
substantiation,,✅️,1
substantive,,📄,1
substation,,⚡️,2
substitute,,🔄,2
substitution,,🔄,2
substrata,,🪨,1
substratum,,🪨,1
substructure,,🏗️,1
subsume,,➕️,1
subterfuge,,🎭️,2
subterranean,,🕳️,2
subtitle,,📝,2
subtle,,🤏,1
subtlety,,🤏,1
subtotal,,➕️,1
subtract,,➖️,3
subtraction,,➖️,3
subtropical,,🌴,2
suburb,,🏘️,2
suburban,,🏘️,2
suburbanite,,🏘️,1
suburbia,,🏘️,2
subversion,,🕵️,1
subversive,,🕵️,1
subvert,,🕵️,1
subway,,🚇️,3
succeed,,🏆️,2
success,,🏆️,3
successful,,🏆️,2
succession,,➡️,1
successive,,➡️,1
successor,,➡️,2
succinct,,✂️,1
succor,,🤲,1
succotash,,🌽,2
succulence,,🌵,1
succulent,,🌵,3
succumb,,😔,1
such,,👉️,1
suck,,👄,2
sucker,,🍭,2
suckle,,🍼,2
suckling,,🍼,1
sucrose,,🍬,2
suction,,🌀,2
sudden,,⚡️,2
suds,,🧼,2
sudsy,,🧼,2
sue,,⚖️,2
suede,,👞,1
suet,,🥩,1
suffer,,😖,2
sufferance,,😖,1
suffering,,😖,3
suffice,,✅️,1
sufficiency,,✅️,1
sufficient,,✅️,1
suffix,,🔤,2
suffocate,,😵,2
suffocation,,😵,2
suffrage,,🗳️,2
suffragette,,🗳️,2
suffuse,,🌅,1
suffusion,,🌅,1
sugar,,🍬,3
sugarless,,🚫,1
sugary,,🍬,2
suggest,,💡,2
suggestible,,🤷,1
suggestion,,💡,2
suggestive,,😏,1
suicidal,,😰,1
suicide,,😰,1
suit,,👔,3
suitability,,✅️,1
suitable,,✅️,2
suite,,🏨,2
suitor,,💐,2
sukiyaki,,🍲,2
sulfate,,🧪,1
sulfide,,🧪,1
sulfur,,🟡,2
sulfuric,,🧪,1
sulfurous,,🟡,1
sulk,,😔,2
sulky,,😔,2
sullen,,😔,2
sully,,🟤,1
sulphur,,🟡,2
sultan,,👳,2
sultana,,🍇,1
sultanate,,👳,1
sultry,,🥵,2
sum,,➕️,2
sumac,,🌿,1
sumach,,🌿,1
summarize,,📝,2
summary,,📝,2
summation,,➕️,1
summer,,☀️,3
summery,,☀️,2
summit,,⛰️,3
summon,,📯,2
summons,,📜,2
sumptuous,,🍽️,2
sun,,☀️,3
sunbather,,🏖️,2
sundae,,🍨,3
sunder,,✂️,1
sundries,,🧺,1
sung,,🎤,1
sunk,,🌊,2
sunken,,🌊,2
sunny,,☀️,3
suntan,,🧴,2
sunup,,🌅,2
sup,,🍽️,1
super,,👍️,2
superabundance,,📈,1
superabundant,,📈,1
superannuated,,👴,1
superb,,👍️,2
supercilious,,😤,1
superego,,🧠,1
superficial,,🤏,1
superficiality,,🤏,1
superfluity,,➕️,1
superfluous,,➕️,1
superhuman,,🦸,2
superimpose,,🖼️,1
superintend,,👔,1
superintendence,,👔,1
superintendent,,👔,2
superior,,👑,2
superiority,,👑,1
superlative,,🏆️,1
superman,,🦸,3
supermarket,,🛒,3
supernatural,,👻,2
supernova,,💥,3
supernovae,,💥,2
supernumerary,,➕️,1
superpower,,🦸,2
superscript,,🔠,1
supersede,,🔄,1
supersonic,,✈️,2
superstar,,🌟,2
superstition,,🔮,1
superstitious,,🔮,1
superstructure,,🏗️,1
supertanker,,🚢,2
supervise,,👀,2
supervision,,👀,2
supervisory,,👀,1
supine,,🛌,2
supper,,🍽️,3
supplant,,🔄,1
supple,,🤸,1
supplement,,💊,2
supplemental,,💊,1
supplementary,,💊,1
suppliant,,🙏,1
supplicant,,🙏,1
supplicate,,🙏,2
supplication,,🙏,2
supply,,📦️,2
support,,🤝,2
supportable,,✅️,1
supportive,,🤝,2
suppose,,🤔,2
supposed,,🤔,1
supposing,,🤔,1
supposition,,🤔,1
suppository,,💊,1
suppress,,🤐,2
suppression,,🤐,2
supranational,,🌐,1
supremacist,,👑,1
supremacy,,👑,2
supreme,,👑,2
surcharge,,💸,2
sure,,👍️,2
surely,,👍️,1
surety,,🤝,1
surf,,🏄️,3
surface,,🌊,2
surfeit,,🍽️,1
surfing,,🏄️,3
surge,,📈,2
surgeon,,🩺,2
surgery,,🏥,3
surgical,,🔪,2
surly,,😠,2
surmise,,🤔,1
surmount,,⛰️,1
surmountable,,⛰️,1
surname,,📛,2
surpass,,🏃,1
surplice,,👘,1
surplus,,➕️,2
surprise,,😲,3
surprising,,😲,2
surreal,,🌀,2
surrealism,,🎨,2
surrealist,,🎨,2
surrealistic,,🎨,2
surrender,,🏳️,3
surreptitious,,🕵️,2
surrey,,🐎,1
surrogate,,🤰,2
surround,,🔄,2
surroundings,,🏞️,2
surtax,,💸,1
surveillance,,📹️,3
survey,,📋️,2
survival,,🆘,2
survive,,🆘,2
survivor,,🏅,2
susceptibility,,🤒,1
susceptible,,🤒,2
sushi,,🍣,3
suspect,,🕵️,2
suspend,,⏸️,2
suspenders,,👔,2
suspense,,😬,2
suspenseful,,😬,2
suspension,,⏸️,2
suspicion,,🤨,2
suspicious,,🤨,3
sustain,,💪,1
sustenance,,🍞,2
suture,,🩹,3
svelte,,💃,1
swab,,🧹,2
swaddle,,👶,2
swag,,🎁,1
swagger,,🕺,2
swain,,🧑,1
swallow,,🐦️,2
swam,,🏊️,1
swami,,🧘,1
swamp,,🐊,3
swampy,,💧,2
swan,,🦢,3
swank,,💅,1
swanky,,💅,1
swap,,🔄,3
sward,,🌱,1
swarm,,🐝,3
swarthy,,🟤,1
swashbuckler,,🗡️,1
swastika,,✡️,1
swat,,🪰,2
swatch,,🎨,1
swath,,📏,1
swathe,,🩹,1
sway,,〰️,2
swear,,🤬,2
sweat,,💦,3
sweater,,🧥,3
sweaty,,💦,3
sweep,,🧹,3
sweeping,,🧹,2
sweet,,🍬,2
sweeten,,🍬,2
sweetener,,🍬,2
sweetie,,😘,1
sweetish,,🍬,1
swell,,📈,1
swelling,,🤕,2
swelter,,🥵,2
sweltering,,🥵,2
swept,,🧹,1
swerve,,↩️,2
swift,,⚡️,2
swig,,🍺,2
swill,,🍺,1
swim,,🏊️,3
swimming,,🏊️,3
swindle,,🎭️,2
swine,,🐖,3
swing,,🎢,2
swinish,,🐖,1
swipe,,👆️,2
swirl,,🌀,3
swish,,🕸️,1
switch,,🔀,2
swivel,,🔄,2
swollen,,🤕,2
swoon,,😍,2
swoop,,🦅,2
swop,,🔄,1
sword,,⚔️,3
swordsman,,🤺,2
swore,,🤬,1
sworn,,🤝,1
swum,,🏊️,1
swung,,〰️,1
sycamore,,🌳,2
sycophant,,🙇,1
sycophantic,,🙇,1
syllabi,,📚️,1
syllabic,,🔤,1
syllabication,,🔤,1
syllabification,,🔤,1
syllabify,,🔤,1
syllable,,🔤,2
syllabus,,📄,2
syllogism,,🧩,1
sylph,,🧚,1
sylvan,,🌲,1
symbiosis,,🤝,2
symbiotic,,🤝,2
symbol,,🔣,2
symbolic,,🔣,2
symbolism,,🎭️,1
symbolize,,🔣,1
symmetric,,🦋,1
symmetrical,,🦋,2
symmetry,,🦋,2
sympathetic,,🤗,2
sympathize,,🤗,2
sympathy,,🤗,3
symphonic,,🎼,2
symphony,,🎼,3
symposia,,🗣️,1
symposium,,🗣️,2
symptom,,🤒,3
symptomatic,,🤒,2
synagog,,🕍,3
synagogue,,🕍,3
synapse,,🧠,2
sync,,🔄,2
synch,,🔄,1
synchronization,,🔄,1
synchronize,,🔄,2
synchronous,,🔄,1
syncopate,,🎵,1
syncopation,,🎵,1
syndicate,,🤝,1
syndication,,📺️,1
syndrome,,🤒,2
synergism,,🤝,1
synergistic,,🤝,1
synergy,,🤝,1
synod,,⛪️,1
synonym,,🔤,2
synonymous,,🔤,1
synopses,,📝,1
synopsis,,📝,2
syntactic,,🔤,1
syntax,,🔤,2
syntheses,,🧪,1
synthesis,,🧪,2
synthesize,,🧪,2
synthesizer,,🎹,3
synthetic,,🧪,2
syphilis,,🦠,1
syphilitic,,🦠,1
syringe,,💉,3
syrup,,🍯,3
syrupy,,🍯,2
system,,⚙️,2
systematic,,📋️,1
systematize,,📋️,1
systemic,,⚙️,1
systolic,,❤️,1
tab,,🧾,2
tabby,,🐈️,2
tabernacle,,⛪️,2
table,,🪑,3
tableau,,🖼️,1
tableaux,,🖼️,1
tablet,,📱,3
tabloid,,📰,2
taboo,,🚫,2
tabular,,📊,1
tabulate,,📊,2
tabulation,,📊,1
tachometer,,🌡️,1
tacit,,🤐,1
taciturn,,🤐,2
taciturnity,,🤐,1
tack,,📌,2
tackle,,🏈,2
tacky,,🎗️,1
taco,,🌮,3
tact,,🤐,1
tactful,,🤝,1
tactic,,♟️,2
tactical,,♟️,2
tactician,,♟️,1
tactics,,♟️,2
tactile,,✋️,2
tactless,,😬,1
tad,,🤏,1
tadpole,,🐸,3
taffeta,,🧵,1
taffy,,🍬,2
tag,,🏷️,2
tail,,🐕️,2
tailless,,🐕️,1
tailor,,🧵,3
taint,,🦠,1
tainted,,🦠,1
take,,🤲,2
taken,,🤲,1
taking,,🤲,1
talc,,🧴,1
tale,,📖,2
talent,,🌟,2
talisman,,🧿,2
talk,,🗣️,3
talkative,,🗣️,2
tall,,📏,2
tallow,,🕯️,1
tally,,🔢,2
tallyho,,🦊,1
talon,,🦅,2
tamable,,🐴,1
tamale,,🌽,2
tamarind,,🌰,1
tambourine,,🎶,2
tame,,🐴,2
tamp,,👊,1
tamper,,🔧,1
tampon,,🩸,2
tan,,🏖️,2
tanager,,🐦️,1
tandem,,🚲️,2
tang,,😋,1
tangelo,,🍊,2
tangent,,📐,2
tangential,,📐,1
tangerine,,🍊,3
tangibility,,✋️,1
tangible,,✋️,2
tangle,,🧶,3
tango,,💃,3
tangy,,🍋,2
tank,,🛢️,2
tankard,,🍺,2
tanker,,🚢,2
tankful,,🛢️,1
tanner,,🧤,1
tannery,,🧤,1
tannin,,🍷,1
tantalize,,😏,1
tantalizing,,😋,2
tantamount,,⚖️,1
tantrum,,😡,3
tap,,🚰,2
tape,,📼,2
taper,,🕯️,2
tapestry,,🧵,2
tapioca,,🍮,1
tapir,,🐖,2
taps,,🎺,1
tar,,⚫️,2
tarantula,,🕷️,3
tardy,,⏰️,2
target,,🎯,3
tariff,,💸,2
tarmac,,🛬,1
tarnish,,🥉,1
taro,,🍠,1
tarot,,🔮,3
tarp,,🪣,1
tarpaulin,,🪣,1
tarpon,,🐟️,1
tarragon,,🌿,1
tarry,,⏳️,1
tart,,🥧,3
tartan,,🏴,2
tartar,,🦷,1
task,,📋️,2
tassel,,🎓️,2
taste,,👅,2
tasteful,,👍️,1
tasteless,,👎️,1
tasty,,😋,3
tat,,🎨,1
tatter,,🥼,1
tattered,,🥼,2
tatting,,🧵,1
tattle,,🗣️,1
tattoo,,💉,3
taught,,🍎,1
taunt,,😏,2
taupe,,🟤,1
taut,,➡️,1
tautological,,🔁,1
tautology,,🔁,1
tavern,,🍺,3
tawdry,,💅,1
tawny,,🟤,1
tax,,💸,3
taxable,,💸,2
taxation,,💸,2
taxi,,🚕,3
taxidermist,,🦌,2
taxidermy,,🦌,2
taxing,,😩,1
taxonomy,,📊,1
taxpayer,,💸,1
tea,,🍵,3
teach,,🍎,2
teachable,,🎓️,1
teacher,,🏫,2
teaching,,📚️,2
teak,,🌳,1
teal,,🟦,2
team,,👥,3
teamster,,🚚,2
tear,,😢,3
tearful,,😢,2
tease,,😜,2
teat,,🍼,1
technical,,🔧,1
technicality,,📄,1
technician,,🔧,2
technique,,🎓️,1
technocracy,,🏛️,1
technocrat,,🏛️,1
technological,,💻️,2
technologist,,💻️,2
technology,,💻️,3
tectonics,,🌋,1
tedious,,😴,2
tedium,,😴,2
tee,,⛳️,2
teem,,🐝,1
teen,,🧑,2
teenage,,🧑,2
teenaged,,🧑,1
teenager,,🧑,3
teens,,🧑,1
teeny,,🤏,1
teepee,,⛺️,3
teeter,,⚖️,2
teeth,,🦷,3
teethe,,🦷,2
teetotal,,🚱,1
teetotaler,,🚱,1
teetotaller,,🚱,1
telecast,,📺️,2
telecommute,,💻️,2
teleconference,,💻️,2
telegram,,📨,2
telegraph,,📠,2
telegraphic,,📠,1
telegraphy,,📠,1
telekinesis,,🔮,2
telemarketing,,📞,2
telemetry,,📡,1
telepathic,,🔮,2
telepathy,,🔮,2
telephone,,☎️,3
telephonic,,☎️,1
telephoto,,📷️,2
telescope,,🔭,3
telescopic,,🔭,2
telethon,,📺️,2
televangelist,,📺️,2
televise,,📺️,2
television,,📺️,3
tell,,🗣️,2
teller,,🏦,2
telling,,🗣️,1
temblor,,🌋,1
temerity,,😤,1
temp,,⏳️,1
temper,,😠,2
tempera,,🎨,1
temperament,,😤,1
temperamental,,😤,2
temperance,,🚱,1
temperate,,🌤️,1
temperature,,🌡️,3
tempered,,⚔️,1
tempest,,🌪️,2
tempestuous,,🌪️,2
tempi,,🎼,1
template,,📐,2
temple,,🛕,3
tempo,,🎼,2
temporal,,⏳️,1
temporary,,⏳️,2
temporize,,⏳️,1
tempt,,😈,2
temptation,,😈,2
tempting,,😋,2
temptingly,,😋,1
temptress,,😈,2
tempura,,🍤,3
ten,,🔟,3
tenability,,✅️,1
tenable,,✅️,1
tenacious,,💪,2
tenacity,,💪,2
tenancy,,🏠️,1
tenant,,🏠️,2
tend,,🌱,1
tendency,,📈,1
tendentious,,📢,1
tender,,💕,1
tenderize,,🔨,1
tenderloin,,🥩,2
tendinitis,,🦵,1
tendon,,🦵,2
tendril,,🌿,2
tenement,,🏢,2
tenet,,📜,1
tennis,,🎾,3
tenon,,🪵,1
tenor,,🎤,2
tense,,😬,2
tensile,,📏,1
tension,,😬,2
tent,,⛺️,3
tentacle,,🐙,3
tentative,,🤔,1
tenth,,🔟,2
tenuous,,🧵,1
tenure,,📜,1
tepee,,⛺️,3
tepid,,🌡️,2
tequila,,🥃,3
term,,📅,1
terminal,,✈️,2
terminate,,❌️,2
termination,,❌️,2
termini,,🚏,1
terminology,,📖,1
terminus,,🚏,2
termite,,🐜,3
tern,,🐦️,2
terrace,,🏡,2
terrain,,🏔️,2
terrapin,,🐢,2
terraria,,🪴,1
terrarium,,🪴,3
terrestrial,,🌍️,2
terrible,,😱,2
terrier,,🐕️,3
terrific,,🤩,2
terrified,,😱,3
terrify,,😱,2
terrifying,,😱,3
territorial,,🗺️,1
territory,,🗺️,2
terror,,😱,2
terrorism,,💣️,2
terrorist,,💣️,2
terrorize,,😱,2
terry,,🧻,1
terse,,✂️,1
tertiary,,3️⃣,1
test,,📝,3
testament,,📜,2
testate,,📜,1
testes,,🥚,2
testicle,,🥚,2
testify,,🗣️,2
testimonial,,📜,1
testimony,,🗣️,2
testis,,🥚,2
testosterone,,💪,1
testy,,😠,1
tetanus,,💉,1
tether,,⛓️,2
tetrahedron,,🔺,2
text,,💬,3
textile,,🧵,2
textual,,📝,2
texture,,🖐️,2
thalami,,🧠,1
thalamus,,🧠,2
than,,⚖️,1
thank,,🙏,3
thankful,,🙏,3
thankless,,🙅,1
thanks,,🙏,3
that,,👉️,1
thatch,,🛖,2
thaw,,🌡️,2
the,,📄,1
theater,,🎭️,3
theatre,,🎭️,3
theatrical,,🎭️,2
thee,,👤,1
theft,,🕵️,2
their,,👥,1
theirs,,👥,1
theism,,🙏,2
theistic,,🙏,1
them,,👥,1
thematic,,🎨,1
theme,,🎨,2
then,,➡️,1
thence,,➡️,1
theocracy,,🕌,1
theocratic,,🕌,1
theologian,,📖,2
theological,,📖,2
theology,,📖,2
theorem,,📐,2
theoretical,,🧠,1
theoretician,,🧠,1
theorist,,🧠,1
theorize,,💭,2
theory,,💭,2
therapeutic,,💊,2
therapeutics,,💊,2
therapist,,🛋️,2
therapy,,🛋️,2
there,,👉️,1
thermal,,🌡️,2
thermodynamic,,🌡️,1
thermodynamics,,🌡️,1
thermometer,,🌡️,3
thermonuclear,,☢️,2
thermos,,🍶,2
thermostat,,🌡️,2
thesauri,,📚️,1
thesaurus,,📚️,2
these,,👉️,1
theses,,📝,1
thesis,,📝,2
thespian,,🎭️,2
they,,👥,1
thiamin,,💊,1
thiamine,,💊,1
thick,,📏,2
thicken,,🍲,2
thicket,,🌳,2
thickness,,📏,2
thief,,🕵️,3
thieve,,🕵️,2
thievery,,🕵️,2
thieves,,🕵️,3
thievish,,🕵️,1
thigh,,🦵,3
thimble,,🪡,3
thimbleful,,🪡,1
thin,,📏,2
thine,,👤,1
thing,,📦️,1
think,,🤔,3
thinner,,🧴,2
third,,3️⃣,3
thirst,,🥵,2
thirsty,,🥵,3
thirteen,,🔢,3
thirteenth,,🔢,2
thirtieth,,🔢,2
thirty,,🔢,3
this,,👉️,1
thistle,,🌿,2
thither,,➡️,1
tho,,➡️,1
thong,,🩴,2
thoraces,,🫁,1
thoracic,,🫁,1
thorax,,🫁,2
thorn,,🌵,2
thorny,,🌵,2
thorough,,✅️,1
those,,👉️,1
thou,,👤,1
though,,➡️,1
thought,,💭,2
thoughtful,,🤔,2
thoughtless,,🙄,1
thousand,,🔢,2
thousandth,,🔢,1
thrall,,⛓️,1
thrash,,💥,2
thrasher,,🐦️,1
thread,,🧵,3
threat,,⚠️,2
threaten,,⚠️,2
three,,3️⃣,3
threesome,,3️⃣,1
thresh,,🌾,1
threshold,,🚪,2
threw,,🎯,2
thrice,,3️⃣,1
thrift,,💰️,2
thrifty,,💰️,2
thrill,,🎢,2
thriller,,🎬️,2
thrilling,,🎢,2
thrive,,🌱,2
thriven,,🌱,1
throat,,🗣️,2
throaty,,🗣️,1
throb,,💓,2
throe,,😖,1
thrombosis,,🩸,1
throne,,👑,3
throng,,👥,2
throttle,,🕹️,2
through,,➡️,1
throve,,🌱,1
throw,,🤾,3
thrown,,🤾,2
thru,,➡️,1
thrum,,🎸,1
thrush,,🐦️,3
thrust,,➡️,2
thud,,💥,2
thug,,🥷,2
thumb,,👍️,3
thump,,💥,2
thunder,,⛈️,3
thunderous,,⛈️,2
thus,,➡️,1
thwack,,💥,2
thwart,,🚫,2
thy,,👤,1
thyme,,🌿,3
thymus,,🫀,1
thyroid,,🦋,2
ti,,🎵,1
tiara,,👑,3
tibia,,🦴,2
tibiae,,🦴,1
tic,,😬,1
tick,,🕷️,2
ticker,,📈,2
ticket,,🎫,3
ticking,,⏰️,2
tickle,,🤣,2
ticklish,,🤣,2
tidal,,🌊,2
tidbit,,🍬,1
tiddlywinks,,🎲,1
tide,,🌊,3
tidings,,📰,1
tidy,,🧹,2
tie,,👔,3
tier,,🎂,2
tiff,,😤,1
tiger,,🐅,3
tight,,🤏,2
tighten,,🔧,2
tights,,🩱,2
tightwad,,💰️,1
tigress,,🐅,2
tilde,,🔣,1
tile,,🀄️,2
tiling,,🧱,2
till,,🌾,1
tillage,,🌾,1
tiller,,🚜,1
tilt,,📐,2
timber,,🪵,3
timbre,,🎵,1
time,,⏰️,3
timeless,,⏳️,1
timely,,⏰️,2
timer,,⏲️,3
times,,✖️,1
timid,,😳,2
timidity,,😳,1
timing,,⏱️,2
timorous,,😨,1
timpani,,🥁,2
timpanist,,🥁,1
tin,,🥫,2
tincture,,🧪,1
tinder,,🔥,2
tine,,🍴,1
tinge,,🎨,1
tingle,,✨️,1
tingly,,✨️,1
tinker,,🔧,2
tinkle,,🔔,2
tinny,,🔔,1
tinsel,,🎄,3
tint,,🎨,2
tiny,,🤏,2
tip,,💡,2
tipple,,🍸️,1
tipster,,🐎,1
tipsy,,🥴,2
tirade,,😡,1
tire,,🛞,3
tired,,😴,3
tireless,,💪,1
tiresome,,😩,1
tissue,,🧻,3
tit,,🐦️,1
titan,,💪,1
titanic,,🚢,2
titanium,,⚙️,1
tithe,,💰️,1
titillate,,😏,1
titillation,,😏,1
title,,🏷️,2
titled,,🏷️,1
titter,,🤭,2
tittle,,🔴,1
titular,,🏷️,1
tizzy,,😵,1
to,,➡️,1
toad,,🐸,3
toady,,🤥,1
toast,,🍞,3
toaster,,🍞,3
toasty,,🔥,2
tobacco,,🚬,3
tobacconist,,🚬,1
toboggan,,🛷,3
tocsin,,🔔,1
today,,📅,2
toddle,,🚼️,2
toddler,,🧒,3
toddy,,🍹,1
toe,,🦶,3
toffee,,🍬,2
toffy,,🍬,2
tofu,,🧊,2
toga,,👘,2
together,,🤝,2
toggle,,🔀,2
togs,,👕,1
toil,,😓,1
toilet,,🚽,3
toiletry,,🧴,2
toilette,,🚽,1
toilsome,,😓,1
token,,🪙,2
tokenism,,🪙,1
told,,🗣️,1
tolerable,,👍️,1
tolerance,,🤝,2
tolerant,,🤝,2
tolerate,,🤝,1
toleration,,🤝,1
toll,,🔔,2
tom,,🐈️,1
tomahawk,,🪓,3
tomato,,🍅,3
tomb,,⚰️,3
tome,,📖,2
tomorrow,,📅,2
ton,,⚖️,1
tonal,,🎵,1
tonality,,🎵,1
tone,,🎵,2
toneless,,🔇,1
tongs,,🥢,2
tongue,,👅,3
tonic,,🥤,2
tonnage,,⚖️,1
tonsil,,🫁,1
tonsillectomy,,🏥,1
tonsillitis,,🏥,1
tonsorial,,✂️,1
tonsure,,✂️,1
too,,➕️,1
took,,✋️,1
tool,,🔧,3
toot,,📯,2
tooth,,🦷,3
toothless,,🦷,2
toothsome,,😋,1
toothy,,🦷,2
top,,🔝,2
topaz,,💎,2
topic,,📌,2
topical,,📌,1
topless,,🚫,1
topographic,,🗺️,1
topographical,,🗺️,1
topography,,🗺️,2
topping,,🍒,2
topple,,⬇️,2
torch,,🔦,3
tore,,💔,1
toreador,,🐂,2
torment,,😖,2
torn,,💔,2
tornado,,🌪️,3
torpedo,,🚀,2
torpid,,😴,1
torpor,,😴,1
torque,,🔧,2
torrent,,🌊,2
torrential,,🌧️,2
torrid,,🔥,1
torsion,,🔩,1
torso,,🫲,2
tort,,⚖️,1
torte,,🍰,2
tortilla,,🌮,3
tortoise,,🐢,3
tortuous,,🌀,1
torture,,😖,2
toss,,🤾,2
tot,,🍼,1
total,,➕️,1
totalitarian,,🚫,1
totalitarianism,,🚫,1
totality,,💯,1
tote,,👜,2
totem,,🗿,2
totter,,🚶,1
toucan,,🦜,3
touch,,✋️,2
touche,,🤺,1
touched,,🥺,1
touching,,✋️,1
touchy,,😤,1
tough,,💪,2
toughen,,💪,1
toupee,,🦲,1
tour,,🚌,2
tourism,,🧳,2
tourist,,🧳,3
tournament,,🏆️,2
tourniquet,,🩹,2
tousle,,💇,1
tout,,📢,1
tow,,🚛,2
toward,,➡️,1
towards,,➡️,1
towel,,🧺,3
toweling,,🧺,1
towelling,,🧺,1
tower,,🗼,3
towering,,🗼,2
town,,🏘️,3
township,,🏘️,2
toxic,,☠️,3
toxicity,,☠️,2
toxicologist,,🧪,1
toxicology,,🧪,1
toxin,,☠️,2
toy,,🧸,3
trace,,👣,2
traceable,,🔍️,1
tracer,,🔍️,1
tracery,,🎨,1
trachea,,🫁,2
tracheae,,🫁,1
tracing,,✏️,2
track,,🛤️,3
tract,,📄,1
tractable,,👍️,1
traction,,🚗,2
tractor,,🚜,3
trade,,💱,2
trader,,💱,2
tradesman,,🛠️,2
tradition,,🎎,2
traditional,,🎎,1
traditionalist,,🎎,1
traduce,,😡,1
traffic,,🚦,3
tragedian,,🎭️,1
tragedy,,😢,2
tragic,,😢,2
trail,,🥾,2
trailer,,🚚,2
train,,🚆,3
trainee,,🎓️,2
training,,🏋️,2
traipse,,🚶,1
trait,,🧬,2
traitor,,🗡️,2
traitorous,,🗡️,1
trajectory,,➰️,1
tram,,🚊,3
trammel,,⛓️,1
tramp,,🚶,2
trample,,🦶,2
trampoline,,🤸,3
trance,,😵,1
tranquil,,😌,2
tranquility,,😌,2
tranquilize,,💉,1
tranquilizer,,💊,2
tranquillity,,😌,2
tranquillize,,💉,1
tranquillizer,,💊,2
transact,,🤝,1
transatlantic,,🌊,1
transceiver,,📡,1
transcend,,🌌,1
transcendence,,🌌,1
transcendent,,🌌,1
transcendental,,🌌,1
transcribe,,✍️,2
transcript,,📄,2
transcription,,📝,1
transducer,,🔌,1
transept,,⛪️,1
transfer,,➡️,2
transferable,,➡️,1
transference,,➡️,1
transfiguration,,✨️,1
transfigure,,✨️,1
transfix,,😲,1
transform,,🔄,2
transformation,,🦋,2
transformer,,🤖,1
transfuse,,🩸,1
transfusion,,🩸,2
transgress,,🚫,1
transgression,,🚫,1
transience,,⏳️,1
transient,,⏳️,1
transistor,,📻️,1
transit,,🚌,2
transition,,🔄,2
transitional,,🔄,1
transitive,,➡️,1
transitory,,⏳️,1
translate,,🌐,2
translation,,🌐,2
transliterate,,🔤,1
translucence,,🔍️,1
translucent,,🔍️,2
transmigrate,,➡️,1
transmigration,,➡️,1
transmissible,,🦠,1
transmission,,📡,2
transmit,,📡,2
transmittal,,📡,1
transmitter,,📡,3
transmutation,,🔄,1
transmute,,🔄,1
transnational,,🌍️,1
transoceanic,,🌊,1
transom,,🪟,1
transparency,,🪟,2
transparent,,🔍️,2
transpiration,,🌿,1
transpire,,🌱,1
transplant,,🌱,2
transplantation,,🌱,1
transport,,🚚,2
transportation,,🚚,3
transpose,,🔄,1
transposition,,🔄,1
transsexual,,⚧️,2
transverse,,↔️,1
transvestite,,👗,1
trap,,🪤,3
trapeze,,🤸,2
trapezoid,,🔷,2
trapezoidal,,🔷,1
trappings,,🎒,1
trash,,🗑️,3
trashy,,🗑️,1
trauma,,😰,2
traumata,,😰,1
traumatic,,😰,2
traumatize,,😰,1
travail,,😓,1
travel,,✈️,3
traveller,,🧳,2
travelog,,🎞️,1
travelogue,,🎞️,1
traverse,,🚶,1
travesty,,🎭️,1
trawl,,🎣,2
trawler,,🚢,2
tray,,🍽️,3
treacherous,,🐍,1
treachery,,🐍,1
treacle,,🍯,1
tread,,👣,2
treadle,,🦶,1
treason,,🗡️,2
treasonable,,🗡️,1
treasonous,,🗡️,1
treasure,,💰️,3
treasurer,,💰️,2
treasury,,🏦,2
treat,,🍬,2
treatable,,💊,1
treatise,,📄,1
treatment,,💊,2
treaty,,📜,2
treble,,🎵,1
tree,,🌳,3
treeless,,🏜️,1
trefoil,,☘️,2
trek,,🥾,2
trellis,,🌿,2
tremble,,😨,2
tremendous,,💯,1
tremolo,,🎵,1
tremor,,🌍️,2
tremulous,,😨,1
trench,,🕳️,2
trenchant,,🗡️,1
trend,,📈,2
trendy,,✨️,2
trepidation,,😨,1
trespass,,🚷,2
tress,,💇,2
trestle,,🌉,1
triad,,3️⃣,1
triage,,🏥,2
trial,,⚖️,2
triangle,,🔺,3
triangular,,🔺,2
triathlon,,🏊️,2
tribal,,🪘,1
tribe,,🪘,2
tribesman,,🪘,1
tribulation,,😓,1
tribunal,,⚖️,2
tribune,,⚖️,1
tributary,,🌊,1
tribute,,🎗️,1
trice,,⏱️,1
triceps,,💪,2
trick,,🎩,2
trickery,,🎩,1
trickle,,💧,2
trickster,,🎩,1
tricky,,🤔,1
tricolor,,🎨,1
tricycle,,🚲️,3
trident,,🔱,3
tried,,✅️,1
triennial,,📅,1
trifle,,🍰,2
trifling,,🤏,1
trig,,📐,1
trigger,,🔫,3
trigonometry,,📐,2
trill,,🎵,1
trillion,,🔢,2
trillionth,,🔢,1
trilogy,,📚️,2
trim,,✂️,2
trimaran,,⛵️,2
trimester,,🤰,1
trimming,,✂️,1
trinity,,3️⃣,1
trinket,,💍,2
trio,,3️⃣,2
trip,,✈️,2
tripartite,,3️⃣,1
tripe,,🍽️,1
triple,,3️⃣,2
triplet,,👶,2
triplicate,,📄,1
tripod,,📷️,3
triptych,,🖼️,1
trisect,,✂️,1
trite,,😐️,1
triumph,,🏆️,3
triumphal,,🏆️,2
triumphant,,🎉,2
triumvirate,,3️⃣,1
trivet,,🍳,1
trivia,,❓️,2
trivial,,🤏,1
triviality,,🤏,1
trivialize,,🤏,1
trod,,🚶,1
trodden,,🥾,1
troika,,3️⃣,1
troll,,🧌,3
trolley,,🚋,3
trollop,,💃,1
trombone,,🎺,3
trombonist,,🎺,2
troop,,🪖,2
trooper,,🪖,2
trophy,,🏆️,3
tropic,,🌴,2
tropical,,🌴,3
troposphere,,🌍️,1
trot,,🐎,2
troth,,💍,1
troubadour,,🎼,1
trouble,,😟,2
troublesome,,😤,1
trough,,🥣,2
trounce,,👊,1
troupe,,🎭️,2
trousers,,👖,3
trousseau,,👗,1
trousseaux,,👗,1
trout,,🐟️,3
trowel,,🛠️,2
troy,,⚖️,1
truancy,,🚫,1
truant,,🚫,1
truce,,🕊️,2
truck,,🚚,3
truculence,,😠,1
truculent,,😠,1
trudge,,🚶,2
true,,✅️,2
truffle,,🍫,2
truism,,✅️,1
truly,,✅️,1
trump,,🃏,1
trumpery,,🎩,1
trumpet,,🎺,3
truncate,,✂️,2
truncation,,✂️,1
truncheon,,🏏,1
trundle,,🛒,1
trunk,,🌳,2
truss,,🩹,1
trust,,🤝,2
trustee,,🤝,1
trusteeship,,🤝,1
trustful,,🤝,1
trusting,,🤝,1
trusty,,👍️,1
truth,,✅️,2
truthful,,✅️,2
try,,💪,2
trying,,😤,1
tryst,,💑,2
tsar,,👑,2
tsunami,,🌊,3
tub,,🛁,3
tuba,,🎺,3
tubby,,🍩,1
tube,,🛠️,2
tubeless,,🛞,1
tuber,,🥔,2
tubercle,,🫁,1
tubercular,,🫁,1
tuberculosis,,🫁,2
tuberous,,🥔,1
tubing,,🛠️,1
tubular,,🛠️,1
tuck,,👕,1
tucker,,😴,1
tuft,,🌾,2
tug,,🚢,2
tuition,,🎓️,2
tulip,,🌷,3
tulle,,👗,1
tumble,,🤸,2
tumbler,,🥃,2
tummy,,🤰,2
tumor,,🧬,2
tumult,,😵,1
tumultuous,,😵,1
tuna,,🐟️,3
tundra,,❄️,2
tune,,🎵,2
tuneful,,🎵,1
tuneless,,🔇,1
tuner,,📻️,2
tungsten,,⚙️,1
tunic,,👘,2
tunnel,,🕳️,3
turban,,👳,3
turbid,,🌫️,1
turbine,,🌀,2
turbot,,🐟️,1
turbulence,,🌪️,2
turbulent,,🌪️,2
turd,,💩,3
tureen,,🍲,2
turf,,🌱,2
turgid,,🎈,1
turgidity,,🎈,1
turkey,,🦃,3
turmeric,,🌿,2
turmoil,,😵,1
turn,,🔄,2
turnip,,🥔,3
turpentine,,🧴,1
turpitude,,😡,1
turquoise,,💎,2
turret,,🏰,2
turtle,,🐢,3
tush,,🍑,1
tusk,,🦷,2
tussle,,🤼,2
tussock,,🌾,1
tutelage,,🎓️,1
tutor,,🎓️,3
tutorial,,🎓️,2
tutu,,🩰,3
tux,,🤵,2
tuxedo,,🤵,2
twaddle,,🗣️,1
twain,,2️⃣,1
twang,,🎸,2
tweak,,🔧,2
tweed,,🧵,1
tweedy,,🧵,1
tweet,,🐦️,2
tweeter,,🔊,1
tweezers,,📎,2
twelfth,,🔢,1
twelve,,🔢,3
twentieth,,🔢,1
twenty,,🔢,3
twerp,,🙄,1
twice,,2️⃣,2
twiddle,,🤏,1
twig,,🌿,3
twiggy,,🌿,1
twilight,,🌆,3
twill,,🧵,1
twin,,👯,3
twine,,🧵,2
twinge,,😖,1
twinkle,,✨️,2
twinkling,,✨️,2
twirl,,🌀,2
twist,,🌀,2
twisted,,🌀,2
twister,,🌪️,3
twit,,🤪,2
twitch,,⚡️,2
twitter,,🐦️,2
two,,2️⃣,3
twosome,,👫,2
tycoon,,💼,2
tying,,🎀,2
tyke,,🧒,2
tympana,,🥁,1
tympanum,,🥁,2
type,,⌨️,2
typhoid,,🤒,2
typhoon,,🌀,3
typhus,,🤒,1
typical,,✅️,1
typify,,✅️,1
typist,,⌨️,2
typo,,❌️,2
typographer,,🖨️,1
typographical,,🖨️,1
typography,,🖨️,2
tyrannical,,👑,2
tyrannize,,👑,2
tyrannous,,👑,1
tyranny,,👑,2
tyrant,,👑,2
tyro,,🌱,1
tzar,,👑,2
ubiquitous,,🌐,2
ubiquity,,🌐,2
udder,,🐄,2
ugh,,😩,3
ugly,,🤢,2
uh,,🤔,1
ukulele,,🎸,2
ulcer,,🤒,2
ulcerate,,🤒,1
ulceration,,🤒,1
ulcerous,,🤒,1
ulna,,🦴,2
ulnae,,🦴,2
ulterior,,🤫,1
ultimata,,⚠️,1
ultimate,,🏆️,2
ultimatum,,⚠️,2
ultra,,➕️,1
umber,,🟤,2
umbilical,,🍼,2
umbrage,,😠,1
umbrella,,☂️,3
umiak,,🛶,2
umlaut,,🔤,1
ump,,🏫,1
umpire,,🏫,1
umpteenth,,🔢,1
unabashed,,😎,1
unabated,,🌊,1
unable,,🚫,2
unabridged,,📖,1
unacceptable,,🚫,2
unaccompanied,,🚶,1
unaccountable,,🚫,1
unaccustomed,,🚫,1
unacquainted,,🚫,1
unadorned,,🚫,1
unadulterated,,✅️,1
unaffected,,🚫,1
unalterable,,🔒️,1
unanimity,,🤝,2
unanimous,,🤝,2
unanswerable,,❓️,1
unanticipated,,😲,1
unappetizing,,🤢,2
unappreciated,,😔,1
unappreciative,,😒,1
unapproachable,,🚫,1
unarmed,,🚫,2
unashamed,,😎,1
unasked,,❓️,1
unassailable,,🛡️,1
unassuming,,😌,1
unattached,,🚫,1
unattended,,🚫,1
unavailing,,🚫,1
unavoidable,,⚠️,1
unaware,,😶,2
unawares,,😶,1
unbalanced,,⚖️,2
unbar,,🔓️,1
unbearable,,😩,2
unbeatable,,🏆️,2
unbeaten,,🏆️,1
unbecoming,,🚫,1
unbeknown,,❓️,1
unbeknownst,,❓️,1
unbelief,,🚫,1
unbelievable,,😲,3
unbeliever,,🚫,1
unbend,,📏,1
unbending,,🚫,1
unbiased,,⚖️,2
unbidden,,❓️,1
unblushing,,😐️,1
unbolt,,🔓️,2
unborn,,🤰,2
unbosom,,💬,1
unbound,,🔓️,2
unbounded,,♾️,1
unbridled,,🐎,1
unbroken,,✅️,1
unbuckle,,🔓️,2
unburden,,🎒,1
unbutton,,🔘,2
uncanny,,👻,2
uncaring,,💔,1
unceasing,,♾️,1
uncensored,,🔞,1
unceremonious,,🚫,1
uncertain,,❓️,3
uncertainty,,❓️,2
unchanged,,➡️,1
uncharitable,,😒,1
uncharted,,🗺️,2
unchecked,,✅️,1
uncivil,,😠,1
uncivilized,,🐒,1
unclasp,,🔓️,1
unclassified,,📄,1
uncle,,👨,3
unclean,,🧹,2
unclear,,❓️,2
unclothed,,👙,1
uncluttered,,✨️,1
uncoil,,🌀,1
uncomfortable,,😖,2
uncommitted,,🚫,1
uncommon,,🌟,1
uncommunicative,,🤐,2
uncomplimentary,,😒,1
uncompromising,,🚫,1
unconcern,,😐️,1
unconcerned,,😐️,1
unconditional,,♾️,1
unconscionable,,😠,1
unconscious,,😵,3
uncontaminated,,✨️,1
uncontested,,✅️,1
uncontrollable,,🌀,1
unconventional,,🎭️,1
unconvincing,,🚫,1
unconvincingly,,🚫,1
uncoordinated,,🤪,1
uncork,,🍾,2
uncorroborated,,❓️,1
uncountable,,🔢,1
uncounted,,🔢,1
uncouple,,🔗,1
uncouth,,🤢,1
uncover,,🔓️,2
unctuous,,🛢️,1
uncut,,✂️,1
undamaged,,✅️,1
undaunted,,💪,1
undecided,,🤷,2
undecipherable,,❓️,1
undefeated,,🏆️,1
undemanding,,😌,1
undemocratic,,🚫,1
undemonstrative,,😐️,1
undeniable,,✅️,1
undependable,,🚫,1
under,,⬇️,2
underachieve,,📉,1
underage,,🚫,1
underarm,,💪,1
underbelly,,🦎,1
underbid,,💰️,1
underbrush,,🌿,1
undercarriage,,🚗,1
undercharge,,💰️,1
underclass,,🏫,1
underclassman,,🏫,1
underclothes,,🩲,2
underclothing,,🩲,2
undercoat,,🎨,1
undercover,,🕵️,2
undercurrent,,🌊,1
undercut,,✂️,1
underdeveloped,,📉,1
underdog,,🐶,2
underdone,,🍳,1
underemployed,,📉,1
underestimate,,📉,1
underexpose,,📷️,1
underfoot,,👣,1
undergarment,,🩲,2
undergo,,➡️,1
undergone,,✅️,1
undergraduate,,🎓️,2
underground,,🚇️,2
undergrowth,,🌿,2
underhand,,🤫,1
underhanded,,🤫,1
underlain,,⬇️,1
underlay,,⬇️,1
underlie,,⬇️,1
underling,,🤝,1
underlying,,⬇️,1
undermine,,⛏️,1
underneath,,⬇️,2
undernourished,,🍽️,1
underpaid,,💰️,1
underpants,,🩲,3
underpass,,🌉,2
underpay,,💰️,1
underpinning,,🏗️,1
underplay,,🎭️,1
underprivileged,,😢,1
underrate,,📉,1
underscore,,➖️,2
undersea,,🌊,2
undersecretary,,💼,1
undersell,,💰️,1
undershirt,,👕,2
undershorts,,🩲,2
underside,,⬇️,1
undersigned,,✍️,1
undersized,,📏,1
underskirt,,👗,1
undersold,,💰️,1
understaffed,,🚫,1
understand,,🧠,2
understandable,,✅️,1
understanding,,🧠,2
understandingly,,🧠,1
understate,,📉,1
understatement,,📉,1
understood,,✅️,2
understudy,,🎭️,2
undertake,,✅️,1
undertaken,,✅️,1
undertaker,,⚰️,3
undertaking,,🛠️,1
undertone,,🔊,1
undertook,,✅️,1
undertow,,🌊,2
undervalue,,📉,1
underwater,,🤿,3
underway,,➡️,1
underwear,,🩲,3
underweight,,📉,1
underwent,,➡️,1
underworld,,👹,2
underwrite,,✍️,1
underwritten,,✍️,1
underwrote,,✍️,1
undeserving,,🚫,1
undesirable,,🚫,1
undeveloped,,📉,1
undid,,↩️,1
undies,,🩲,2
undignified,,😳,1
undiminished,,✅️,1
undisturbed,,😌,1
undo,,↩️,2
undoing,,↩️,1
undone,,↩️,2
undoubted,,✅️,1
undress,,👙,3
undue,,🚫,1
undulate,,🌊,2
undulation,,🌊,1
unduly,,🚫,1
undying,,♾️,1
unearned,,💰️,1
unearth,,⛏️,2
unearthly,,👻,1
uneasy,,😟,2
uneducated,,🚫,1
unembarrassed,,😎,1
unemotional,,😐️,2
unemployable,,🚫,1
unemployed,,💼,2
unemployment,,💼,2
unending,,♾️,1
unendurable,,😩,1
unenthusiastic,,😐️,1
unequal,,⚖️,1
unequaled,,🏆️,1
unequalled,,🏆️,1
unequivocal,,✅️,1
unerring,,🎯,1
uneven,,〰️,2
uneventful,,😐️,1
unexceptionable,,✅️,1
unexceptional,,😐️,1
unexpected,,😲,2
unexplored,,🗺️,1
unfailing,,✅️,1
unfair,,⚖️,2
unfaithful,,💔,2
unfamiliar,,❓️,1
unfamiliarity,,❓️,1
unfasten,,🔓️,2
unfathomable,,🌊,1
unfavorable,,👎️,2
unfeeling,,😐️,1
unfeigned,,✅️,1
unfettered,,🔓️,1
unfinished,,🚧,2
unfit,,🚫,1
unflappable,,😌,1
unflinching,,😐️,1
unfold,,📖,2
unforgettable,,💭,2
unfortunate,,😔,2
unfounded,,🚫,1
unfriendly,,😠,2
unfurl,,🚩,2
unfurnished,,🚫,1
ungainly,,🤪,1
ungentlemanly,,😒,1
ungodly,,👹,1
ungovernable,,🌀,1
ungracious,,😒,1
ungrateful,,😒,2
ungrudging,,😊,1
unguarded,,🚫,1
unguent,,🧴,1
unhand,,✋️,1
unhappy,,😢,3
unhealthy,,🤢,2
unheard,,🙉,1
unhesitating,,✅️,1
unhesitatingly,,✅️,1
unhindered,,✅️,1
unhinge,,🚪,1
unhitch,,🔓️,1
unholy,,👹,1
unhook,,🔓️,2
unhorse,,🐎,1
unicameral,,🏛️,1
unicorn,,🦄,3
unicycle,,🚲️,3
unidentified,,❓️,2
unification,,🤝,1
uniform,,👔,3
uniformity,,📏,1
unify,,🤝,2
unilateral,,➡️,1
unimaginative,,😐️,1
unimpeachable,,✅️,1
unimportant,,🚫,1
unimpressed,,😐️,2
unimpressive,,😐️,1
uninhabited,,🏚️,2
uninhibited,,😜,1
uninspired,,😐️,1
uninspiring,,😐️,1
unintelligible,,❓️,1
unintentional,,🤷,1
uninterested,,😐️,2
uninterrupted,,➡️,1
union,,🤝,2
unionize,,🤝,1
unique,,🌟,2
unisex,,🚻,1
unison,,🎵,1
unit,,🔢,1
unite,,🤝,2
united,,🤝,2
unity,,🤝,2
universal,,🌍️,2
universality,,🌍️,1
universe,,🌌,3
university,,🎓️,3
unjust,,⚖️,2
unkempt,,🧹,1
unkind,,😠,2
unknowing,,🤷,1
unknown,,❓️,2
unlace,,🔓️,1
unlatch,,🔓️,1
unlawful,,🚫,2
unleaded,,⛽️,1
unlearn,,🧠,1
unlearned,,📚️,1
unleash,,🔓️,2
unleavened,,🍞,1
unless,,❓️,1
unlettered,,📚️,1
unlike,,🚫,1
unlikelihood,,❓️,1
unlikely,,❓️,1
unlimited,,♾️,2
unlisted,,🚫,1
unload,,📦️,2
unlock,,🔓️,3
unloose,,🔓️,1
unlucky,,🍀,2
unmade,,🛏️,1
unmanly,,🚫,1
unmanned,,🚫,1
unmannerly,,😒,1
unmask,,🎭️,2
unmentionable,,🤫,1
unmerciful,,😠,1
unmindful,,🚫,1
unmistakable,,✅️,1
unmitigated,,✅️,1
unmoved,,😐️,1
unnatural,,🚫,1
unnecessary,,🚫,1
unneeded,,🚫,1
unnerve,,😨,1
unnerving,,😨,2
unnoticed,,🙈,1
unnumbered,,🔢,1
unobjectionable,,✅️,1
unobservant,,🙈,1
unobtrusive,,🤫,1
unoccupied,,🚫,1
unoffensive,,😊,1
unofficial,,🚫,1
unorganized,,🌀,2
unorthodox,,🌀,1
unpack,,📦️,2
unpaid,,💰️,1
unparalleled,,🌟,1
unpatriotic,,🚫,1
unpaved,,🛤️,1
unperturbed,,😌,1
unplanned,,🚫,1
unpleasant,,😖,2
unplug,,🔌,2
unplumbed,,❓️,1
unpopular,,👎️,2
unpopularity,,👎️,1
unprecedented,,🌟,1
unpredictable,,🎲,2
unpremeditated,,🤷,1
unprepared,,🚫,1
unpretentious,,😊,1
unpreventable,,🚫,1
unprincipled,,😒,1
unprintable,,🔞,1
unprofessional,,🚫,1
unprofitable,,📉,1
unproven,,❓️,1
unprovoked,,🚫,1
unpublished,,📄,1
unqualified,,🚫,1
unquestionable,,✅️,1
unquestioned,,✅️,1
unquestioning,,✅️,1
unquestioningly,,✅️,1
unquote,,🔚,2
unravel,,🧶,2
unread,,📖,1
unready,,🚫,1
unreal,,😲,1
unrealistically,,😲,1
unreasonable,,😠,1
unreasoning,,🚫,1
unregistered,,🚫,1
unregulated,,🚫,1
unrehearsed,,🎭️,1
unrelenting,,💪,1
unreliable,,🚫,1
unrelieved,,😩,1
unremitting,,♾️,1
unrequited,,💔,2
unreserved,,🚫,1
unrest,,😠,2
unrestrained,,🌀,1
unrewarding,,👎️,1
unripe,,🍏,2
unrivaled,,🏆️,1
unrivalled,,🏆️,1
unroll,,🧻,2
unromantic,,💔,1
unruffled,,😌,1
unruly,,🤪,2
unsaddle,,🐎,1
unsafe,,⚠️,2
unsaid,,🤐,1
unsalted,,🧂,1
unsanctioned,,🚫,1
unsanitary,,🦠,2
unsatisfactory,,👎️,1
unsatisfying,,👎️,1
unsavory,,🤢,1
unscathed,,✅️,1
unscientific,,🚫,1
unscramble,,🧩,2
unscrew,,🔩,2
unscrupulous,,😈,1
unseal,,🔓️,1
unseasonable,,🌦️,1
unseat,,🪑,1
unseemly,,😒,1
unseen,,👻,2
unselfish,,🤲,2
unsentimental,,😐️,1
unsettle,,😟,1
unsettled,,😟,2
unsettling,,😨,2
unsightly,,🙈,2
unskilled,,🚫,1
unskillful,,🚫,1
unsolved,,❓️,2
unsophisticated,,🚫,1
unsound,,🚫,1
unsparing,,💪,1
unspeakable,,😱,1
unspecified,,❓️,1
unspoken,,🤐,1
unsportsmanlike,,😠,1
unstable,,🌀,2
unsteady,,🤕,2
unstop,,🔓️,1
unstoppable,,💪,2
unstressed,,😌,1
unstructured,,🌀,1
unstrung,,🎻,1
unstuck,,➡️,1
unstudied,,📚️,1
unsubstantial,,🚫,1
unsubstantiated,,❓️,1
unsuccessful,,👎️,2
unsuitable,,🚫,1
unsung,,🎵,1
unsupervised,,🚫,1
unsuspecting,,😶,1
unswerving,,➡️,1
untangle,,🧶,2
untapped,,🚫,1
untaught,,🚫,1
untenable,,🚫,1
unthinkable,,😱,1
unthinking,,🚫,1
untidy,,🧹,2
untie,,🎀,2
until,,⏳️,1
untimely,,⏰️,1
untiring,,💪,1
untitled,,📄,1
unto,,➡️,1
untold,,🔢,1
untouchable,,🚫,1
untouched,,🚫,1
untoward,,🚫,1
untreated,,🚫,1
untried,,🚫,1
untroubled,,😌,1
untrue,,❌️,2
untruth,,🤥,2
untruthful,,🤥,2
untutored,,🚫,1
unused,,🚫,1
unusual,,🌟,2
unutterable,,🤐,1
unvarnished,,🚫,1
unvarying,,➡️,1
unveil,,🎉,2
unverified,,❓️,1
unvoiced,,🤐,1
unwarranted,,🚫,1
unwary,,😶,1
unwed,,💍,1
unwell,,🤒,2
unwholesome,,🤢,1
unwieldy,,🧱,1
unwilling,,🙅,2
unwind,,😌,2
unwise,,🙅,1
unwitting,,🤷,1
unwonted,,🚫,1
unworldly,,😇,1
unworthy,,🚫,1
unwound,,😌,1
unwrap,,🎁,2
unwritten,,📄,1
unyielding,,🚫,1
unzip,,🤐,2
up,,⬆️,3
upbringing,,👪️,1
upcoming,,🔜,2
upcountry,,🏞️,1
upend,,🔃,1
upheaval,,🌪️,2
upholster,,🛋️,2
upholstery,,🛋️,2
uplifting,,😊,2
upon,,⬆️,1
upper,,⬆️,1
upperclassman,,🎓️,1
uppity,,😤,1
uprising,,✊️,2
uproarious,,😂,2
upset,,😢,3
upstanding,,👍️,1
upwards,,⬆️,2
uranium,,☢️,3
urban,,🏙️,3
urbane,,🕴️,1
urbanity,,🕴️,1
urbanization,,🏙️,2
urbanize,,🏙️,1
urchin,,🦔,2
urea,,🧪,1
urethra,,🫀,1
urge,,👉️,1
urgency,,🚨,2
urgent,,🚨,2
urinal,,🚽,2
urinalysis,,🧪,1
urinary,,🚽,1
urinate,,🚽,2
urination,,🚽,1
urine,,🚽,2
urn,,🏺,3
us,,👥,1
usable,,✅️,1
usage,,📊,1
use,,🔧,1
useable,,✅️,1
used,,♻️,1
useful,,🔧,2
useless,,🚫,2
usher,,🚶,2
usual,,✅️,1
usurious,,💰️,1
usurp,,👑,2
usurpation,,👑,1
usury,,💰️,2
utensil,,🍴,3
uteri,,🫄,1
uterine,,🫄,1
uterus,,🫄,2
utilitarian,,🔧,1
utility,,🔧,2
utilization,,🔧,1
utilize,,🔧,1
utmost,,🔝,1
utopia,,🏝️,2
utopian,,🏝️,1
utter,,🗣️,2
utterance,,🗣️,2
uvula,,👄,1
uvular,,👄,1
vacancy,,🈳,2
vacant,,🈳,2
vacate,,🚪,1
vacation,,🏖️,3
vaccinate,,💉,3
vaccination,,💉,3
vaccine,,💉,3
vacillate,,🔄,1
vacillation,,🔄,1
vacua,,🌀,1
vacuity,,🌀,1
vacuous,,🌀,1
vacuum,,🧹,3
vagabond,,🎒,2
vagary,,🎲,1
vagina,,🫦,2
vaginal,,🫦,1
vagrancy,,🏚️,1
vagrant,,🏚️,2
vague,,❓️,2
vain,,🪞,2
valance,,🪟,1
vale,,🏞️,2
valedictorian,,🎓️,2
valedictory,,🎓️,2
valence,,⚛️,1
valentine,,💘,3
valet,,🅿️,2
valiant,,⚔️,2
valid,,✅️,2
validate,,✅️,2
validation,,✅️,2
validity,,✅️,1
valise,,🧳,2
valley,,🏞️,3
valor,,⚔️,2
valorous,,⚔️,1
valuable,,💎,2
valuation,,💰️,1
value,,💎,2
valueless,,🚫,1
values,,💎,1
valve,,🚰,2
vamoose,,🏃,1
vamp,,🧛,2
vampire,,🧛,3
van,,🚐,3
vanadium,,🧪,1
vandal,,🔨,1
vandalism,,🔨,2
vandalize,,🔨,2
vane,,🌬️,1
vanguard,,🚩,1
vanilla,,🍦,2
vanish,,💨,3
vanity,,💄,2
vanquish,,⚔️,2
vantage,,👁️,1
vapid,,😐️,1
vapidity,,😐️,1
vapidness,,😐️,1
vapor,,💨,3
vaporization,,💨,1
vaporize,,💨,2
vaporous,,💨,2
variability,,🔀,1
variable,,🔀,2
variance,,🔀,1
variant,,🔀,1
variation,,🔀,2
varicose,,🦵,1
varied,,🔀,1
variegated,,🌈,2
variety,,🌈,2
various,,🔀,1
varmint,,🐀,2
varnish,,🪵,2
varsity,,🏅,2
vary,,🔀,2
vascular,,🫀,1
vase,,🏺,3
vasectomy,,✂️,1
vassal,,🌾,1
vast,,🌌,2
vat,,🛢️,2
vaudeville,,🎭️,2
vault,,🏦,2
vaulting,,🤸,2
veal,,🥩,2
vector,,➡️,2
veep,,🏛️,1
veer,,↩️,2
vegan,,🥦,2
vegetable,,🥦,3
vegetarian,,🥗,2
vegetarianism,,🥗,1
vegetate,,🛋️,1
vegetation,,🌿,3
vegetative,,🌿,1
veggie,,🥦,3
vehemence,,😤,2
vehement,,😤,2
vehicle,,🚗,3
vehicular,,🚗,2
veil,,👰,2
veiled,,👰,1
vein,,🩸,2
veld,,🌾,1
veldt,,🌾,1
vellum,,📜,2
velocity,,💨,2
velour,,🧵,1
velours,,🧵,1
velvet,,🧵,2
velveteen,,🧵,1
velvety,,🧵,1
venal,,💰️,1
venality,,💰️,1
vend,,🏧,2
vender,,🏧,2
vendetta,,🔪,1
vendor,,🏪,2
veneer,,🪵,1
venerable,,🧓,1
venerate,,🙏,2
veneration,,🙏,2
venereal,,🦠,1
vengeance,,😡,1
vengeful,,😡,2
venial,,✝️,1
venison,,🍖,2
venom,,🐍,2
venomous,,🐍,2
venous,,🩸,1
vent,,🌬️,2
ventilate,,🌬️,2
ventilation,,🌬️,2
ventilator,,🌬️,2
ventral,,🐟️,1
ventricle,,❤️,1
ventriloquism,,🎭️,1
ventriloquist,,🎭️,2
venture,,🚀,1
venturesome,,🎢,1
venturous,,🎢,1
venue,,🏟️,2
veracious,,✅️,1
veracity,,✅️,1
veranda,,🏡,2
verandah,,🏡,2
verb,,📝,1
verbal,,🗣️,2
verbalize,,🗣️,2
verbatim,,📝,1
verbena,,🌸,1
verbiage,,📝,1
verbose,,📚️,1
verbosity,,📚️,1
verdant,,🌿,2
verdict,,⚖️,3
verdigris,,🟢,1
verdure,,🌿,1
verge,,➡️,1
verifiable,,✅️,1
verification,,✅️,2
verify,,✅️,2
verily,,✅️,1
verisimilitude,,🎭️,1
veritable,,✅️,1
verity,,✅️,1
vermicelli,,🍝,2
vermilion,,🔴,2
vermin,,🐀,2
verminous,,🐀,1
vermouth,,🍷,2
vernacular,,🗣️,1
vernal,,🌱,1
versatile,,🔧,1
versatility,,🔧,1
verse,,📜,2
versed,,📚️,1
versification,,📝,1
version,,🔢,1
versus,,⚔️,2
vertebra,,🦴,2
vertebrae,,🦴,2
vertebral,,🦴,1
vertebrate,,🦴,1
vertex,,📐,1
vertical,,↕️,2
vertices,,📐,1
vertiginous,,😵,1
vertigo,,😵,2
verve,,✨️,1
very,,‼️,1
vespers,,⛪️,1
vessel,,🚢,2
vest,,🦺,3
vested,,🦺,1
vestibule,,🚪,1
vestige,,🦴,1
vestigial,,🦴,1
vestment,,👘,1
vestry,,⛪️,1
vet,,🐾,2
vetch,,🌱,1
veteran,,🎖️,2
veterinarian,,🐾,2
veterinary,,🐾,2
veto,,🚫,3
vex,,😠,2
vexation,,😠,1
vexatious,,😠,1
via,,➡️,1
viability,,✅️,1
viable,,✅️,1
viaduct,,🌉,2
vial,,🧪,3
viand,,🍽️,1
vibes,,✨️,1
vibrancy,,✨️,2
vibrant,,🌈,2
vibraphone,,🎹,2
vibrate,,📳,3
vibration,,📳,2
vibrato,,🎵,1
vibrator,,📳,1
viburnum,,🌸,1
vicar,,⛪️,2
vicarage,,⛪️,1
vicarious,,👀,1
vice,,🔧,1
viceroy,,👑,1
vicinity,,📍,2
vicious,,😠,2
victim,,🩹,2
victimization,,🩹,1
victimize,,🩹,1
victor,,🏆️,2
victorious,,🏆️,3
victory,,🏆️,3
victuals,,🍽️,1
vicuna,,🦙,2
video,,📹️,3
vie,,🥊,1
view,,👀,2
viewer,,📺️,2
viewing,,👀,1
vigil,,🕯️,3
vigilance,,👁️,2
vigilant,,👁️,2
vigilante,,🦸,1
vigilantism,,🦸,1
vignette,,🖼️,1
vigor,,💪,2
vigorous,,💪,2
vile,,🤢,2
vilification,,🗯️,1
vilify,,🗯️,1
villa,,🏡,3
village,,🏘️,3
villager,,🏘️,2
villain,,🦹,3
villainous,,🦹,2
villainy,,🦹,1
vim,,💪,1
vinaigrette,,🥗,2
vindicate,,✅️,1
vindication,,✅️,1
vindictive,,😠,1
vine,,🍇,2
vinegar,,🍶,2
vinegary,,🍶,1
vintage,,🕰️,2
vintner,,🍷,1
vinyl,,💿️,2
viola,,🎻,2
violable,,⚠️,1
violate,,⚠️,1
violation,,⚠️,1
violence,,👊,2
violent,,👊,2
violet,,🟣,3
violin,,🎻,3
violinist,,🎻,2
violist,,🎻,2
viper,,🐍,2
virago,,😠,1
viral,,🦠,2
vireo,,🐦️,1
virgin,,👼,1
virginal,,👼,1
virginity,,👼,1
virile,,💪,1
virility,,💪,1
virtual,,💻️,2
virtue,,😇,2
virtuosi,,🎻,1
virtuosity,,🎻,1
virtuoso,,🎻,2
virtuous,,😇,2
virulence,,🦠,1
virulent,,🦠,1
virus,,🦠,3
visa,,🛂,3
visage,,🙂,1
viscera,,🫀,1
visceral,,🫀,1
viscid,,🍯,1
viscosity,,🍯,2
viscount,,👑,1
viscountess,,👑,1
viscous,,🍯,2
vise,,🔩,2
visibility,,👁️,2
visible,,👁️,2
vision,,👁️,2
visionary,,🔮,1
visit,,🚪,2
visitation,,🚪,1
visitor,,🚪,2
visor,,🧢,2
vista,,🏞️,2
visual,,👁️,2
visualization,,🧠,1
visualize,,🧠,1
vital,,❤️,2
vitality,,💪,2
vitalize,,💪,1
vitamin,,💊,3
vitiate,,⚠️,1
vitreous,,🪟,1
vitriol,,😡,1
vitriolic,,😡,1
vituperation,,😡,1
vituperative,,😡,1
vivacious,,😄,2
vivacity,,😄,1
vivid,,🌈,2
vivify,,✨️,1
viviparous,,🤰,1
vivisection,,🔬,1
vixen,,🦊,2
vizier,,👑,1
vocabulary,,📖,2
vocal,,🎤,2
vocalist,,🎤,2
vocalization,,🎤,1
vocalize,,🎤,1
vocation,,💼,2
vocational,,💼,1
vociferous,,📢,1
vodka,,🍸️,2
vogue,,✨️,1
voguish,,✨️,1
voice,,🗣️,3
voiced,,🗣️,1
voiceless,,🤐,1
void,,⚫️,2
volatile,,🧪,2
volatility,,📉,1
volcanic,,🌋,2
volcano,,🌋,3
vole,,🐀,1
volition,,🧠,1
volley,,🏐,2
volt,,⚡️,2
voltage,,⚡️,2
voltaic,,⚡️,1
voltmeter,,⚡️,1
volubility,,🗣️,1
voluble,,🗣️,1
volume,,🔊,2
voluminous,,📚️,1
voluntary,,🙋,2
volunteer,,🙋,3
voluptuary,,😏,1
voluptuous,,😏,1
vomit,,🤮,3
voodoo,,🪆,1
voodooism,,🪆,1
voracious,,🍽️,2
voracity,,🍽️,1
vortex,,🌪️,3
vortices,,🌪️,1
votary,,🙏,1
vote,,🗳️,3
votive,,🕯️,2
vouch,,👍️,1
voucher,,🎟️,2
vow,,💍,2
vowel,,🔤,1
voyage,,🛳️,3
voyeur,,👀,1
voyeurism,,👀,1
voyeuristic,,👀,1
vulcanize,,🔥,1
vulgar,,🤬,2
vulgarism,,🤬,1
vulgarity,,🤬,1
vulgarize,,🤬,1
vulnerability,,💔,2
vulnerable,,💔,2
vulture,,🦅,3
vulva,,🌸,1
vying,,🥊,1
wacko,,🤪,2
wacky,,🤪,2
wad,,💵,2
wadding,,🧻,1
waddle,,🦆,2
wade,,🚶,2
wader,,🦩,1
wadi,,🏜️,1
wafer,,🍪,2
waffle,,🧇,3
waft,,🌬️,1
wag,,🐕️,2
wage,,💵,2
wager,,🎲,2
waggish,,😄,1
waggle,,🌀,1
wagon,,🛒,2
waif,,🧍,1
wail,,😭,2
wainscot,,🪵,1
wainscoting,,🪵,1
wainscotting,,🪵,1
waist,,👗,1
wait,,⏳️,3
waiter,,🍽️,2
waitress,,🍽️,2
waive,,🚫,1
waiver,,📄,1
wake,,😴,2
wakeful,,👁️,1
waken,,⏰️,1
walk,,🚶,3
walker,,🚶,2
wall,,🧱,3
wallaby,,🦘,2
wallet,,👛,3
wallop,,👊,1
wallow,,🐷,1
walnut,,🌰,3
walrus,,🦭,3
waltz,,💃,2
wampum,,💰️,1
wan,,😔,1
wand,,🪄,3
wander,,🚶,2
wanderlust,,🧳,1
wane,,🌒,2
wangle,,🤥,1
wannabe,,🎭️,1
want,,🙏,1
wanting,,🙏,1
wanton,,😈,1
wapiti,,🦌,1
war,,⚔️,3
warble,,🎵,1
warbler,,🐦️,1
ward,,🏥,2
warden,,👮,2
wardrobe,,👗,2
wardroom,,🚢,1
ware,,📦️,1
warm,,🌡️,2
warmonger,,⚔️,1
warmth,,🔥,2
warn,,⚠️,3
warning,,⚠️,3
warp,,🌀,2
warrant,,📜,2
warranty,,📜,2
warren,,🐇,1
warrior,,⚔️,3
wart,,🦠,2
warty,,🦠,1
wary,,🤨,2
was,,⬅️,1
wash,,🧼,2
washable,,🧼,1
washer,,🧺,2
washing,,🧺,2
wasp,,🐝,3
waspish,,🐝,1
wassail,,🍻,1
wastage,,🗑️,1
waste,,🗑️,3
wasted,,🗑️,1
wasteful,,🗑️,1
wastrel,,🗑️,1
watch,,⌚️,3
watchful,,👀,2
water,,💧,3
watery,,💧,2
watt,,⚡️,2
wattage,,⚡️,1
wattle,,🐔,1
wave,,🌊,3
waver,,🤔,1
wavy,,🌊,2
wax,,🕯️,2
waxen,,🕯️,1
waxy,,🕯️,1
way,,➡️,1
wayward,,😈,1
we,,👥,1
weak,,😩,2
weaken,,😩,1
weakling,,😩,1
weakness,,😩,2
weal,,🩹,1
wealth,,💰️,3
wealthy,,💰️,3
wean,,🍼,1
weapon,,🔫,3
weaponless,,🚫,1
weaponry,,🔫,2
wear,,👕,2
wearable,,👕,1
wearisome,,😴,1
weary,,😴,2
weasel,,🦡,2
weather,,🌦️,3
weathering,,🌦️,1
weatherize,,🏠️,1
weatherman,,📺️,2
weave,,🧵,2
web,,🕸️,3
webbing,,🕸️,1
wed,,💍,2
wedding,,💒,3
wedge,,🔺,2
wee,,🤏,2
weed,,🌿,2
weeds,,🌿,2
weedy,,🌿,1
week,,📅,2
weekly,,📅,1
weep,,😢,3
weeping,,😢,3
weepy,,😢,2
weevil,,🐛,2
weft,,🧵,1
weigh,,⚖️,3
weight,,⚖️,3
weightless,,🕳️,1
weighty,,⚖️,1
weir,,🌊,1
weird,,😲,2
weirdo,,🤪,2
welcome,,👋,3
weld,,🔥,2
welfare,,🤝,1
well,,🆗,1
welsh,,🏴,1
welt,,🩹,1
welter,,🌊,1
wench,,👧,1
wend,,🚶,1
went,,🚶,1
wept,,😢,1
were,,⬅️,1
werewolf,,🐺,3
werewolves,,🐺,3
west,,🧭,2
westerly,,🧭,1
western,,🤠,2
westerner,,🤠,1
westernize,,🌍️,1
westward,,🧭,1
westwards,,🧭,1
wet,,💧,3
whack,,👊,2
whale,,🐳,3
whaler,,🚢,1
whaling,,🐳,1
wham,,💥,1
whammy,,💥,1
wharf,,⚓️,2
wharves,,⚓️,1
what,,❓️,2
wheat,,🌾,3
wheaten,,🌾,1
wheedle,,🥺,1
wheel,,🎡,3
wheeze,,😤,1
wheezy,,😤,1
whelk,,🐚,2
whelp,,🐶,1
when,,❓️,1
whence,,❓️,1
where,,❓️,1
whet,,🔪,1
whether,,❓️,1
whew,,😅,1
whey,,🥛,1
which,,❓️,1
whiff,,👃,2
while,,⏳️,1
whilst,,⏳️,1
whim,,🎲,1
whimper,,😢,2
whimsical,,🎪,1
whimsy,,🎪,1
whine,,😢,2
whinny,,🐴,2
whiny,,😢,1
whip,,🔗,2
whippet,,🐕️,1
whipping,,🔗,1
whir,,🌀,1
whirl,,🌀,2
whirligig,,🌀,1
whirr,,🌀,1
whisk,,🥄,3
whisker,,🐱,2
whiskey,,🥃,3
whisky,,🥃,3
whisper,,🤫,3
whist,,🃏,1
whistle,,🎵,2
whit,,🤏,1
white,,⚪️,3
whiten,,⚪️,1
whither,,❓️,1
whiting,,🐟️,1
whitish,,⚪️,1
whittle,,🔪,2
whiz,,🧙,2
whizz,,🧙,1
who,,❓️,1
whoa,,😲,1
whole,,🍕,1
wholesome,,😊,1
wholly,,💯,1
whom,,❓️,1
whoop,,🎉,1
whoopee,,🎉,1
whoops,,😅,1
whoosh,,💨,1
whopper,,🍔,1
whopping,,💥,1
whore,,🚫,1
whorl,,🌀,1
whose,,❓️,1
why,,❓️,1
wick,,🕯️,2
wicked,,😈,2
wicker,,🧺,2
wicket,,🏏,2
wide,,↔️,2
widen,,↔️,1
widow,,🖤,2
widower,,🖤,1
widowhood,,🖤,1
width,,↔️,1
wield,,🗡️,1
wiener,,🌭,2
wife,,👰,3
wig,,👱,2
wiggle,,🌀,2
wiggly,,🌀,1
wigwam,,⛺️,2
wild,,🐅,2
wildebeest,,🐃,2
wilderness,,🏞️,2
wile,,🦊,1
wilful,,😤,1
will,,📜,2
willful,,😤,1
willies,,😰,1
willing,,🙋,1
willow,,🌳,2
willowy,,🌳,1
wilt,,🥀,2
wily,,🦊,1
wimp,,😨,1
wimple,,👰,1
wimpy,,😨,1
win,,🏆️,3
wince,,😬,2
winch,,⚙️,1
wind,,💨,3
winded,,💨,2
winding,,🌀,1
window,,🪟,3
windward,,🧭,1
windy,,💨,2
wine,,🍷,3
winery,,🍇,2
wing,,🪽,2
winged,,🪽,2
wingless,,🚫,1
wink,,😉,3
winner,,🏆️,3
winning,,🏆️,2
winnow,,🌾,1
wino,,🍷,1
winsome,,😊,1
winter,,❄️,3
winterize,,❄️,1
wintery,,❄️,1
wintry,,❄️,2
wipe,,🧽,2
wire,,🔌,2
wired,,🔌,1
wireless,,📶,2
wiring,,🔌,2
wiry,,💪,1
wisdom,,🦉,2
wise,,🦉,2
wish,,🌠,2
wishful,,🤞,1
wisp,,💨,1
wispy,,💨,1
wisteria,,🌸,2
wistful,,😔,1
wit,,😄,1
witch,,🧙,3
witchery,,🔮,1
with,,➕️,1
withal,,➕️,1
withdrawal,,🏧,2
wither,,🥀,2
withers,,🥀,1
witless,,🤪,1
witness,,👀,2
witticism,,😄,1
witty,,😄,2
wives,,👰,1
wizard,,🧙,3
wizardry,,🔮,2
wizened,,🥀,1
wobble,,🌀,2
wobbly,,🌀,1
woe,,😢,1
woeful,,😢,1
wok,,🥘,3
woke,,😴,1
woken,,😴,1
wolf,,🐺,3
wolfish,,🐺,1
wolverine,,🦡,2
wolves,,🐺,3
woman,,👩,3
womanhood,,👩,1
womanish,,👩,1
womanize,,😏,1
womanly,,👩,1
womb,,🤰,2
wombat,,🦫,2
women,,👭,3
womenfolks,,👭,1
won,,🏆️,2
wonder,,🤔,2
wonderful,,🤩,2
wonderment,,🤩,1
wondrous,,🤩,1
wont,,🔁,1
wonted,,🔁,1
woo,,😍,2
wood,,🪵,3
wooded,,🌲,2
wooden,,🪵,2
woodman,,🪓,1
woodsman,,🪓,2
woodsy,,🌲,1
woody,,🪵,1
woof,,🐕️,1
woofer,,🔊,2
wool,,🧶,3
woolen,,🧶,2
woolens,,🧶,1
woollen,,🧶,1
woolly,,🧶,2
wooly,,🧶,1
woozy,,😵,2
word,,💬,2
wording,,💬,1
wordy,,📝,1
wore,,👕,1
work,,💼,2
workable,,✅️,1
workaholic,,💼,1
worker,,👷,3
working,,💼,1
workingman,,👷,1
workman,,👷,2
workmanlike,,👷,1
workmanship,,🔧,1
world,,🌍️,3
worldly,,🌍️,1
worm,,🪱,3
wormy,,🪱,1
worn,,👕,1
worrisome,,😟,2
worry,,😟,3
worse,,👎️,1
worsen,,📉,1
worship,,🙏,3
worshipful,,🙏,1
worshipper,,🙏,2
worst,,👎️,1
worsted,,🧶,1
worth,,💰️,1
worthless,,🗑️,1
worthy,,👍️,1
would,,🔁,1
wound,,🩹,3
wove,,🧵,1
woven,,🧵,1
wow,,😲,2
wrack,,💥,1
wraith,,👻,2
wrangle,,🤠,1
wrangler,,🤠,2
wrap,,🎁,2
wrapper,,🎁,2
wrapping,,🎁,2
wrath,,😡,2
wrathful,,😡,2
wreak,,💥,1
wreath,,🎄,3
wreathe,,🎄,1
wreck,,💥,2
wreckage,,💥,2
wrecker,,🚛,1
wren,,🐦️,2
wrench,,🔧,3
wrest,,✊️,1
wrestle,,🤼,3
wrestling,,🤼,3
wretch,,😩,1
wretched,,😩,2
wriggle,,🌀,2
wriggler,,🌀,1
wring,,✊️,2
wringer,,🧺,1
wrinkle,,👵,2
wrinkly,,👵,1
wrist,,✋️,3
writ,,📜,1
write,,✍️,3
writer,,✍️,3
writhe,,😖,2
writing,,✍️,3
written,,✍️,2
wrong,,❌️,3
wrongful,,❌️,2
wrote,,✍️,2
wrought,,🔨,1
wrung,,🌀,1
wry,,😏,2
wuss,,🐔,2
xenon,,💡,1
xenophobia,,🚫,2
xenophobic,,🚫,2
xerographic,,🖨️,2
xerography,,🖨️,2
xylem,,🌳,1
xylophone,,🎼,3
yacht,,⛵️,3
yachting,,⛵️,3
yachtsman,,⛵️,2
yahoo,,🤪,1
yak,,🐃,3
yam,,🍠,3
yammer,,🗣️,2
yank,,💪,2
yap,,🐕️,2
yard,,📏,2
yarmulke,,🧢,2
yarn,,🧶,3
yaw,,🛩️,1
yawl,,⛵️,2
yawn,,🥱,3
yaws,,🦠,1
ye,,📜,1
yea,,✅️,2
yeah,,✅️,2
year,,📅,3
yearling,,🐴,2
yearly,,📅,2
yearn,,💭,2
yeast,,🍞,2
yeasty,,🍺,1
yell,,📢,3
yellow,,🟡,3
yellowish,,🟡,2
yelp,,🐕️,2
yen,,💴,2
yeoman,,🌾,1
yep,,✅️,2
yes,,✅️,3
yet,,⏳️,1
yew,,🌳,2
yield,,🚦,2
yielding,,🚦,1
yip,,🐕️,1
yippee,,🎉,2
yodel,,🎤,2
yoga,,🧘,3
yoghurt,,🥣,2
yogi,,🧘,2
yogurt,,🥣,2
yoke,,🐂,2
yokel,,🌾,1
yolk,,🥚,3
yon,,👉️,1
yonder,,👉️,1
yore,,📜,1
you,,👉️,2
young,,👶,3
youngish,,👶,2
youngster,,🧒,3
your,,👉️,1
yours,,👉️,1
youth,,🧒,2
youthful,,🧒,2
yowl,,🐺,2
yttrium,,⚗️,1
yucca,,🌵,2
yuck,,🤢,3
yucky,,🤢,3
yule,,🎄,2
yuletide,,🎄,2
yummy,,😋,3
yuppie,,💼,1
zany,,🤪,2
zap,,⚡️,2
zeal,,🔥,2
zealot,,🔥,1
zealous,,🔥,2
zebra,,🦓,3
zebu,,🐂,2
zed,,🔤,1
zenith,,🏔️,2
zephyr,,🍃,2
zeppelin,,🎈,2
zero,,0️⃣,3
zest,,🍋,2
zestful,,🍋,1
zigzag,,⚡️,2
zilch,,0️⃣,2
zillion,,💯,1
zinc,,🔩,1
zing,,✨️,2
zinger,,💥,1
zinnia,,🌸,2
zip,,🤐,2
zipper,,🤐,2
zippy,,⚡️,2
zircon,,💎,2
zirconium,,⚗️,1
zit,,🔴,1
zither,,🎻,2
zodiac,,♈️,2
zodiacal,,♈️,1
zombie,,🧟,3
zonal,,🗺️,1
zone,,🗺️,2
zonked,,😴,2
zoo,,🦁,3
zoological,,🦁,1
zoologist,,🔬,1
zoology,,🔬,1
zoom,,🔍️,2
zucchini,,🥒,3
zwieback,,🍞,1
zygote,,🥚,1
