a,1
aardvark,1
abaci,1
aback,1
abacus,1
abaft,1
abalone,1
abandon,1
abandoned,1
abandonment,1
abase,1
abasement,1
abash,1
abashed,1
abate,1
abatement,1
abattoir,1
abbess,1
abbey,1
abbot,1
abbreviate,1
abbreviation,1
abdicate,1
abdication,1
abdomen,1
abdominal,1
abduct,1
abduction,1
abeam,1
abed,1
aberrant,1
aberration,1
abet,1
abeyance,1
abhor,1
abhorrence,1
abhorrent,1
abide,1
abiding,1
ability,1
abject,1
abjure,1
ablaze,1
able,1
abnegation,1
abnormal,1
abnormality,1
aboard,1
abode,1
abolish,1
abolition,1
abolitionist,1
abominable,1
abominate,1
abomination,1
aboriginal,1
aborigine,1
abort,1
abortion,1
abortionist,1
abortive,1
abound,1
about,1
above,1
abracadabra,1
abrade,1
abrasion,1
abrasive,1
abreast,1
abridge,1
abridgement,1
abridgment,1
abroad,1
abrogate,1
abrogation,1
abrupt,1
abscess,1
abscond,1
absence,1
absent,1
absentee,1
absenteeism,1
absinthe,1
absolute,1
absolution,1
absolutism,1
absolve,1
absorb,1
absorbency,1
absorbent,1
absorbing,1
absorption,1
abstain,1
abstemious,1
abstention,1
abstinence,1
abstinent,1
abstract,1
abstracted,1
abstraction,1
abstruse,1
absurd,1
absurdity,1
abundance,1
abundant,1
abuse,1
abusive,1
abut,1
abutment,1
abysmal,1
abyss,1
acacia,3
academia,1
academic,1
academician,1
academy,1
accede,1
accelerate,1
acceleration,1
accelerator,1
accent,1
accentuate,1
accentuation,1
accept,1
acceptability,1
acceptable,1
acceptance,1
access,1
accessibility,1
accessible,1
accession,1
accessory,1
accident,1
accidental,1
acclaim,1
acclamation,1
acclimate,1
acclimation,1
acclimatization,1
acclimatize,1
accolade,1
accommodate,1
accommodating,1
accommodation,1
accompaniment,1
accompanist,1
accompany,1
accomplice,1
accomplish,1
accomplished,1
accomplishment,1
accord,1
accordance,1
accordingly,1
accordion,1
accost,1
account,1
accountability,1
accountable,1
accountant,1
accounting,1
accouterments,1
accredit,1
accreditation,1
accrue,1
accumulate,1
accumulation,1
accumulative,1
accuracy,1
accurate,1
accursed,1
accusation,1
accusative,1
accusatory,1
accuse,1
accused,1
accusingly,1
accustom,1
accustomed,1
ace,1
acerbic,1
acerbity,1
acetaminophen,1
acetate,1
acetone,1
acetylene,1
ache,1
achievable,1
achieve,1
achievement,1
achoo,1
achy,1
acid,1
acidic,1
acidify,1
acidity,1
acknowledge,1
acknowledgement,1
acknowledgment,1
acme,1
acne,1
acolyte,1
acorn,2
acoustic,1
acoustical,1
acoustics,1
acquaint,1
acquaintance,1
acquiesce,1
acquiescence,1
acquiescent,1
acquire,1
acquirement,1
acquisition,1
acquisitive,1
acquit,1
acquittal,1
acre,1
acreage,1
acrid,1
acrimonious,1
acrimony,1
acrobat,1
acrobatic,1
acrobatics,1
acronym,1
acropolis,1
across,1
acrylic,1
act,1
acting,1
action,1
activate,1
activation,1
active,1
activism,1
activist,1
activity,1
actor,1
actress,1
actual,1
actuality,1
actualization,1
actualize,1
actually,1
actuarial,1
actuary,1
actuate,1
acuity,1
acumen,1
acupuncture,1
acupuncturist,1
acute,1
ad,1
adage,1
adagio,1
adamant,1
adapt,1
adaptability,1
adaptable,1
adaptation,1
adapter,1
adaptor,1
add,1
addend,1
addenda,1
addendum,1
adder,1
addict,1
addicted,1
addiction,1
addictive,1
addition,1
additional,1
additive,1
addle,1
address,1
addressee,1
adduce,1
adenoidal,1
adenoids,1
adept,1
adequacy,1
adequate,1
adhere,1
adherence,1
adherent,1
adhesion,1
adhesive,1
adieu,1
adieux,1
adios,1
adipose,1
adjacent,1
adjectival,1
adjective,1
adjoin,1
adjourn,1
adjournment,1
adjudge,1
adjudicate,1
adjudication,1
adjunct,1
adjure,1
adjust,1
adjustable,1
adjuster,1
adjustment,1
adjustor,1
adjutant,1
adman,1
administer,1
administrate,1
administration,1
administrative,1
administrator,1
admirable,1
admiral,1
admiralty,1
admiration,1
admire,1
admissibility,1
admissible,1
admission,1
admit,1
admittance,1
admittedly,1
admixture,1
admonish,1
admonishment,1
admonition,1
admonitory,1
ado,1
adobe,1
adolescence,1
adolescent,1
adopt,1
adoption,1
adoptive,1
adorable,1
adoration,1
adore,1
adorn,1
adornment,1
adrenal,1
adrenaline,1
adrift,1
adroit,1
adulate,1
adulation,1
adult,1
adulterant,1
adulterate,1
adulteration,1
adulterer,1
adulteress,1
adulterous,1
adultery,1
adulthood,1
advance,1
advanced,1
advancement,1
advantage,1
advantageous,1
advent,1
adventure,1
adventurer,1
adventuresome,1
adventuress,1
adventurous,1
adverb,1
adverbial,1
adversarial,1
adversary,1
adverse,1
adversity,1
advert,1
advertise,1
advertisement,1
advertising,1
advice,1
advisability,1
advisable,1
advise,1
advisedly,1
adviser,1
advisor,1
advisory,1
advocacy,1
advocate,1
adz,1
adze,1
aegis,1
aeon,1
aerate,2
aeration,2
aerial,1
aerialist,1
aerie,1
aerobatics,1
aerobic,1
aerobics,1
aerodynamic,1
aerodynamics,1
aeronautical,1
aeronautics,1
aeroplane,1
aerosol,1
aerospace,1
aesthete,1
aesthetic,1
aesthetics,1
afar,1
affability,1
affable,1
affair,1
affect,1
affectation,1
affected,1
affecting,1
affection,1
affectionate,1
affidavit,1
affiliate,1
affiliation,1
affinity,1
affirm,1
affirmation,1
affirmative,1
affix,1
afflict,1
affliction,1
affluence,1
affluent,1
afford,1
affordable,1
afforest,2
afforestation,2
affray,1
affront,1
afghan,1
aficionado,1
afield,1
afire,1
aflame,1
afloat,1
aflutter,1
afoot,1
afoul,1
afraid,1
afresh,1
aft,1
after,1
afterward,1
afterwards,1
again,1
against,1
agape,1
agate,1
agave,3
age,1
aged,1
ageless,1
agency,1
agenda,1
agent,1
agglomeration,1
agglutination,1
aggrandize,1
aggrandizement,1
aggravate,1
aggravation,1
aggregate,1
aggregation,1
aggression,1
aggressive,1
aggrieved,1
aghast,1
agile,1
agility,1
agitate,1
agitation,1
aglitter,1
aglow,1
agnostic,1
agnosticism,1
ago,1
agog,1
agonize,1
agonizing,1
agony,1
agrarian,2
agree,1
agreeable,1
agreement,1
agribusiness,2
agricultural,2
agriculture,2
agronomist,2
agronomy,2
aground,1
ague,1
ah,1
aha,1
ahead,1
ahem,1
ahoy,1
aid,1
aide,1
ail,1
aileron,1
ailment,1
aim,1
aimless,1
air,1
airless,1
airy,1
aisle,1
ajar,1
akimbo,1
akin,1
alabaster,1
alacrity,1
alarm,1
alarming,1
alarmist,1
alas,1
albacore,1
albatross,1
albeit,1
albino,1
album,1
albumen,1
albumin,1
alchemist,1
alchemy,1
alcohol,1
alcoholic,1
alcoholism,1
alcove,1
alder,3
alderman,1
ale,1
alert,1
alfalfa,3
alfresco,1
alga,3
algae,3
algebra,1
algebraic,1
algorithm,1
alias,1
alibi,1
alien,1
alienate,1
alienated,1
alienation,1
alight,1
align,1
alignment,1
alike,1
alimentary,1
alimony,1
alit,1
alive,1
alkali,1
alkaline,1
alkalinity,1
alkaloid,1
all,1
allay,1
allegation,1
allege,1
alleged,1
allegiance,1
allegorical,1
allegory,1
allegro,1
alleluia,1
allergen,1
allergic,1
allergy,1
alleviate,1
alleviation,1
alley,1
alliance,1
allied,1
alligator,1
alliteration,1
alliterative,1
allocate,1
allocation,1
allot,1
allotment,1
allow,1
allowable,1
allowance,1
alloy,1
allude,1
allure,1
alluring,1
allusion,1
allusive,1
alluvial,1
ally,1
almanac,1
almighty,1
almond,3
almost,1
alms,1
aloe,3
aloft,1
aloha,1
alone,1
along,1
aloof,1
aloud,1
alpaca,1
alpha,1
alphabet,1
alphabetic,1
alphabetical,1
alphabetize,1
alphanumeric,1
alpine,1
already,1
alright,1
also,1
altar,1
alter,1
alteration,1
altercation,1
alternate,1
alternation,1
alternative,1
alternator,1
although,1
altimeter,1
altitude,1
alto,1
altruism,1
altruist,1
altruistic,1
alum,1
aluminum,1
alumna,1
alumnae,1
alumni,1
alumnus,1
always,1
am,1
amalgam,1
amalgamate,1
amalgamation,1
amaryllis,3
amass,1
amateur,1
amateurish,1
amateurism,1
amatory,1
amaze,1
amazement,1
ambassador,1
ambassadorial,1
ambassadorship,1
amber,1
ambiance,1
ambidextrous,1
ambience,1
ambient,1
ambiguity,1
ambiguous,1
ambition,1
ambitious,1
ambivalence,1
ambivalent,1
amble,1
ambrosia,1
ambulance,1
ambulatory,1
ambush,1
ameba,1
amebae,1
ameliorate,1
amelioration,1
amen,1
amenable,1
amend,1
amendable,1
amendment,1
amends,1
amenity,1
amethyst,1
amiability,1
amiable,1
amicability,1
amicable,1
amid,1
amidships,1
amidst,1
amigo,1
amiss,1
amity,1
ammeter,1
ammo,1
ammonia,1
ammunition,1
amnesia,1
amnesiac,1
amnesty,1
amniocentesis,1
amoeba,1
amoebae,1
amoebic,1
amok,1
among,1
amongst,1
amoral,1
amorality,1
amorous,1
amorphous,1
amortize,1
amount,1
amour,1
amp,1
amperage,1
ampere,1
ampersand,1
amphetamine,1
amphibian,1
amphibious,1
amphitheater,1
ample,1
amplification,1
amplifier,1
amplify,1
amplitude,1
ampule,1
amputate,1
amputation,1
amputee,1
amuck,1
amulet,1
amuse,1
amusement,1
amusing,1
amusingly,1
an,1
anachronism,1
anachronistic,1
anaconda,3
anaerobic,1
anaesthesia,1
anaesthetic,1
anagram,1
anal,1
analgesia,1
analgesic,1
analog,1
analogous,1
analogously,1
analogue,1
analogy,1
analyses,1
analysis,1
analyst,1
analytic,1
analytical,1
analyze,1
anapest,1
anarchic,1
anarchism,1
anarchist,1
anarchistic,1
anarchy,1
anathema,1
anatomic,1
anatomical,1
anatomist,1
anatomy,1
ancestor,1
ancestral,1
ancestry,1
anchor,1
anchorage,1
anchorman,1
anchorperson,1
anchorwoman,1
anchovy,1
ancient,1
ancillary,1
and,1
andante,1
andiron,1
androgynous,1
android,1
anecdotal,1
anecdote,1
anemia,1
anemic,1
anemometer,1
anemone,3
anesthesia,1
anesthesiology,1
anesthetic,1
anesthetist,1
anesthetize,1
aneurysm,1
anew,1
angel,1
angelic,1
anger,1
angina,1
angioplasty,1
angiosperm,2
angle,1
angling,1
angora,3
angry,1
angst,1
anguish,1
angular,1
angularity,1
animal,1
animate,1
animation,1
animism,1
animosity,1
animus,1
anise,3
ankh,1
ankle,1
anklet,1
annals,1
anneal,1
annex,1
annexation,1
annihilate,1
annihilation,1
anniversary,1
annotate,1
annotation,1
announce,1
announcement,1
announcer,1
annoy,1
annoyance,1
annoying,1
annual,1
annuity,1
annul,1
annulment,1
annunciation,1
anode,1
anodyne,1
anoint,1
anointment,1
anomalous,1
anomaly,1
anon,1
anonymity,1
anonymous,1
anopheles,1
anorexia,1
anorexic,1
another,1
answer,1
answerable,1
ant,1
antacid,1
antagonism,1
antagonist,1
antagonistic,1
antagonize,1
antarctic,1
ante,1
anteater,1
antebellum,1
antecedent,1
antechamber,1
antedate,1
antediluvian,1
antelope,1
antenna,1
antennae,1
anterior,1
anteroom,1
anthem,1
anther,2
anthologist,1
anthologize,1
anthology,1
anthracite,1
anthrax,1
anthropoid,1
anthropological,1
anthropologist,1
anthropology,1
anthropomorphic,1
antiabortion,1
antibiotic,1
antibody,1
antic,1
anticipate,1
anticipation,1
anticipatory,1
anticlimactic,1
anticlimax,1
antics,1
antidepressant,1
antidote,1
antifreeze,1
antigen,1
antihero,1
antihistamine,1
antiknock,1
antimatter,1
antimony,1
antiparticle,1
antipasto,1
antipathy,1
antiperspirant,1
antipodes,1
antiquarian,1
antiquated,1
antique,1
antiquity,1
antiseptic,1
antisocial,1
antitheses,1
antithesis,1
antithetical,1
antitoxin,1
antitrust,1
antiwar,1
antler,1
antonym,1
anus,1
anvil,1
anxiety,1
anxious,1
any,1
aorta,1
apace,1
apart,1
apartheid,1
apartment,1
apathetic,1
apathy,1
ape,1
aperitif,1
aperture,1
apex,1
aphid,2
aphorism,1
aphrodisiac,1
apiary,2
apices,1
apiece,1
aplenty,1
aplomb,1
apocalypse,1
apocalyptic,1
apocryphal,1
apogee,1
apolitical,1
apologetic,1
apologia,1
apologist,1
apologize,1
apology,1
apoplectic,1
apoplexy,1
apostasy,1
apostate,1
apostle,1
apostolic,1
apostrophe,1
apothecary,1
apotheosis,1
appall,1
appalling,1
appallingly,1
apparatus,1
apparel,1
apparent,1
apparition,1
appeal,1
appear,1
appearance,1
appease,1
appeasement,1
appellate,1
appellation,1
append,1
appendage,1
appendectomy,1
appendices,1
appendicitis,1
appendix,1
appertain,1
appetite,1
appetizer,1
appetizing,1
applaud,1
applause,1
apple,3
appliance,1
applicability,1
applicable,1
applicant,1
application,1
applicator,1
applied,1
applique,1
apply,1
appoint,1
appointee,1
appointment,1
apportion,1
apportionment,1
apposite,1
apposition,1
appositive,1
appraisal,1
appraise,1
appreciable,1
appreciate,1
appreciation,1
appreciative,1
apprehend,1
apprehension,1
apprehensive,1
apprentice,1
apprenticeship,1
apprise,1
approach,1
approachable,1
approbation,1
appropriate,1
appropriation,1
approval,1
approve,1
approximate,1
approximation,1
appurtenance,1
apricot,3
apron,1
apropos,1
apse,1
apt,1
aptitude,1
aqua,1
aquaria,1
aquarium,1
aquatic,1
aqueduct,1
aqueous,1
aquifer,1
aquiline,1
arabesque,1
arable,2
arachnid,1
arbiter,1
arbitrary,1
arbitrate,1
arbitration,1
arbitrator,1
arbor,2
arboreal,2
arboreta,2
arboretum,2
arborvitae,3
arbutus,3
arc,1
arcade,1
arcane,1
arch,1
archaeological,1
archaeologist,1
archaeology,1
archaic,1
archaism,1
archangel,1
archbishop,1
archbishopric,1
archdiocese,1
archduke,1
archenemy,1
archeology,1
archer,1
archery,1
archetype,1
archipelago,1
architect,1
architectural,1
architecture,1
archive,1
archivist,1
arctic,1
ardent,1
ardor,1
arduous,1
are,1
area,1
arena,1
argon,1
argot,1
arguable,1
argue,1
argument,1
argumentation,1
argumentative,1
aria,1
arid,1
aridity,1
aright,1
arise,1
arisen,1
aristocracy,1
aristocrat,1
aristocratic,1
arithmetic,1
arithmetical,1
ark,1
arm,1
armada,1
armadillo,1
armament,1
armature,1
armed,1
armful,1
armistice,1
armor,1
armorer,1
armory,1
arms,1
army,1
aroma,1
aromatic,1
arose,1
around,1
arousal,1
arouse,1
arpeggio,1
arraign,1
arraignment,1
arrange,1
arrangement,1
arrant,1
array,1
arrears,1
arrest,1
arresting,1
arrival,1
arrive,1
arrogance,1
arrogant,1
arrogate,1
arrow,1
arroyo,1
arsenal,1
arsenic,1
arson,1
arsonist,1
art,1
arterial,1
artery,1
artful,1
arthritic,1
arthritis,1
arthropod,1
artichoke,3
article,1
articulate,1
articulation,1
artifact,1
artifice,1
artificial,1
artificiality,1
artillery,1
artisan,1
artist,1
artistic,1
artistry,1
artless,1
arty,1
as,1
asbestos,1
ascend,1
ascendancy,1
ascendant,1
ascendency,1
ascendent,1
ascension,1
ascent,1
ascertain,1
ascertainable,1
ascetic,1
asceticism,1
ascot,1
ascribe,1
aseptic,1
asexual,1
ash,3
ashamed,1
ashen,1
ashore,1
ashram,1
ashy,1
aside,1
asinine,1
ask,1
askance,1
askew,1
aslant,1
asleep,1
asp,1
asparagus,3
aspartame,1
aspect,1
aspen,3
asperity,1
aspersion,1
asphalt,1
asphyxia,1
asphyxiate,1
asphyxiation,1
aspic,1
aspirant,1
aspirate,1
aspiration,1
aspire,1
aspirin,1
ass,1
assail,1
assailable,1
assailant,1
assassin,1
assassinate,1
assassination,1
assault,1
assay,1
assemblage,1
assemble,1
assembly,1
assemblyman,1
assemblywoman,1
assent,1
assert,1
assertion,1
assertive,1
assess,1
assessment,1
asset,1
assiduous,1
assign,1
assignation,1
assignment,1
assimilate,1
assimilation,1
assist,1
assistance,1
assistant,1
associate,1
association,1
associative,1
assort,1
assorted,1
assortment,1
assuage,1
assume,1
assumption,1
assurance,1
assure,1
assured,1
aster,3
asterisk,1
astern,1
asteroid,1
asthma,1
asthmatic,1
astigmatic,1
astigmatism,1
astir,1
astonish,1
astonishment,1
astound,1
astrakhan,1
astral,1
astray,1
astride,1
astringency,1
astringent,1
astrologer,1
astrological,1
astrology,1
astronaut,1
astronautics,1
astronomer,1
astronomic,1
astronomical,1
astronomy,1
astrophysicist,1
astrophysics,1
astute,1
asunder,1
asylum,1
asymmetric,1
asymmetrical,1
asymmetry,1
at,1
ate,1
atheism,1
atheist,1
atheistic,1
athlete,1
athletic,1
athletics,1
atlas,1
atmosphere,1
atmospheric,1
atoll,1
atom,1
atomic,1
atomizer,1
atonal,1
atonality,1
atone,1
atonement,1
atop,1
atria,1
atrium,1
atrocious,1
atrocity,1
atrophy,1
attach,1
attache,1
attachment,1
attack,1
attain,1
attainable,1
attainment,1
attar,2
attempt,1
attend,1
attendance,1
attendant,1
attention,1
attentive,1
attenuate,1
attenuation,1
attest,1
attic,1
attire,1
attitude,1
attorney,1
attract,1
attraction,1
attractive,1
attributable,1
attribute,1
attribution,1
attributive,1
attrition,1
attune,1
atypical,1
auburn,1
auction,1
auctioneer,1
audacious,1
audacity,1
audibility,1
audible,1
audience,1
audio,1
audiophile,1
audit,1
audition,1
auditor,1
auditorium,1
auditory,1
auger,1
aught,1
augment,1
augmentation,1
augur,1
augury,1
august,1
auk,1
aunt,1
aura,1
aural,1
aureole,1
auricle,1
auspices,1
auspicious,1
austere,1
austerity,1
authentic,1
authenticate,1
authentication,1
authenticity,1
author,1
authoritarian,1
authoritative,1
authority,1
authorization,1
authorize,1
authorship,1
autism,1
autistic,1
auto,1
autobiography,1
autocracy,1
autocrat,1
autocratic,1
autograph,1
automate,1
automatic,1
automation,1
automaton,1
automobile,1
automotive,1
autonomous,1
autonomy,1
autopilot,1
autopsy,1
autumn,1
autumnal,1
auxiliary,1
avail,1
availability,1
available,1
avalanche,1
avarice,1
avaricious,1
avatar,1
avenge,1
avenue,1
aver,1
average,1
averse,1
aversion,1
avert,1
avian,1
aviary,1
aviation,1
aviator,1
avid,1
avidity,1
avionics,1
avocado,3
avocation,1
avoid,1
avoidable,1
avoidance,1
avoirdupois,1
avow,1
avowal,1
avowed,1
avuncular,1
await,1
awake,1
awaken,1
awakening,1
award,1
aware,1
awash,1
away,1
awe,1
aweigh,1
awesome,1
awful,1
awfully,1
awhile,1
awkward,1
awl,1
awning,1
awoke,1
awoken,1
awry,1
ax,1
axe,1
axes,1
axial,1
axiom,1
axiomatic,1
axis,1
axle,1
axon,1
ayatollah,1
aye,1
azalea,3
azimuth,1
azure,1
baa,1
babble,1
babe,1
babel,1
baboon,1
babushka,1
baby,1
babyhood,1
babyish,1
baccalaureate,1
bacchanalian,1
bachelor,1
bacilli,1
bacillus,1
back,1
backer,1
backgammon,1
backwards,1
bacon,1
bacteria,1
bacterial,1
bacteriological,1
bacteriologist,1
bacteriology,1
bacterium,1
bad,1
bade,1
badge,1
badger,1
badlands,1
badly,1
badminton,1
baffle,1
bafflement,1
baffling,1
bag,1
bagel,1
baggage,1
baggy,1
bagpipes,1
bah,1
bail,1
bailiff,1
bailiwick,1
bait,1
baize,1
bake,1
baker,1
bakery,1
balalaika,1
balance,1
balcony,1
bald,1
balderdash,1
balding,1
bale,1
baleful,1
balk,1
balky,1
ball,1
ballad,1
ballast,1
ballerina,1
ballet,1
ballistic,1
ballistics,1
balloon,1
balloonist,1
ballot,1
balls,1
ballsy,1
ballyhoo,1
balm,2
balmy,1
baloney,1
balsa,3
balsam,3
baluster,1
balustrade,1
bamboo,3
bamboozle,1
ban,1
banal,1
banality,1
banana,3
band,1
bandage,1
bandana,1
bandanna,1
bandit,1
bandoleer,1
bandolier,1
bandy,1
bane,1
baneful,1
bang,1
bangle,1
bangs,1
banish,1
banishment,1
banister,1
banjo,1
bank,1
banker,1
banking,1
bankrupt,1
bankruptcy,1
banner,1
banns,1
banquet,1
banshee,1
bantam,1
banter,1
banyan,3
baobab,3
baptism,1
baptismal,1
baptize,1
bar,1
barb,1
barbarian,1
barbaric,1
barbarism,1
barbarity,1
barbarous,1
barbecue,1
barber,1
barbiturate,1
bard,1
bare,1
barely,1
barf,1
bargain,1
barge,1
baritone,1
barium,1
bark,2
barker,1
barley,3
barn,1
barnacle,1
barometer,1
barometric,1
baron,1
baroness,1
baronet,1
baronial,1
baroque,1
barracks,1
barracuda,1
barrage,1
barrel,1
barren,1
barrette,1
barricade,1
barrier,1
barring,1
barrio,1
barrister,1
barrow,1
barter,1
basal,1
basalt,1
base,1
baseman,1
basement,1
bases,1
bash,1
bashful,1
basic,1
basil,3
basilica,1
basin,1
basis,1
bask,1
basket,1
bass,1
bassinet,1
bassist,1
bassoon,1
bastard,1
bastardize,1
baste,1
bastion,1
bat,1
batch,1
bated,1
bath,1
bathe,1
bathos,1
batik,1
baton,1
battalion,1
batten,1
batter,1
battery,1
battle,1
battlement,1
batty,1
bauble,1
baud,1
bauxite,1
bawdy,1
bawl,1
bay,1
bayonet,1
bayou,2
bazaar,1
bazooka,1
be,1
beach,1
beachcomber,1
beacon,1
bead,1
beady,1
beagle,1
beak,1
beaker,1
beam,1
bean,3
bear,1
bearable,1
beard,1
bearer,1
bearing,1
bearish,1
beast,1
beastly,1
beat,1
beaten,1
beater,1
beatific,1
beatification,1
beatify,1
beating,1
beatitude,1
beatnik,1
beau,1
beauteous,1
beautician,1
beautification,1
beautiful,1
beautify,1
beauty,1
beaux,1
beaver,1
bebop,1
became,1
because,1
beck,1
beckon,1
become,1
becoming,1
becomingly,1
bed,1
bedding,1
bedeck,1
bedevil,1
bedevilment,1
bedlam,1
bedraggled,1
bee,1
beech,3
beef,1
beefy,1
been,1
beep,1
beeper,1
beer,1
beeswax,1
beet,3
beetle,1
beeves,1
befall,1
befallen,1
befell,1
befit,1
before,1
befoul,1
befriend,1
befuddle,1
befuddled,1
beg,1
began,1
beget,1
beggar,1
beggarly,1
begin,1
beginner,1
beginning,1
begone,1
begonia,3
begot,1
begotten,1
begrudge,1
beguile,1
beguilingly,1
begun,1
behalf,1
behave,1
behavior,1
behavioral,1
behead,1
beheld,1
behemoth,1
behest,1
behind,1
behold,1
beholden,1
behoove,1
beige,1
being,1
belabor,1
belated,1
belay,1
belch,1
beleaguer,1
belfry,1
belie,1
belief,1
believable,1
believe,1
belittle,1
bell,1
belladonna,3
belle,1
bellicose,1
bellicosity,1
belligerence,1
belligerency,1
belligerent,1
belligerently,1
bellow,1
bellows,1
bellwether,1
belly,1
bellyful,1
belong,1
belongings,1
beloved,1
below,1
belt,1
bemoan,1
bench,1
bend,1
beneath,1
benediction,1
benefaction,1
benefactor,1
benefactress,1
beneficence,1
beneficent,1
beneficial,1
beneficiary,1
benefit,1
benevolence,1
benevolent,1
benighted,1
benign,1
bent,1
benzene,1
bequeath,1
bequest,1
berate,1
bereave,1
bereavement,1
bereft,1
beret,1
berg,1
beriberi,1
berm,1
berry,3
berserk,1
berth,1
beryl,1
beryllium,1
beseech,1
beset,1
beside,1
besides,1
besiege,1
besmirch,1
besotted,1
besought,1
bespeak,1
bespoke,1
bespoken,1
best,1
bestial,1
bestiality,1
bestir,1
bestow,1
bestowal,1
bestridden,1
bestride,1
bestrode,1
bestseller,1
bet,1
beta,1
betake,1
betoken,1
betray,1
betrayal,1
betroth,1
betrothal,1
betrothed,1
better,1
betterment,1
bettor,1
between,1
betwixt,1
bevel,1
beverage,1
bevy,1
bewail,1
beware,1
bewilder,1
bewildered,1
bewildering,1
bewilderment,1
bewitch,1
beyond,1
biannual,1
bias,1
biathlon,1
bib,1
bible,1
biblical,1
bibliographic,1
bibliographical,1
bibliography,1
bibliophile,1
bicameral,1
bicentennial,1
biceps,1
bicker,1
bicuspid,1
bicycle,1
bicyclist,1
bid,1
bidden,1
bidding,1
bide,1
bidet,1
biennial,1
bier,1
bifocal,1
bifocals,1
bifurcate,1
bifurcation,1
big,1
bigamist,1
bigamous,1
bigamy,1
bight,1
bigot,1
bigotry,1
bike,1
biker,1
bikini,1
bilateral,1
bile,1
bilge,1
bilingual,1
bilious,1
bilk,1
bill,1
billet,1
billiards,1
billing,1
billion,1
billionaire,1
billionth,1
billow,1
billowy,1
billy,1
bimbo,1
bimonthly,1
bin,1
binary,1
bind,1
binder,1
bindery,1
binding,1
binge,1
bingo,1
binnacle,1
binocular,1
binoculars,1
binomial,1
biochemical,1
biochemist,1
biochemistry,1
biodegradable,1
biodiversity,1
biographer,1
biographical,1
biography,1
biological,1
biologist,1
biology,1
bionic,1
biophysics,1
biopsy,1
biorhythm,1
biosphere,1
biotechnology,1
bipartisan,1
bipartite,1
biped,1
biplane,1
biracial,1
birch,3
bird,1
birdie,1
birth,1
biscuit,1
bisect,1
bisection,1
bisexual,1
bisexuality,1
bishop,1
bishopric,1
bismuth,1
bison,1
bisque,1
bistro,1
bit,1
bitch,1
bitchy,1
bite,1
biting,1
bitten,1
bitter,1
bittern,1
bitumen,1
bivalve,1
bivouac,1
biweekly,1
bizarre,1
blab,1
black,1
blacken,1
blackish,1
bladder,1
blade,2
blah,1
blame,1
blameless,1
blanch,1
bland,1
blandishment,1
blank,1
blanket,1
blare,1
blarney,1
blase,1
blaspheme,1
blasphemous,1
blasphemy,1
blast,1
blatant,1
blaze,1
blazer,1
blazon,1
bleach,1
bleachers,1
bleak,1
bleary,1
bleat,1
bled,1
bleed,1
bleeder,1
bleep,1
blemish,1
blench,1
blend,1
blender,1
bless,1
blessed,1
blessing,1
blew,1
blight,2
blimp,1
blind,1
blink,1
blinker,1
blintz,1
blip,1
bliss,1
blissful,1
blister,1
blithe,1
blitz,1
blizzard,1
bloat,1
bloated,1
blob,1
bloc,1
block,1
blockade,1
blockage,1
blond,1
blonde,1
blood,1
bloodless,1
bloody,1
bloom,2
bloomers,1
blooming,2
blooper,1
blossom,2
blot,1
blotch,1
blotchy,1
blotter,1
blouse,1
blow,1
blown,1
blowsy,1
blowzy,1
blubber,1
bludgeon,1
blue,1
blues,1
bluff,1
bluing,1
bluish,1
blunder,1
blunderbuss,1
blunt,1
blur,1
blurb,1
blurry,1
blurt,1
blush,1
blusher,1
bluster,1
blustery,1
boa,1
boar,1
board,1
boarder,1
boast,1
boastful,1
boat,1
boater,1
bob,1
bobbin,1
bobble,1
bobby,1
bode,1
bodice,1
bodily,1
bodkin,1
body,1
bog,2
bogey,1
bogeyman,1
boggle,1
boggy,1
bogie,1
bogus,1
bogy,1
bohemian,1
boil,1
boiler,1
boisterous,1
bold,1
bole,2
bolero,1
boll,2
bologna,1
bolster,1
bolt,1
bomb,1
bombard,1
bombardier,1
bombardment,1
bombast,1
bombastic,1
bomber,1
bonanza,1
bonbon,1
bond,1
bondage,1
bone,1
boner,1
bonfire,1
bongo,1
bonnet,1
bonny,1
bonsai,3
bonus,1
bony,1
boo,1
boob,1
booby,1
boogie,1
book,1
bookie,1
booking,1
bookish,1
booklet,1
boom,1
boomerang,1
boon,1
boondocks,1
boondoggle,1
boor,1
boorish,1
boost,1
booster,1
boot,1
bootee,1
booth,1
bootie,1
booty,1
booze,1
bop,1
borax,1
border,1
bore,1
boredom,1
boring,1
born,1
borne,1
boron,1
borough,1
borrow,1
borscht,1
bosh,1
bosom,1
boss,1
bossy,1
bosun,1
botanical,2
botanist,2
botany,2
botch,1
both,1
bother,1
bothersome,1
bottle,1
bottom,1
botulism,1
boudoir,1
bouffant,1
bough,2
bought,1
bouillabaisse,1
bouillon,1
boulder,1
boulevard,1
bounce,1
bouncer,1
bouncing,1
bouncy,1
bound,1
boundary,1
boundless,1
bounds,1
bounteous,1
bountiful,1
bounty,1
bouquet,2
bourbon,1
bourgeois,1
bourgeoisie,1
bout,1
boutique,1
boutonniere,2
bovine,1
bow,1
bowdlerize,1
bowel,1
bower,2
bowl,1
bowler,1
bowling,1
bowman,1
bowsprit,1
box,1
boxer,1
boxing,1
boy,1
boycott,1
boyhood,1
boyish,1
bozo,1
bra,1
brace,1
bracelet,1
bracing,1
bracken,3
bracket,1
brackish,1
bract,3
brad,1
brag,1
braggart,1
braid,1
braille,1
brain,1
brainless,1
brainy,1
braise,1
brake,1
brakeman,1
bramble,3
bran,2
branch,2
brand,1
brandish,1
brandy,1
brash,1
brass,1
brassiere,1
brassy,1
brat,1
bratty,1
bravado,1
brave,1
bravery,1
bravo,1
bravura,1
brawl,1
brawn,1
brawny,1
bray,1
brazen,1
brazier,1
breach,1
bread,1
breadth,1
break,1
breakable,1
breakage,1
breaker,1
breast,1
breath,1
breathable,1
breathe,1
breather,1
breathless,1
bred,1
breech,1
breeches,1
breed,1
breeding,1
breeze,1
breezy,1
brethren,1
breviary,1
brevity,1
brew,1
brewery,1
briar,3
bribe,1
bribery,1
brick,1
bridal,1
bride,1
bridge,1
bridle,1
brief,1
briefing,1
briefs,1
brier,3
brig,1
brigade,1
brigand,1
brigantine,1
bright,1
brighten,1
brilliance,1
brilliant,1
brim,1
brimful,1
brimstone,1
brindled,1
brine,1
bring,1
brink,1
brinkmanship,1
briny,1
briquette,1
brisk,1
brisket,1
bristle,1
bristly,1
britches,1
brittle,1
broach,1
broad,1
broaden,1
brocade,1
broccoli,3
brochure,1
brogan,1
brogue,1
broil,1
broiler,1
broke,1
broken,1
broker,1
brokerage,1
bromide,1
bromine,1
bronchi,1
bronchial,1
bronchitis,1
bronchus,1
bronco,1
brontosaurus,1
bronze,1
brooch,1
brood,1
brooder,1
brook,1
broom,3
broth,1
brothel,1
brother,1
brotherhood,1
brotherly,1
brought,1
brouhaha,1
brow,1
brown,1
brownie,1
brownish,1
browse,1
brr,1
bruin,1
bruise,1
bruiser,1
brunch,1
brunet,1
brunette,1
brunt,1
brush,1
brusque,1
brutal,1
brutality,1
brutalize,1
brute,1
brutish,1
bubble,1
bubbly,1
buccaneer,1
buck,1
bucket,1
bucketful,1
buckle,1
buckler,1
bucolic,2
bud,2
buddy,1
budge,1
budgerigar,1
budget,1
budgetary,1
budgie,1
buff,1
buffalo,1
buffer,1
buffet,1
buffoon,1
buffoonery,1
bug,1
bugaboo,1
buggy,1
bugle,1
build,1
builder,1
building,1
built,1
bulb,2
bulbous,1
bulge,1
bulgy,1
bulimia,1
bulimic,1
bulk,1
bulky,1
bull,1
bulldoze,1
bulldozer,1
bullet,1
bulletin,1
bullion,1
bullish,1
bullock,1
bully,1
bulrush,3
bulwark,1
bum,1
bumble,1
bumbling,1
bummer,1
bump,1
bumper,1
bumpkin,1
bumptious,1
bumpy,1
bun,1
bunch,1
bundle,1
bung,1
bungalow,1
bungle,1
bunion,1
bunk,1
bunker,1
bunkum,1
bunny,1
buns,1
bunt,1
bunting,1
buoy,1
buoyancy,1
buoyant,1
bur,2
burden,1
burdensome,1
burdock,3
bureau,1
bureaucracy,1
bureaucrat,1
bureaucratic,1
bureaux,1
burg,1
burgeon,2
burger,1
burgher,1
burglar,1
burglarize,1
burglary,1
burial,1
burlap,1
burlesque,1
burly,1
burn,1
burner,1
burning,1
burnish,1
burnoose,1
burnt,1
burp,1
burr,1
burrito,1
burro,1
burrow,1
bursar,1
bursitis,1
burst,1
bury,1
bus,1
bush,3
bushed,1
bushel,1
bushman,1
bushy,1
business,1
businessman,1
businesswoman,1
busing,1
buss,1
bussing,1
bust,1
buster,1
bustle,1
busy,1
but,1
butane,1
butch,1
butcher,1
butchery,1
butler,1
butt,1
butte,1
butter,1
buttery,1
buttock,1
button,1
buttress,1
buxom,1
buy,1
buyer,1
buzz,1
buzzard,1
buzzer,1
by,1
bye,1
bylaw,1
byte,1
byway,1
cab,1
cabal,1
cabana,1
cabaret,1
cabbage,3
cabbie,1
cabby,1
cabin,1
cabinet,1
cable,1
caboose,1
cacao,3
cache,1
cachet,1
cackle,1
cacophony,1
cacti,3
cactus,3
cad,1
cadaver,1
cadaverous,1
caddie,1
caddy,1
cadence,1
cadenza,1
cadet,1
cadge,1
cadmium,1
cadre,1
caesarean,1
caesura,1
cafe,1
cafeteria,1
caffeine,1
caftan,1
cage,1
cagey,1
cagy,1
cahoots,1
cairn,1
caisson,1
cajole,1
cake,1
calabash,3
calamine,1
calamitous,1
calamity,1
calcify,1
calcium,1
calculable,1
calculate,1
calculated,1
calculating,1
calculation,1
calculator,1
calculus,1
caldron,1
calendar,1
calf,1
caliber,1
calibrate,1
calibration,1
calico,1
caliper,1
caliph,1
caliphate,1
calisthenics,1
calk,1
call,1
caller,1
calligraphy,1
calling,1
calliope,1
callous,1
callow,1
callus,1
calm,1
caloric,1
calorie,1
calorific,1
calumniate,1
calumny,1
calve,1
calves,1
calyces,2
calypso,1
calyx,2
cam,1
camaraderie,1
camber,1
cambium,3
cambric,1
camcorder,1
came,1
camel,1
camellia,3
cameo,1
camera,1
cameraman,1
camisole,1
camomile,3
camouflage,1
camp,1
campaign,1
campanile,1
camper,1
camphor,3
campus,1
campy,1
can,1
canal,1
canape,1
canard,1
canary,1
cancan,1
cancel,1
cancellation,1
cancer,1
cancerous,1
candelabra,1
candelabrum,1
candid,1
candidacy,1
candidate,1
candied,1
candle,1
candor,1
candy,1
cane,2
canine,1
canister,1
canker,2
cankerous,1
cannabis,3
canned,1
cannery,1
cannibal,1
cannibalism,1
cannibalistic,1
cannibalize,1
cannon,1
cannonade,1
cannot,1
canny,1
canoe,1
canoeist,1
canon,1
canonical,1
canonization,1
canonize,1
canopy,2
cant,1
cantaloupe,3
cantankerous,1
cantata,1
canteen,1
canter,1
canticle,1
cantilever,1
canto,1
canton,1
cantor,1
canvas,1
canvass,1
canyon,1
cap,1
capability,1
capable,1
capacious,1
capacitor,1
capacity,1
cape,1
caper,1
capillary,1
capital,1
capitalism,1
capitalist,1
capitalistic,1
capitalization,1
capitalize,1
capitol,1
capitulate,1
capitulation,1
caplet,1
capon,1
cappuccino,1
caprice,1
capricious,1
capstan,1
capsule,1
captain,1
captaincy,1
caption,1
captivate,1
captivation,1
captive,1
captivity,1
captor,1
capture,1
car,1
carafe,1
caramel,1
carapace,1
carat,1
caravan,1
caraway,3
carbine,1
carbohydrate,1
carbon,1
carbonated,1
carbonation,1
carbuncle,1
carburetor,1
carcass,1
carcinogen,1
carcinogenic,1
carcinoma,1
card,1
cardiac,1
cardigan,1
cardinal,1
cardiologist,1
cardiology,1
cardiovascular,1
care,1
careen,1
career,1
carefree,1
careful,1
careless,1
caress,1
caret,1
cargo,1
caribou,1
caricature,1
caricaturist,1
caries,1
carillon,1
caring,1
carmine,1
carnage,1
carnal,1
carnation,3
carnelian,1
carnival,1
carnivore,1
carnivorous,1
carol,1
carom,1
carouse,1
carousel,1
carp,1
carpal,1
carpel,3
carpenter,1
carpentry,1
carpet,1
carpeting,1
carrel,1
carriage,1
carrier,1
carrion,1
carrot,3
carrousel,1
carry,1
cart,1
cartel,1
cartilage,1
cartilaginous,1
cartography,1
carton,1
cartoon,1
cartoonist,1
carve,1
carving,1
cascade,1
case,1
casein,1
casement,1
cash,1
cashew,3
cashier,1
cashmere,1
casing,1
casino,1
cask,1
casket,1
cassava,3
casserole,1
cassette,1
cassock,1
cast,1
castanet,1
caste,1
caster,1
castigate,1
castigation,1
casting,1
castle,1
castor,3
castrate,1
castration,1
casual,1
casualty,1
casuist,1
casuistry,1
cat,1
cataclysm,1
cataclysmic,1
catacomb,1
catafalque,1
catalog,1
catalogue,1
catalpa,3
catalysis,1
catalyst,1
catalytic,1
catamaran,1
catapult,1
cataract,1
catarrh,1
catastrophe,1
catastrophic,1
catatonic,1
catch,1
catcher,1
catching,1
catchy,1
catechism,1
catechize,1
categorical,1
categorization,1
categorize,1
category,1
cater,1
caterpillar,1
caterwaul,1
catharsis,1
cathartic,1
cathedral,1
catheter,1
cathode,1
catholic,1
catsup,1
cattle,1
catty,1
caucus,1
caudal,1
caught,1
cauldron,1
cauliflower,3
caulk,1
causal,1
causality,1
causation,1
causative,1
cause,1
caustic,1
cauterize,1
caution,1
cautionary,1
cautious,1
cavalcade,1
cavalier,1
cavalry,1
cave,1
caveat,1
caveman,1
cavern,1
cavernous,1
caviar,1
cavil,1
cavity,1
cavort,1
caw,1
cayenne,3
cease,1
ceaseless,1
cedar,3
cede,1
cedilla,1
ceiling,1
celebrant,1
celebrate,1
celebrated,1
celebration,1
celebrity,1
celerity,1
celery,3
celesta,1
celestial,1
celibacy,1
celibate,1
cell,1
cellar,1
cellist,1
cello,1
cellophane,1
cellular,1
cellulite,1
celluloid,1
cellulose,2
cement,1
cemetery,1
cenotaph,1
censor,1
censorious,1
censorship,1
censure,1
census,1
cent,1
centaur,1
centenarian,1
centenary,1
centennial,1
center,1
centigrade,1
centigram,1
centime,1
centimeter,1
centipede,1
central,1
centralization,1
centralize,1
centre,1
centrifugal,1
centrifuge,1
centripetal,1
centrist,1
centurion,1
century,1
cephalic,1
ceramic,1
ceramics,1
cereal,3
cerebella,1
cerebellum,1
cerebra,1
cerebral,1
cerebrum,1
ceremonial,1
ceremonious,1
ceremony,1
cerise,1
certain,1
certainly,1
certainty,1
certifiable,1
certificate,1
certification,1
certify,1
certitude,1
cerulean,1
cervical,1
cervices,1
cervix,1
cesarean,1
cessation,1
cession,1
cesspool,1
chafe,1
chaff,2
chagrin,1
chain,1
chair,1
chairman,1
chairmanship,1
chairperson,1
chairwoman,1
chaise,1
chalet,1
chalice,1
chalk,1
chalky,1
challenge,1
challenged,1
challenging,1
chamber,1
chamberlain,1
chameleon,1
chamois,1
chamomile,3
champ,1
champagne,1
champion,1
championship,1
chance,1
chancel,1
chancellor,1
chancery,1
chancy,1
chandelier,1
chandler,1
change,1
changeable,1
changeling,1
channel,1
chant,1
chaos,1
chaotic,1
chap,1
chaparral,2
chapel,1
chaperon,1
chaperone,1
chaplain,1
chaplet,1
chaps,1
chapter,1
char,1
character,1
characteristic,1
characterize,1
charade,1
charge,1
chargeable,1
charger,1
chariot,1
charioteer,1
charisma,1
charismatic,1
charitable,1
charity,1
charlatan,1
charm,1
charming,1
chart,1
charter,1
chartreuse,1
charwoman,1
chary,1
chase,1
chaser,1
chasm,1
chassis,1
chaste,1
chasten,1
chastise,1
chastisement,1
chastity,1
chat,1
chateau,1
chateaux,1
chattel,1
chatter,1
chatty,1
chauffeur,1
chauvinism,1
chauvinist,1
chauvinistic,1
cheap,1
cheapen,1
cheat,1
check,1
checked,1
checker,1
checkered,1
checkers,1
cheddar,1
cheek,1
cheeky,1
cheep,1
cheer,1
cheerful,1
cheerless,1
cheery,1
cheese,1
cheesy,1
cheetah,1
chef,1
chemical,1
chemise,1
chemist,1
chemistry,1
chemotherapy,1
chenille,1
cheque,1
cherish,1
cheroot,1
cherry,3
cherub,1
cherubic,1
chess,1
chessman,1
chest,1
chevron,1
chew,1
chewy,1
chic,1
chicanery,1
chichi,1
chick,1
chickadee,1
chicken,1
chicle,2
chicory,3
chid,1
chidden,1
chide,1
chief,1
chiefly,1
chieftain,1
chiffon,1
chigger,1
chignon,1
chilblain,1
child,1
childhood,1
childish,1
childless,1
childlike,1
children,1
chile,3
chili,3
chill,1
chilly,1
chime,1
chimera,1
chimerical,1
chimney,1
chimp,1
chimpanzee,1
chin,1
china,1
chinchilla,1
chink,1
chino,1
chintz,1
chintzy,1
chip,1
chipmunk,1
chipper,1
chiropodist,1
chiropody,1
chiropractic,1
chiropractor,1
chirp,1
chisel,1
chit,1
chitin,1
chitlins,1
chitterlings,1
chivalrous,1
chivalry,1
chive,3
chloride,1
chlorinate,1
chlorination,1
chlorine,1
chloroform,1
chlorophyll,2
chock,1
chocolate,1
choice,1
choir,1
choke,1
choker,1
cholera,1
choleric,1
cholesterol,1
chomp,1
choose,1
choosy,1
chop,1
chopper,1
choppy,1
chops,1
choral,1
chorale,1
chord,1
chore,1
choreograph,1
choreography,1
chores,1
chorister,1
chortle,1
chorus,1
chose,1
chosen,1
chow,1
chowder,1
christen,1
chromatic,1
chrome,1
chromium,1
chromosome,1
chronic,1
chronicle,1
chronological,1
chronology,1
chronometer,1
chrysalis,1
chrysanthemum,3
chubby,1
chuck,1
chuckle,1
chug,1
chum,1
chummy,1
chump,1
chunk,1
chunky,1
church,1
churchman,1
churl,1
churlish,1
churn,1
chute,1
chutney,1
chutzpah,1
cicada,1
cider,1
cigar,1
cigarette,1
cilantro,3
cilia,1
cinch,1
cinchona,3
cinder,1
cinema,1
cinematic,1
cinematography,1
cinnamon,3
cipher,1
circa,1
circadian,1
circle,1
circlet,1
circuit,1
circuitous,1
circuitry,1
circular,1
circularity,1
circulate,1
circulation,1
circulatory,1
circumcise,1
circumcision,1
circumference,1
circumflex,1
circumlocution,1
circumnavigate,1
circumscribe,1
circumspect,1
circumspection,1
circumstance,1
circumstantial,1
circumvent,1
circumvention,1
circus,1
cirrhosis,1
cirrus,1
cistern,1
citadel,1
citation,1
cite,1
citizen,1
citizenry,1
citizenship,1
citron,3
citronella,3
citrus,3
city,1
civet,1
civic,1
civics,1
civil,1
civilian,1
civility,1
civilization,1
civilize,1
civvies,1
clack,1
clad,1
claim,1
claimant,1
clairvoyance,1
clairvoyant,1
clam,1
clamber,1
clammy,1
clamor,1
clamorous,1
clamp,1
clan,1
clandestine,1
clang,1
clangor,1
clank,1
clannish,1
clap,1
clapper,1
claret,1
clarification,1
clarify,1
clarinet,1
clarinetist,1
clarion,1
clarity,1
clash,1
clasp,1
class,1
classic,1
classical,1
classicism,1
classicist,1
classifiable,1
classification,1
classified,1
classify,1
classy,1
clatter,1
clause,1
claustrophobia,1
claustrophobic,1
clavichord,1
clavicle,1
claw,1
clay,2
clayey,1
clean,1
cleaner,1
cleanly,1
cleanse,1
cleanser,1
clear,1
clearance,1
clearing,2
cleat,1
cleavage,1
cleave,1
cleaver,1
clef,1
cleft,1
clematis,3
clemency,1
clement,1
clench,1
clergy,1
clergyman,1
clergywoman,1
cleric,1
clerical,1
clerk,1
clever,1
cliche,1
click,1
client,1
clientele,1
cliff,1
climactic,1
climate,1
climatic,1
climax,1
climb,1
clime,1
clinch,1
clincher,1
cling,1
clingy,1
clinic,1
clinical,1
clinician,1
clink,1
clinker,1
clip,1
clipper,1
clipping,1
clique,1
cliquish,1
clitoris,1
cloak,1
clobber,1
clock,1
clockwise,1
clod,1
clodhopper,1
clog,1
cloister,1
clomp,1
clone,1
clop,1
close,1
closed,1
closet,1
closure,1
clot,1
cloth,1
clothe,1
clothes,1
clothier,1
clothing,1
cloture,1
cloud,1
cloudless,1
cloudy,1
clout,1
clove,3
cloven,1
clover,3
clown,1
clownish,1
cloy,1
club,1
cluck,1
clue,1
clueless,1
clump,1
clumsy,1
clung,1
clunk,1
clunker,1
cluster,1
clutch,1
clutter,1
coach,1
coachman,1
coagulate,1
coagulation,1
coal,1
coalesce,1
coalescence,1
coalition,1
coarse,1
coarsen,1
coast,1
coastal,1
coaster,1
coat,1
coating,1
coauthor,1
coax,1
cob,2
cobalt,1
cobble,1
cobbler,1
cobra,1
cocaine,1
coccyges,1
coccyx,1
cochlea,1
cock,1
cockade,1
cockatoo,1
cockerel,1
cockeyed,1
cockle,1
cockney,1
cocky,1
cocoa,2
coconut,3
cocoon,1
cod,1
coda,1
coddle,1
code,1
codeine,1
codependency,1
codependent,1
codex,1
codger,1
codices,1
codicil,1
codification,1
codify,1
coed,1
coeducation,1
coeducational,1
coefficient,1
coequal,1
coerce,1
coercion,1
coercive,1
coexist,1
coexistence,1
coffee,2
coffer,1
coffin,1
cog,1
cogency,1
cogent,1
cogitate,1
cogitation,1
cognac,1
cognate,1
cognition,1
cognitive,1
cognizance,1
cognizant,1
cohabit,1
cohabitation,1
cohere,1
coherence,1
coherent,1
cohesion,1
cohesive,1
cohort,1
coif,1
coiffure,1
coil,1
coin,1
coinage,1
coincide,1
coincidence,1
coincident,1
coincidental,1
coitus,1
coke,1
cola,1
colander,1
cold,1
coleslaw,1
colic,1
colicky,1
coliseum,1
colitis,1
collaborate,1
collaboration,1
collage,1
collapse,1
collapsible,1
collar,1
collate,1
collateral,1
collation,1
colleague,1
collect,1
collected,1
collectible,1
collection,1
collective,1
collectivism,1
collector,1
college,1
collegiate,1
collide,1
collie,1
colliery,1
collision,1
collocate,1
collocation,1
colloid,1
colloquia,1
colloquial,1
colloquialism,1
colloquium,1
colloquy,1
collusion,1
collusive,1
cologne,1
colon,1
colonel,1
colonial,1
colonialism,1
colonialist,1
colonist,1
colonization,1
colonize,1
colonnade,1
colony,1
color,1
coloration,1
coloratura,1
colored,1
colorful,1
coloring,1
colorless,1
colossal,1
colossi,1
colossus,1
colour,1
colt,1
coltish,1
columbine,3
column,1
columnist,1
coma,1
comatose,1
comb,1
combat,1
combatant,1
combative,1
combination,1
combine,1
combo,1
combustibility,1
combustible,1
combustion,1
come,1
comedian,1
comedienne,1
comedy,1
comely,1
comet,1
comeuppance,1
comfort,1
comfortable,1
comforter,1
comforting,1
comfortingly,1
comfy,1
comic,1
comical,1
coming,1
comma,1
command,1
commandant,1
commandeer,1
commander,1
commanding,1
commandment,1
commando,1
commemorate,1
commemoration,1
commemorative,1
commence,1
commencement,1
commend,1
commendable,1
commendation,1
commensurate,1
comment,1
commentary,1
commentator,1
commerce,1
commercial,1
commercialism,1
commercialize,1
commingle,1
commiserate,1
commiseration,1
commissar,1
commissary,1
commission,1
commissioner,1
commit,1
commitment,1
committee,1
commode,1
commodious,1
commodity,1
commodore,1
common,1
commoner,1
commotion,1
communal,1
commune,1
communicable,1
communicant,1
communicate,1
communication,1
communicative,1
communion,1
communique,1
communism,1
communist,1
communistic,1
community,1
commutation,1
commutative,1
commute,1
commuter,1
compact,1
compactor,1
companion,1
companionable,1
companionship,1
company,1
comparable,1
comparative,1
compare,1
comparison,1
compartment,1
compass,1
compassion,1
compassionate,1
compatibility,1
compatible,1
compatriot,1
compel,1
compelling,1
compellingly,1
compendia,1
compendium,1
compensate,1
compensation,1
compensatory,1
compete,1
competence,1
competency,1
competent,1
competition,1
competitive,1
competitively,1
competitor,1
compilation,1
compile,1
compiler,1
complacence,1
complacency,1
complacent,1
complain,1
complainant,1
complaint,1
complaisance,1
complaisant,1
complement,1
complementary,1
complete,1
completion,1
complex,1
complexion,1
complexity,1
compliance,1
compliant,1
complicate,1
complicated,1
complication,1
complicity,1
compliment,1
complimentary,1
comply,1
component,1
comport,1
comportment,1
compose,1
composed,1
composer,1
composite,1
composition,1
compositor,1
compost,2
composure,1
compote,1
compound,1
comprehend,1
comprehensible,1
comprehension,1
comprehensive,1
compress,1
compression,1
compressor,1
comprise,1
compromise,1
comptroller,1
compulsion,1
compulsive,1
compulsory,1
compunction,1
computation,1
compute,1
computer,1
computerization,1
computerize,1
comrade,1
comradeship,1
con,1
concatenation,1
concave,1
concavity,1
conceal,1
concealment,1
concede,1
conceit,1
conceited,1
conceivable,1
conceive,1
concentrate,1
concentrated,1
concentration,1
concentric,1
concept,1
conception,1
conceptual,1
conceptualize,1
concern,1
concerned,1
concerning,1
concert,1
concerted,1
concerti,1
concertina,1
concerto,1
concession,1
conch,1
concierge,1
conciliate,1
conciliation,1
conciliatory,1
concise,1
conclave,1
conclude,1
conclusion,1
conclusive,1
concoct,1
concoction,1
concomitant,1
concord,1
concordance,1
concordant,1
concourse,1
concrete,1
concubine,1
concur,1
concurrence,1
concurrent,1
concussion,1
condemn,1
condemnation,1
condemnatory,1
condensation,1
condense,1
condenser,1
condescend,1
condescending,1
condescension,1
condiment,1
condition,1
conditional,1
conditioned,1
conditioner,1
condo,1
condolence,1
condom,1
condominium,1
condone,1
condor,1
conducive,1
conduct,1
conduction,1
conductive,1
conductivity,1
conductor,1
conduit,1
cone,1
confection,1
confectioner,1
confectionery,1
confederacy,1
confederate,1
confederation,1
confer,1
conference,1
conferment,1
confess,1
confession,1
confessional,1
confessor,1
confetti,1
confidant,1
confidante,1
confide,1
confidence,1
confident,1
confidential,1
confidentiality,1
configuration,1
confine,1
confinement,1
confines,1
confirm,1
confirmation,1
confirmed,1
confiscate,1
confiscation,1
conflagration,1
conflict,1
confluence,1
conform,1
conformation,1
conformist,1
conformity,1
confound,1
confront,1
confrontation,1
confuse,1
confused,1
confusing,1
confusion,1
conga,1
congeal,1
congenial,1
congeniality,1
congenital,1
congest,1
congestion,1
conglomerate,1
conglomeration,1
congratulate,1
congratulation,1
congratulations,1
congratulatory,1
congregate,1
congregation,1
congregational,1
congress,1
congressional,1
congressman,1
congresswoman,1
congruence,1
congruent,1
congruity,1
congruous,1
conic,1
conical,1
conifer,3
coniferous,2
conjectural,1
conjecture,1
conjoin,1
conjugal,1
conjugate,1
conjugation,1
conjunction,1
conjunctive,1
conjunctivitis,1
conjure,1
conjuror,1
conk,1
connect,1
connected,1
connection,1
connective,1
connivance,1
connive,1
connoisseur,1
connotation,1
connotative,1
connote,1
connubial,1
conquer,1
conquest,1
conquistador,1
conquistadores,1
conscience,1
conscientious,1
conscious,1
consciousness,1
conscript,1
conscription,1
consecrate,1
consecration,1
consecutive,1
consensual,1
consensus,1
consent,1
consequence,1
consequent,1
consequential,1
consequently,1
conservation,2
conservationist,2
conservatism,1
conservative,1
conservatory,2
conserve,1
consider,1
considerable,1
considerate,1
consideration,1
considered,1
considering,1
consign,1
consignment,1
consist,1
consistency,1
consistent,1
consolation,1
console,1
consolidate,1
consolidation,1
consomme,1
consonance,1
consonant,1
consort,1
consortia,1
consortium,1
conspicuous,1
conspiracy,1
conspirator,1
conspiratorial,1
conspire,1
constable,1
constabulary,1
constancy,1
constant,1
constellation,1
consternation,1
constipate,1
constipation,1
constituency,1
constituent,1
constitute,1
constitution,1
constitutional,1
constrain,1
constraint,1
constrict,1
constriction,1
constrictive,1
constrictor,1
construct,1
construction,1
constructive,1
construe,1
consul,1
consular,1
consulate,1
consult,1
consultant,1
consultation,1
consume,1
consumer,1
consumerism,1
consummate,1
consummation,1
consumption,1
contact,1
contagion,1
contagious,1
contain,1
container,1
containment,1
contaminant,1
contaminate,1
contaminated,1
contamination,1
contemplate,1
contemplation,1
contemplative,1
contemporaneous,1
contemporary,1
contempt,1
contemptible,1
contemptuous,1
contend,1
content,1
contented,1
contention,1
contentious,1
contentment,1
contents,1
contest,1
contestant,1
context,1
contextual,1
contiguous,1
continence,1
continent,1
continental,1
contingency,1
contingent,1
continua,1
continual,1
continuance,1
continuation,1
continue,1
continuity,1
continuous,1
continuum,1
contort,1
contortion,1
contortionist,1
contour,1
contraband,1
contraception,1
contraceptive,1
contract,1
contraction,1
contractor,1
contractual,1
contradict,1
contradiction,1
contradictory,1
contrail,1
contralto,1
contraption,1
contrariwise,1
contrary,1
contrast,1
contravene,1
contretemps,1
contribute,1
contribution,1
contributory,1
contrite,1
contrition,1
contrivance,1
contrive,1
contrived,1
control,1
controllable,1
controller,1
controversial,1
controversy,1
controvert,1
contusion,1
conundrum,1
convalesce,1
convalescence,1
convalescent,1
convection,1
convene,1
convenience,1
convenient,1
convent,1
convention,1
conventional,1
conventionality,1
converge,1
convergence,1
convergent,1
conversant,1
conversation,1
conversational,1
converse,1
conversion,1
convert,1
convertible,1
convex,1
convey,1
conveyance,1
conveyer,1
convict,1
conviction,1
convince,1
convincing,1
convivial,1
conviviality,1
convocation,1
convoke,1
convoluted,1
convolution,1
convoy,1
convulse,1
convulsion,1
convulsive,1
coo,1
cook,1
cookery,1
cookie,1
cooking,1
cool,1
coolant,1
cooler,1
coolie,1
coon,1
coop,1
cooper,1
cooperate,1
cooperation,1
cooperative,1
cooperatively,1
coordinate,1
coordination,1
coot,1
cootie,1
cop,1
cope,1
copier,1
copilot,1
copious,1
copper,1
coppice,3
copra,2
copse,3
copter,1
copula,1
copulate,1
copulation,1
copy,1
coquette,1
coquettish,1
coral,1
cord,1
cordial,1
cordiality,1
cordless,1
cordon,1
corduroy,1
core,1
coriander,3
cork,1
cormorant,1
corn,3
cornea,1
corner,1
cornet,1
cornice,1
cornucopia,1
corny,1
corolla,2
corollary,1
corona,1
coronary,1
coronation,1
coroner,1
coronet,1
corpora,1
corporal,1
corporate,1
corporation,1
corporeal,1
corps,1
corpse,1
corpulence,1
corpulent,1
corpus,1
corpuscle,1
corral,1
correct,1
correction,1
correctional,1
corrective,1
correlate,1
correlation,1
correlative,1
correspond,1
correspondence,1
correspondent,1
corresponding,1
corridor,1
corroborate,1
corroboration,1
corroborative,1
corrode,1
corrosion,1
corrosive,1
corrugate,1
corrugated,1
corrupt,1
corruptible,1
corruption,1
corsage,2
corsair,1
corset,1
cortege,1
cortex,1
cortical,1
cortices,1
cortisone,1
cosign,1
cosignatory,1
cosmetic,1
cosmetics,1
cosmetology,1
cosmic,1
cosmogony,1
cosmology,1
cosmonaut,1
cosmopolitan,1
cosmos,3
cosponsor,1
cost,1
costly,1
costume,1
cosy,1
cot,1
coterie,1
cottage,1
cotton,3
cotyledon,2
couch,1
cougar,1
cough,1
could,1
council,1
councilman,1
councilor,1
councilwoman,1
counsel,1
counsellor,1
counselor,1
count,1
countable,1
countenance,1
counter,1
counteract,1
counterbalance,1
counterculture,1
counterfeit,1
countermand,1
counteroffer,1
counterpane,1
counterpart,1
counterpoint,1
countersign,1
countertenor,1
countess,1
countless,1
countrified,1
country,1
countryman,1
countrywoman,1
county,1
coup,1
coupe,1
couple,1
couplet,1
coupling,1
coupon,1
courage,1
courageous,1
courier,1
course,1
court,1
courteous,1
courtesan,1
courtesy,1
courtier,1
courtly,1
courtship,1
cousin,1
cove,1
coven,1
covenant,1
cover,1
coverage,1
covering,1
coverlet,1
covert,1
covet,1
covetous,1
covey,1
cow,1
coward,1
cowardice,1
cower,1
cowl,1
cowling,1
coworker,1
coxcomb,1
coxswain,1
coy,1
coyote,1
cozy,1
crab,1
crabbed,1
crabby,1
crack,1
cracked,1
cracker,1
crackle,1
cradle,1
craft,1
craftsman,1
craftsmanship,1
crafty,1
crag,1
craggy,1
cram,1
cramp,1
cramped,1
crane,1
crania,1
cranial,1
cranium,1
crank,1
cranky,1
cranny,1
crap,1
crappy,1
craps,1
crash,1
crass,1
crate,1
crater,1
cravat,1
crave,1
craven,1
craving,1
craw,1
crawl,1
crayon,1
craze,1
crazy,1
creak,1
creaky,1
cream,1
creamer,1
creamery,1
creamy,1
crease,1
create,1
creation,1
creationism,1
creative,1
creativity,1
creator,1
creature,1
creche,1
credence,1
credential,1
credentials,1
credibility,1
credible,1
credit,1
creditable,1
creditor,1
credo,1
credulity,1
credulous,1
creed,1
creek,1
creel,1
creep,1
creeper,3
creepy,1
cremate,1
cremation,1
crematoria,1
crematorium,1
crematory,1
creole,1
creosote,1
crepe,1
crept,1
crescendo,1
crescent,1
cress,3
crest,1
cretin,1
crevasse,1
crevice,1
crew,1
crewman,1
crib,1
cribbage,1
crick,1
cricket,1
cried,1
crier,1
crime,1
criminal,1
criminologist,1
criminology,1
crimp,1
crimson,1
cringe,1
crinkle,1
crinkly,1
crinoline,1
cripple,1
crippled,1
crises,1
crisis,1
crisp,1
crispy,1
criteria,1
criterion,1
critic,1
critical,1
criticism,1
criticize,1
critique,1
critter,1
croak,1
crochet,1
crock,1
crockery,1
crocodile,1
crocus,3
croissant,1
crone,1
crony,1
crook,1
crooked,1
croon,1
crop,2
croquet,1
croquette,1
cross,1
crossbones,1
crossing,1
crossroads,1
crossways,1
crotch,1
crotchet,1
crotchety,1
crouch,1
croup,1
croupier,1
crouton,1
crow,1
crowd,1
crown,1
crucial,1
crucible,1
crucifix,1
crucifixion,1
cruciform,1
crucify,1
crud,1
cruddy,1
crude,1
crudity,1
cruel,1
cruelty,1
cruet,1
cruise,1
cruiser,1
cruller,1
crumb,1
crumble,1
crumbly,1
crumby,1
crummy,1
crumpet,1
crumple,1
crunch,1
crunchy,1
crusade,1
crush,1
crust,1
crustacean,1
crusty,1
crutch,1
crux,1
cry,1
crying,1
cryogenics,1
crypt,1
cryptic,1
cryptogram,1
cryptography,1
crystal,1
crystalline,1
crystallization,1
crystallize,1
cub,1
cube,1
cubic,1
cubical,1
cubicle,1
cubism,1
cubist,1
cubit,1
cuckold,1
cuckoo,1
cucumber,3
cud,2
cuddle,1
cuddly,1
cudgel,1
cue,1
cuff,1
cuisine,1
culinary,1
cull,1
culminate,1
culmination,1
culpability,1
culpable,1
culprit,1
cult,1
cultivate,2
cultivated,2
cultivation,2
cultivator,2
cultural,1
culture,1
cultured,1
culvert,1
cumbersome,1
cumin,3
cummerbund,1
cumulative,1
cumuli,1
cumulus,1
cuneiform,1
cunnilingus,1
cunning,1
cunt,1
cup,1
cupful,1
cupidity,1
cupola,1
cur,1
curable,1
curate,1
curative,1
curator,1
curb,1
curd,1
curdle,1
cure,1
curfew,1
curie,1
curio,1
curiosity,1
curious,1
curl,1
curlew,1
curlicue,1
curly,1
curmudgeon,1
currant,3
currency,1
current,1
curricula,1
curriculum,1
curry,1
curse,1
cursed,1
cursive,1
cursor,1
cursory,1
curt,1
curtail,1
curtailment,1
curtain,1
curtsey,1
curtsy,1
curvaceous,1
curvature,1
curve,1
curvy,1
cushion,1
cushy,1
cusp,1
cuspid,1
cuss,1
custard,1
custodial,1
custodian,1
custody,1
custom,1
customary,1
customer,1
customize,1
cut,1
cute,1
cuticle,1
cutlass,1
cutlery,1
cutlet,1
cutoffs,1
cutter,1
cutting,2
cutup,1
cyanide,1
cybernetic,1
cybernetics,1
cyberpunk,1
cyberspace,1
cyclamen,3
cycle,1
cyclic,1
cyclical,1
cyclist,1
cyclone,1
cyclotron,1
cygnet,1
cylinder,1
cylindrical,1
cymbal,1
cynic,1
cynical,1
cynicism,1
cypress,3
cyst,1
cystic,1
cytology,1
cytoplasm,1
czar,1
czarina,1
dab,1
dabble,1
dachshund,1
dactylic,1
dad,1
daddy,1
daffodil,3
daffy,1
daft,1
dagger,1
dahlia,3
daily,1
dainty,1
daiquiri,1
dairy,1
dairying,1
dairyman,1
dais,1
daisy,3
dale,1
dalliance,1
dally,1
dam,1
damage,1
damask,1
dame,1
damn,1
damnable,1
damnation,1
damned,1
damp,1
dampen,1
damper,1
damsel,1
damson,3
dance,1
dandelion,3
dander,1
dandle,1
dandruff,1
dandy,1
danger,1
dangerous,1
dangle,1
dank,1
dapper,1
dapple,1
dare,1
daring,1
dark,1
darken,1
darling,1
darn,1
dart,1
dash,1
dashiki,1
dashing,1
dastardly,1
data,1
date,1
dated,1
dative,1
datum,1
daub,1
daughter,1
daunt,1
daunting,1
dauntless,1
dauphin,1
davenport,1
davit,1
dawdle,1
dawn,1
day,1
daze,1
dazzle,1
deacon,1
deaconess,1
deactivate,1
dead,1
deaden,1
deadly,1
deaf,1
deafen,1
deal,1
dealer,1
dealership,1
dealing,1
dealt,1
dean,1
dear,1
dearth,1
death,1
deathless,1
deathlike,1
deathly,1
deb,1
debacle,1
debar,1
debark,1
debarkation,1
debase,1
debasement,1
debatable,1
debate,1
debauch,1
debauchery,1
debilitate,1
debilitation,1
debility,1
debit,1
debonair,1
debrief,1
debriefing,1
debris,1
debt,1
debtor,1
debug,1
debunk,1
debut,1
debutante,1
decade,1
decadence,1
decadent,1
decaf,1
decaffeinated,1
decal,1
decamp,1
decant,1
decanter,1
decapitate,1
decapitation,1
decathlon,1
decay,2
decease,1
deceased,1
deceit,1
deceitful,1
deceive,1
decelerate,1
deceleration,1
decency,1
decent,1
decentralize,1
deception,1
deceptive,1
decibel,1
decide,1
decided,1
deciduous,2
decimal,1
decimate,1
decimation,1
decipher,1
decipherable,1
decision,1
decisive,1
deck,1
declaim,1
declamation,1
declamatory,1
declaration,1
declarative,1
declare,1
declassify,1
declension,1
decline,1
decode,1
decollete,1
decommission,1
decompose,2
decomposition,2
decompress,1
decompression,1
decongestant,1
deconstruction,1
decontaminate,1
decontamination,1
decor,1
decorate,1
decoration,1
decorative,1
decorous,1
decorum,1
decoy,1
decrease,1
decree,1
decrepit,1
decrepitude,1
decriminalize,1
decry,1
dedicate,1
dedicated,1
dedication,1
deduce,1
deducible,1
deduct,1
deductible,1
deduction,1
deductive,1
deed,1
deem,1
deep,1
deepen,1
deer,1
deescalate,1
deescalation,1
deface,1
defacement,1
defamation,1
defamatory,1
defame,1
default,1
defeat,1
defeatism,1
defeatist,1
defecate,1
defecation,1
defect,1
defection,1
defective,1
defend,1
defendant,1
defense,1
defenseless,1
defensible,1
defensive,1
defer,1
deference,1
deferential,1
deferment,1
defiance,1
defiant,1
deficiency,1
deficient,1
deficit,1
defile,1
defilement,1
define,1
definite,1
definition,1
definitive,1
deflate,1
deflation,1
deflect,1
deflection,1
defoliant,2
defoliate,2
defoliation,2
deforest,2
deforestation,2
deform,1
deformation,1
deformed,1
deformity,1
defraud,1
defray,1
defrost,1
deft,1
defunct,1
defuse,1
defy,1
degeneracy,1
degenerate,1
degeneration,1
degradation,1
degrade,1
degrading,1
degree,1
dehumanization,1
dehumanize,1
dehumidify,1
dehydrate,1
dehydration,1
deice,1
deification,1
deify,1
deign,1
deism,1
deity,1
dejected,1
dejection,1
delay,1
delectable,1
delectation,1
delegate,1
delegation,1
delete,1
deleterious,1
deletion,1
deli,1
deliberate,1
deliberation,1
delicacy,1
delicate,1
delicatessen,1
delicious,1
delight,1
delighted,1
delightful,1
delimit,1
delineate,1
delineation,1
delinquency,1
delinquent,1
delirious,1
delirium,1
deliver,1
deliverance,1
delivery,1
dell,1
delphinium,3
delta,1
delude,1
deluge,1
delusion,1
delusive,1
deluxe,1
delve,1
demagnetization,1
demagnetize,1
demagogic,1
demagogue,1
demagoguery,1
demagogy,1
demand,1
demanding,1
demarcate,1
demarcation,1
demean,1
demeanor,1
demented,1
dementia,1
demerit,1
demesne,1
demigod,1
demijohn,1
demilitarize,1
demise,1
demitasse,1
demo,1
demobilization,1
demobilize,1
democracy,1
democrat,1
democratic,1
democratize,1
demographic,1
demographics,1
demography,1
demolish,1
demolition,1
demon,1
demoniac,1
demoniacal,1
demonic,1
demonstrable,1
demonstrate,1
demonstration,1
demonstrative,1
demonstrator,1
demoralization,1
demoralize,1
demoralizing,1
demote,1
demotion,1
demur,1
demure,1
den,1
denature,1
dendrite,1
denial,1
denigrate,1
denigration,1
denim,1
denizen,1
denominate,1
denomination,1
denominational,1
denominator,1
denotation,1
denote,1
denouement,1
denounce,1
denouncement,1
dense,1
density,1
dent,1
dental,1
dentifrice,1
dentin,1
dentist,1
dentistry,1
denture,1
dentures,1
denude,1
denunciation,1
deny,1
deodorant,1
deodorize,1
depart,1
departed,1
department,1
departmental,1
departure,1
depend,1
dependability,1
dependable,1
dependence,1
dependency,1
dependent,1
depict,1
depiction,1
depilatory,1
deplane,1
deplete,1
depletion,1
deplorable,1
deplore,1
deploy,1
deployment,1
depopulate,1
depopulation,1
deport,1
deportation,1
deportment,1
depose,1
deposit,1
deposition,1
depository,1
depot,1
deprave,1
depraved,1
depravity,1
deprecate,1
deprecation,1
deprecatory,1
depreciate,1
depreciation,1
depredation,1
depress,1
depressant,1
depressed,1
depressing,1
depression,1
depressive,1
deprivation,1
deprive,1
deprived,1
deprogram,1
depth,1
deputation,1
depute,1
deputize,1
deputy,1
derail,1
derailleur,1
derailment,1
derange,1
deranged,1
derangement,1
derby,1
deregulate,1
deregulation,1
derelict,1
dereliction,1
deride,1
derision,1
derisive,1
derivation,1
derivative,1
derive,1
dermatitis,1
dermatologist,1
dermatology,1
dermis,1
derogate,1
derogation,1
derogatory,1
derrick,1
derriere,1
derringer,1
dervish,1
desalinate,1
desalination,1
descant,1
descend,1
descendant,1
descent,1
describe,1
description,1
descriptive,1
descry,1
desecrate,1
desecration,1
desegregate,1
desegregation,1
desensitization,1
desensitize,1
desert,1
desertion,1
deserve,1
deserving,1
desiccate,1
desiccation,1
desiderata,1
desideratum,1
design,1
designate,1
designation,1
designer,1
designing,1
desirability,1
desirable,1
desire,1
desirous,1
desist,1
desk,1
desolate,1
desolation,1
despair,1
despairingly,1
despatch,1
desperado,1
desperate,1
desperation,1
despicable,1
despise,1
despite,1
despoil,1
despondency,1
despondent,1
despot,1
despotic,1
despotism,1
dessert,1
destination,1
destine,1
destiny,1
destitute,1
destitution,1
destroy,1
destroyer,1
destruction,1
destructive,1
desultory,1
detach,1
detachable,1
detached,1
detachment,1
detail,1
detailed,1
detain,1
detainment,1
detect,1
detectable,1
detection,1
detective,1
detente,1
detention,1
deter,1
detergent,1
deteriorate,1
deterioration,1
determinant,1
determinate,1
determination,1
determine,1
determined,1
determiner,1
deterrence,1
deterrent,1
detest,1
detestable,1
detestation,1
dethrone,1
dethronement,1
detonate,1
detonation,1
detonator,1
detour,1
detox,1
detoxification,1
detoxify,1
detract,1
detraction,1
detriment,1
detrimental,1
detritus,1
deuce,1
devaluation,1
devalue,1
devastate,1
devastating,1
devastation,1
develop,1
developing,1
development,1
deviance,1
deviant,1
deviate,1
deviation,1
device,1
devil,1
devilish,1
devilment,1
deviltry,1
devious,1
devise,1
devoid,1
devolve,1
devote,1
devoted,1
devotee,1
devotion,1
devotional,1
devour,1
devout,1
dew,1
dewy,1
dexterity,1
dexterous,1
dextrose,1
dextrous,1
diabetes,1
diabetic,1
diabolic,1
diabolical,1
diacritic,1
diadem,1
diagnose,1
diagnoses,1
diagnosis,1
diagnostic,1
diagnostician,1
diagonal,1
diagram,1
dial,1
dialect,1
dialectal,1
dialectic,1
dialog,1
dialogue,1
dialyses,1
dialysis,1
diameter,1
diametrical,1
diamond,1
diaper,1
diaphanous,1
diaphragm,1
diarist,1
diarrhea,1
diarrhoea,1
diary,1
diastolic,1
diatribe,1
dice,1
dichotomy,1
dick,1
dicker,1
dickey,1
dicky,1
dicta,1
dictate,1
dictation,1
dictator,1
dictatorial,1
dictatorship,1
diction,1
dictionary,1
dictum,1
did,1
didactic,1
diddle,1
die,1
diereses,1
dieresis,1
diesel,1
diet,1
dietary,1
dietetic,1
dietetics,1
dietician,1
dietitian,1
differ,1
difference,1
different,1
differential,1
differentiate,1
differentiation,1
difficult,1
difficulty,1
diffidence,1
diffident,1
diffraction,1
diffuse,1
diffusion,1
dig,1
digest,1
digestible,1
digestion,1
digestive,1
digit,1
digital,1
digitalis,3
dignified,1
dignify,1
dignitary,1
dignity,1
digraph,1
digress,1
digression,1
digressive,1
dike,1
dilapidated,1
dilapidation,1
dilate,1
dilation,1
dilatory,1
dilemma,1
dilettante,1
dilettantism,1
diligence,1
diligent,1
dill,3
dillydally,1
dilute,1
dilution,1
dim,1
dime,1
dimension,1
dimensional,1
diminish,1
diminuendo,1
diminution,1
diminutive,1
dimmer,1
dimple,1
dimwitted,1
din,1
dine,1
diner,1
dinette,1
ding,1
dinghy,1
dingo,1
dingy,1
dinky,1
dinner,1
dinosaur,1
dint,1
diocesan,1
diocese,1
diode,1
diorama,1
dioxin,1
dip,1
diphtheria,1
diphthong,1
diploma,1
diplomacy,1
diplomat,1
diplomatic,1
dipper,1
dipsomania,1
dipsomaniac,1
dire,1
direct,1
direction,1
directional,1
directions,1
directive,1
directly,1
director,1
directorate,1
directorship,1
directory,1
dirge,1
dirigible,1
dirk,1
dirt,1
dirty,1
dis,1
disability,1
disable,1
disabled,1
disabuse,1
disadvantage,1
disadvantaged,1
disadvantageous,1
disaffected,1
disaffection,1
disagree,1
disagreeable,1
disagreement,1
disallow,1
disappear,1
disappearance,1
disappoint,1
disappointed,1
disappointing,1
disappointingly,1
disappointment,1
disapprobation,1
disapproval,1
disapprove,1
disapprovingly,1
disarm,1
disarmament,1
disarming,1
disarrange,1
disarrangement,1
disarray,1
disassemble,1
disassociate,1
disaster,1
disastrous,1
disavow,1
disavowal,1
disband,1
disbar,1
disbarment,1
disbelief,1
disbelieve,1
disburse,1
disbursement,1
disc,1
discard,1
discern,1
discernible,1
discerning,1
discernment,1
discharge,1
disciple,1
disciplinarian,1
disciplinary,1
discipline,1
disclaim,1
disclaimer,1
disclose,1
disclosure,1
disco,1
discolor,1
discoloration,1
discomfit,1
discomfiture,1
discomfort,1
disconcert,1
disconcerting,1
disconnect,1
disconnected,1
disconnection,1
disconsolate,1
discontent,1
discontented,1
discontentment,1
discontinuance,1
discontinuation,1
discontinue,1
discontinuity,1
discontinuous,1
discord,1
discordant,1
discotheque,1
discount,1
discountenance,1
discourage,1
discouragement,1
discouragingly,1
discourse,1
discourteous,1
discourtesy,1
discover,1
discovery,1
discredit,1
discreditable,1
discreet,1
discrepancy,1
discrete,1
discretion,1
discretionary,1
discriminate,1
discriminating,1
discrimination,1
discriminatory,1
discursive,1
discus,1
discuss,1
discussion,1
disdain,1
disdainful,1
disease,1
disembark,1
disembarkation,1
disembowel,1
disenchant,1
disenchanted,1
disenchantment,1
disenfranchise,1
disengage,1
disengagement,1
disentangle,1
disentanglement,1
disfavor,1
disfigure,1
disfigurement,1
disfranchise,1
disgorge,1
disgrace,1
disgraceful,1
disgruntle,1
disgruntled,1
disguise,1
disgust,1
disgusted,1
dish,1
disharmony,1
dishearten,1
disheveled,1
dishevelled,1
dishonest,1
dishonesty,1
dishonor,1
dishonorable,1
disillusion,1
disillusioned,1
disillusionment,1
disinclined,1
disinfect,1
disinfectant,1
disinformation,1
disingenuous,1
disinherit,1
disintegrate,1
disintegration,1
disinter,1
disinterest,1
disinterested,1
disjointed,1
disk,1
diskette,1
dislike,1
dislocate,1
dislocation,1
dislodge,1
disloyal,1
disloyalty,1
dismal,1
dismantle,1
dismay,1
dismember,1
dismemberment,1
dismiss,1
dismissal,1
dismount,1
disobedience,1
disobedient,1
disobey,1
disorder,1
disorderly,1
disorganization,1
disorganize,1
disorganized,1
disorient,1
disorientation,1
disown,1
disparage,1
disparagement,1
disparaging,1
disparate,1
disparity,1
dispassionate,1
dispatch,1
dispel,1
dispensable,1
dispensary,1
dispensation,1
dispense,1
dispersal,1
disperse,1
dispersion,1
dispirit,1
dispirited,1
displace,1
displacement,1
display,1
displease,1
displeasure,1
disport,1
disposable,1
disposal,1
dispose,1
disposition,1
dispossess,1
dispossession,1
disproportion,1
disprove,1
disputable,1
disputant,1
disputation,1
disputatious,1
dispute,1
disqualify,1
disquiet,1
disquisition,1
disregard,1
disrepair,1
disreputable,1
disrepute,1
disrespect,1
disrespectful,1
disrobe,1
disrupt,1
disruption,1
disruptive,1
dissatisfaction,1
dissatisfy,1
dissect,1
dissection,1
dissemble,1
disseminate,1
dissemination,1
dissension,1
dissent,1
dissertation,1
disservice,1
dissidence,1
dissident,1
dissimilar,1
dissimilarity,1
dissimulate,1
dissimulation,1
dissipate,1
dissipated,1
dissipation,1
dissociate,1
dissociation,1
dissolute,1
dissolution,1
dissolve,1
dissonance,1
dissonant,1
dissuade,1
dissuasion,1
distaff,1
distance,1
distant,1
distaste,1
distasteful,1
distemper,1
distend,1
distention,1
distill,1
distillate,1
distillation,1
distillery,1
distinct,1
distinction,1
distinctive,1
distinguish,1
distinguishable,1
distinguished,1
distort,1
distortion,1
distract,1
distraction,1
distraught,1
distress,1
distressful,1
distribute,1
distribution,1
distributive,1
distributor,1
district,1
distrust,1
distrustful,1
disturb,1
disturbance,1
disturbed,1
disturbing,1
disunite,1
disunity,1
disuse,1
ditch,1
dither,1
ditto,1
ditty,1
diuretic,1
diurnal,1
diva,1
divan,1
dive,1
diver,1
diverge,1
divergence,1
divergent,1
divers,1
diverse,1
diversification,1
diversify,1
diversion,1
diversionary,1
diversity,1
divert,1
divest,1
divide,1
dividend,1
divider,1
divination,1
divine,1
divinity,1
divisibility,1
divisible,1
division,1
divisive,1
divisor,1
divorce,1
divorced,1
divorcee,1
divot,1
divulge,1
divvy,1
dizzy,1
do,1
doable,1
doc,1
docile,1
docility,1
dock,1
docket,1
doctor,1
doctoral,1
doctorate,1
doctrinaire,1
doctrinal,1
doctrine,1
document,1
documentary,1
documentation,1
dodder,1
dodge,1
dodo,1
doe,1
doer,1
does,1
doff,1
dog,1
dogged,1
doggerel,1
doggie,1
doggy,1
dogie,1
dogma,1
dogmatic,1
dogmatism,1
dogmatist,1
doily,1
doing,1
doings,1
doldrums,1
dole,1
doleful,1
doll,1
dollar,1
dollop,1
dolly,1
dolorous,1
dolphin,1
dolt,1
doltish,1
domain,1
dome,1
domestic,1
domesticate,1
domestication,1
domesticity,1
domicile,1
dominance,1
dominant,1
dominate,1
domination,1
domineer,1
domineering,1
dominion,1
domino,1
don,1
donate,1
donation,1
done,1
donkey,1
donor,1
donut,1
doodad,1
doodle,1
doom,1
door,1
doorman,1
dope,1
dopey,1
dopy,1
dork,1
dorky,1
dorm,1
dormancy,1
dormant,1
dormer,1
dormice,1
dormitory,1
dormouse,1
dorsal,1
dory,1
dosage,1
dose,1
dossier,1
dot,1
dotage,1
dote,1
double,1
doublet,1
doubloon,1
doubly,1
doubt,1
doubtful,1
doubtless,1
douche,1
dough,1
doughty,1
doughy,1
dour,1
douse,1
dove,1
dowager,1
dowdy,1
dowel,1
down,1
downer,1
downward,1
downwards,1
downy,1
dowry,1
dowse,1
doxology,1
doze,1
dozen,1
drab,1
draft,1
draftee,1
draftsman,1
drafty,1
drag,1
dragon,1
dragoon,1
drain,1
drainage,1
drake,1
dram,1
drama,1
dramatic,1
dramatics,1
dramatist,1
dramatization,1
dramatize,1
drank,1
drape,1
drapery,1
drastic,1
draught,1
draw,1
drawer,1
drawing,1
drawl,1
drawn,1
dray,1
dread,1
dreadful,1
dream,1
dreamless,1
dreamlike,1
dreamt,1
dreamy,1
dreary,1
dredge,1
dregs,1
drench,1
dress,1
dressage,1
dresser,1
dressing,1
dressy,1
drew,1
dribble,1
dried,1
drier,1
drift,1
drifter,1
drill,1
drily,1
drink,1
drinkable,1
drip,1
drippings,1
drive,1
drivel,1
driven,1
driver,1
drizzle,1
drizzly,1
droll,1
dromedary,1
drone,1
drool,1
droop,1
droopy,1
drop,1
droplet,1
dropper,1
droppings,1
dross,1
drought,2
drove,1
drover,1
drown,1
drowse,1
drowsy,1
drub,1
drudge,1
drudgery,1
drug,1
druggist,1
druid,1
drum,1
drummer,1
drunk,1
drunkard,1
drunken,1
dry,1
dryad,1
dryer,1
dual,1
duality,1
dub,1
dubious,1
ducal,1
ducat,1
duchess,1
duchy,1
duck,1
duckling,1
duct,1
ductile,1
dud,1
dude,1
dudgeon,1
duds,1
due,1
duel,1
duelist,1
duet,1
duffer,1
dug,1
duh,1
duke,1
dukedom,1
dulcet,1
dulcimer,1
dull,1
dullard,1
duly,1
dumb,1
dumdum,1
dumfound,1
dummy,1
dump,1
dumpling,1
dumps,1
dumpy,1
dun,1
dunce,1
dune,1
dung,2
dungaree,1
dungarees,1
dungeon,1
dunk,1
duo,1
duodenal,1
duodenum,1
dupe,1
duplex,1
duplicate,1
duplication,1
duplicity,1
durability,1
durable,1
duration,1
duress,1
during,1
dusk,1
dusky,1
dust,1
duster,1
dusty,1
dutiful,1
duty,1
dwarf,3
dwarves,3
dweeb,1
dwell,1
dwelling,1
dwelt,1
dwindle,1
dye,1
dying,1
dyke,1
dynamic,1
dynamics,1
dynamism,1
dynamite,1
dynamo,1
dynastic,1
dynasty,1
dysentery,1
dysfunction,1
dysfunctional,1
dyslexia,1
dyslexic,1
dyspepsia,1
dyspeptic,1
each,1
eager,1
eagle,1
eaglet,1
ear,1
earl,1
early,1
earn,1
earnest,1
earnings,1
earring,1
earth,1
earthen,1
earthling,1
earthly,1
earthy,1
ease,1
easel,1
easily,1
east,1
easterly,1
eastern,1
easterner,1
eastward,1
eastwards,1
easy,1
eat,1
eatable,1
eaten,1
eatery,1
eaves,1
ebb,1
ebony,3
ebullience,1
ebullient,1
eccentric,1
eccentricity,1
ecclesiastic,1
ecclesiastical,1
echelon,1
echo,1
eclair,1
eclectic,1
eclecticism,1
eclipse,1
ecological,2
ecologist,2
ecology,2
economic,1
economical,1
economics,1
economist,1
economize,1
economy,1
ecosystem,2
ecstasy,1
ecstatic,1
ecumenical,1
eczema,1
eddy,1
edema,1
edge,1
edgeways,1
edging,1
edgy,1
edible,1
edict,1
edification,1
edifice,1
edify,1
edit,1
edition,1
editor,1
editorial,1
editorialize,1
educable,1
educate,1
educated,1
education,1
educational,1
eel,1
eerie,1
eery,1
efface,1
effect,1
effective,1
effectual,1
effeminacy,1
effeminate,1
effervesce,1
effervescence,1
effervescent,1
effete,1
efficacious,1
efficacy,1
efficiency,1
efficient,1
effigy,1
effluent,1
effort,1
effortless,1
effrontery,1
effusion,1
effusive,1
egalitarian,1
egalitarianism,1
egg,1
eggnog,1
ego,1
egocentric,1
egoism,1
egoist,1
egoistic,1
egotism,1
egotist,1
egotistic,1
egotistical,1
egregious,1
egress,1
egret,1
eh,1
eider,1
eight,1
eighteen,1
eighteenth,1
eighth,1
eightieth,1
eighty,1
either,1
ejaculate,1
ejaculation,1
eject,1
ejection,1
eke,1
elaborate,1
elaboration,1
elan,1
elapse,1
elastic,1
elasticity,1
elate,1
elated,1
elation,1
elbow,1
elder,3
elderly,1
eldest,1
elect,1
election,1
electioneer,1
elective,1
elector,1
electoral,1
electorate,1
electric,1
electrical,1
electrician,1
electricity,1
electrification,1
electrify,1
electrifying,1
electrocute,1
electrocution,1
electrode,1
electrolysis,1
electrolyte,1
electrolytic,1
electromagnet,1
electromagnetic,1
electron,1
electronic,1
electronics,1
electroplate,1
elegance,1
elegant,1
elegy,1
element,1
elemental,1
elementary,1
elephant,1
elephantine,1
elevate,1
elevation,1
elevator,1
eleven,1
eleventh,1
elf,1
elfin,1
elfish,1
elicit,1
eligibility,1
eligible,1
eliminate,1
elimination,1
elite,1
elitism,1
elitist,1
elixir,1
elk,1
ell,1
ellipse,1
ellipses,1
ellipsis,1
elliptic,1
elliptical,1
elm,3
elocution,1
elocutionist,1
elongate,1
elongation,1
elope,1
elopement,1
eloquence,1
eloquent,1
else,1
elucidate,1
elucidation,1
elude,1
elusive,1
elves,1
em,1
emaciate,1
emaciated,1
emaciation,1
emanate,1
emanation,1
emancipate,1
emancipation,1
emasculate,1
emasculation,1
embalm,1
embankment,1
embargo,1
embark,1
embarkation,1
embarrass,1
embarrassingly,1
embarrassment,1
embassy,1
embattled,1
embed,1
embellish,1
embellishment,1
ember,1
embezzle,1
embezzlement,1
embitter,1
emblazon,1
emblem,1
emblematic,1
embodiment,1
embody,1
embolden,1
embolism,1
emboss,1
embrace,1
embroider,1
embroidery,1
embroil,1
embryo,1
embryologist,1
embryology,1
embryonic,1
emcee,1
emend,1
emendation,1
emerald,1
emerge,1
emergence,1
emergency,1
emergent,1
emeritus,1
emery,1
emetic,1
emigrant,1
emigrate,1
emigration,1
emigre,1
eminence,1
eminent,1
emir,1
emirate,1
emissary,1
emission,1
emit,1
emollient,1
emote,1
emotion,1
emotional,1
empathize,1
empathy,1
emperor,1
emphases,1
emphasis,1
emphasize,1
emphatic,1
emphysema,1
empire,1
empirical,1
empiricism,1
employ,1
employable,1
employee,1
employer,1
employment,1
emporia,1
emporium,1
empower,1
empress,1
empty,1
emu,1
emulate,1
emulation,1
emulsify,1
emulsion,1
enable,1
enact,1
enactment,1
enamel,1
enamor,1
encamp,1
encampment,1
encapsulate,1
encapsulation,1
encase,1
encephalitis,1
enchant,1
enchantment,1
enchantress,1
enchilada,1
encircle,1
encirclement,1
enclave,1
enclose,1
enclosure,1
encode,1
encompass,1
encore,1
encounter,1
encourage,1
encouragement,1
encouraging,1
encouragingly,1
encroach,1
encroachment,1
encrust,1
encrustation,1
encumber,1
encumbrance,1
encyclical,1
encyclopaedia,1
encyclopedia,1
encyclopedic,1
end,1
endanger,1
endear,1
endearment,1
endeavor,1
endemic,1
ending,1
endive,3
endless,1
endocrine,1
endorse,1
endorsement,1
endow,1
endowment,1
endurable,1
endurance,1
endure,1
enduring,1
endways,1
enema,1
enemy,1
energetic,1
energize,1
energy,1
enervate,1
enfeeble,1
enfold,1
enforce,1
enforceable,1
enforcement,1
enfranchise,1
enfranchisement,1
engage,1
engaged,1
engagement,1
engaging,1
engender,1
engine,1
engineer,1
engineering,1
engorge,1
engrave,1
engraving,1
engross,1
engulf,1
enhance,1
enhancement,1
enigma,1
enigmatic,1
enjoin,1
enjoy,1
enjoyable,1
enjoyment,1
enlarge,1
enlargement,1
enlighten,1
enlightened,1
enlightenment,1
enlist,1
enlistee,1
enlistment,1
enliven,1
enmesh,1
enmity,1
ennoble,1
ennui,1
enormity,1
enormous,1
enough,1
enquire,1
enquiry,1
enrage,1
enrapture,1
enrich,1
enrichment,1
enrol,1
enroll,1
enrollment,1
ensconce,1
ensemble,1
enshrine,1
enshroud,1
ensign,1
enslave,1
enslavement,1
ensnare,1
ensue,1
ensure,1
entail,1
entangle,1
entanglement,1
entente,1
enter,1
enterprise,1
enterprising,1
entertain,1
entertainer,1
entertaining,1
entertainingly,1
entertainment,1
enthral,1
enthrall,1
enthralling,1
enthrone,1
enthuse,1
enthusiasm,1
enthusiast,1
enthusiastic,1
entice,1
enticement,1
entire,1
entirety,1
entitle,1
entitlement,1
entity,1
entomb,1
entombment,1
entomological,1
entomologist,1
entomology,1
entourage,1
entrails,1
entrance,1
entrant,1
entrap,1
entrapment,1
entreat,1
entreaty,1
entree,1
entrench,1
entrenchment,1
entrepreneur,1
entrepreneurial,1
entrust,1
entry,1
entwine,1
enumerate,1
enumeration,1
enunciate,1
enunciation,1
envelop,1
envelope,1
envelopment,1
enviable,1
envious,1
environment,1
environmental,1
environs,1
envisage,1
envision,1
envoy,1
envy,1
enzyme,1
eon,1
epaulet,1
epaulette,1
ephemeral,1
epic,1
epicenter,1
epicure,1
epicurean,1
epidemic,1
epidermal,1
epidermis,1
epiglottis,1
epigram,1
epigrammatic,1
epilepsy,1
epileptic,1
epilog,1
epilogue,1
episode,1
episodic,1
epistle,1
epitaph,1
epithet,1
epitome,1
epitomize,1
epoch,1
epochal,1
epoxy,1
equability,1
equable,1
equal,1
equality,1
equalization,1
equalize,1
equanimity,1
equate,1
equation,1
equator,1
equatorial,1
equestrian,1
equidistant,1
equilateral,1
equilibrium,1
equine,1
equinoctial,1
equinox,1
equip,1
equipment,1
equitable,1
equity,1
equivalence,1
equivalent,1
equivocal,1
equivocate,1
equivocation,1
era,1
eradicate,1
eradication,1
erase,1
eraser,1
erasure,1
ere,1
erect,1
erection,1
ergonomics,1
ermine,1
erode,1
erogenous,1
erosion,1
erosive,1
erotic,1
erotica,1
eroticism,1
err,1
errand,1
errant,1
errata,1
erratic,1
erroneous,1
error,1
ersatz,1
erstwhile,1
erudite,1
erudition,1
erupt,1
eruption,1
escalate,1
escalation,1
escalator,1
escapade,1
escape,1
escapee,1
escapism,1
escapist,1
escarole,3
escarpment,1
eschew,1
escort,1
escrow,1
escutcheon,1
esophagi,1
esophagus,1
esoteric,1
especial,1
especially,1
espionage,1
espousal,1
espouse,1
espresso,1
espy,1
esquire,1
essay,1
essayist,1
essence,1
essential,1
establish,1
establishment,1
estate,1
esteem,1
esthete,1
esthetic,1
esthetics,1
estimable,1
estimate,1
estimation,1
estrange,1
estranged,1
estrangement,1
estrogen,1
estuary,2
etch,1
etching,1
eternal,1
eternity,1
ether,1
ethereal,1
ethic,1
ethical,1
ethics,1
ethnic,1
ethnicity,1
ethnological,1
ethnologist,1
ethnology,1
ethos,1
etiquette,1
etude,1
etymological,1
etymologist,1
etymology,1
eucalypti,3
eucalyptus,3
eulogize,1
eulogy,1
eunuch,1
euphemism,1
euphemistic,1
euphoria,1
euphoric,1
eureka,1
euro,1
euthanasia,1
evacuate,1
evacuation,1
evacuee,1
evade,1
evaluate,1
evaluation,1
evangelical,1
evangelism,1
evangelist,1
evangelistic,1
evangelize,1
evaporate,1
evaporation,1
evasion,1
evasive,1
eve,1
even,1
evening,1
event,1
eventful,1
eventual,1
eventuality,1
ever,1
everglade,2
every,1
evict,1
eviction,1
evidence,1
evident,1
evil,1
evince,1
eviscerate,1
evocation,1
evocative,1
evoke,1
evolution,1
evolutionary,1
evolve,1
ewe,1
ewer,1
ex,1
exacerbate,1
exacerbation,1
exact,1
exacting,1
exactitude,1
exaggerate,1
exaggeration,1
exalt,1
exaltation,1
exam,1
examination,1
examine,1
example,1
exasperate,1
exasperating,1
exasperation,1
excavate,1
excavation,1
exceed,1
exceedingly,1
excel,1
excellence,1
excellent,1
except,1
excepting,1
exception,1
exceptional,1
excerpt,1
excess,1
excessive,1
exchange,1
exchangeable,1
excise,1
excision,1
excitability,1
excitable,1
excite,1
excited,1
excitement,1
exciting,1
exclaim,1
exclamation,1
exclamatory,1
exclude,1
excluding,1
exclusion,1
exclusive,1
exclusivity,1
excommunicate,1
excommunication,1
excrement,1
excrescence,1
excreta,1
excrete,1
excretion,1
excretory,1
excruciating,1
excursion,1
excusable,1
excuse,1
execrable,1
execute,1
execution,1
executioner,1
executive,1
executor,1
exemplary,1
exemplification,1
exemplify,1
exempt,1
exemption,1
exercise,1
exert,1
exertion,1
exhalation,1
exhale,1
exhaust,1
exhausted,1
exhausting,1
exhaustion,1
exhaustive,1
exhibit,1
exhibition,1
exhibitionism,1
exhibitionist,1
exhilarate,1
exhilaration,1
exhort,1
exhortation,1
exhumation,1
exhume,1
exigency,1
exigent,1
exile,1
exist,1
existence,1
existent,1
existential,1
existentialism,1
existentialist,1
exit,1
exodus,1
exonerate,1
exoneration,1
exorbitance,1
exorbitant,1
exorcise,1
exorcism,1
exorcist,1
exorcize,1
exotic,1
expand,1
expandable,1
expanse,1
expansion,1
expansive,1
expatriate,1
expatriation,1
expect,1
expectancy,1
expectant,1
expectation,1
expectorate,1
expedience,1
expediency,1
expedient,1
expedite,1
expedition,1
expeditionary,1
expeditious,1
expel,1
expend,1
expendable,1
expenditure,1
expense,1
expensive,1
experience,1
experienced,1
experiment,1
experimental,1
experimentation,1
expert,1
expertise,1
expiate,1
expiation,1
expiration,1
expire,1
explain,1
explanation,1
explanatory,1
expletive,1
explicable,1
explicate,1
explication,1
explicit,1
explode,1
exploit,1
exploitation,1
exploitative,1
exploration,1
exploratory,1
explore,1
explosion,1
explosive,1
expo,1
exponent,1
exponential,1
export,1
exportation,1
expose,1
exposition,1
expository,1
expostulate,1
exposure,1
expound,1
express,1
expression,1
expressionism,1
expressionist,1
expressionless,1
expressive,1
expressly,1
expropriate,1
expropriation,1
expulsion,1
expunge,1
expurgate,1
expurgation,1
exquisite,1
extant,1
extemporaneous,1
extempore,1
extemporize,1
extend,1
extension,1
extensive,1
extent,1
extenuate,1
extenuation,1
exterior,1
exterminate,1
extermination,1
external,1
extinct,1
extinction,1
extinguish,1
extol,1
extort,1
extortion,1
extortionate,1
extortionist,1
extra,1
extract,1
extraction,1
extracurricular,1
extradite,1
extradition,1
extramarital,1
extraneous,1
extraordinary,1
extrapolate,1
extrapolation,1
extrasensory,1
extravagance,1
extravagant,1
extravaganza,1
extreme,1
extremism,1
extremist,1
extremity,1
extricate,1
extrication,1
extrinsic,1
extroversion,1
extrovert,1
extroverted,1
extrude,1
extrusion,1
exuberance,1
exuberant,1
exude,1
exult,1
exultant,1
exultation,1
eye,1
eyeful,1
eyelet,1
eyrie,1
fa,1
fable,1
fabled,1
fabric,1
fabricate,1
fabrication,1
fabulous,1
facade,1
face,1
faceless,1
facet,1
facetious,1
facial,1
facile,1
facilitate,1
facilitation,1
facility,1
facing,1
facsimile,1
fact,1
faction,1
factional,1
factionalism,1
factitious,1
factor,1
factory,1
factotum,1
factual,1
faculty,1
fad,1
faddish,1
fade,1
fag,1
faggot,1
fagot,1
fail,1
failing,1
failure,1
faint,1
fair,1
fairly,1
fairy,1
faith,1
faithful,1
faithless,1
fake,1
fakir,1
falcon,1
falconry,1
fall,1
fallacious,1
fallacy,1
fallen,1
fallibility,1
fallible,1
fallow,2
false,1
falsehood,1
falsetto,1
falsification,1
falsify,1
falsity,1
falter,1
fame,1
familial,1
familiar,1
familiarity,1
familiarize,1
family,1
famine,1
famish,1
famished,1
famous,1
fan,1
fanatic,1
fanatical,1
fanaticism,1
fancier,1
fanciful,1
fancy,1
fang,1
fanny,1
fantasize,1
fantastic,1
fantasy,1
far,1
farce,1
farcical,1
fare,1
farina,2
farm,2
farmer,2
farming,2
fart,1
farther,1
farthest,1
fascinate,1
fascinating,1
fascination,1
fascism,1
fascist,1
fashion,1
fashionable,1
fast,1
fasten,1
fastening,1
fastidious,1
fastness,1
fat,1
fatal,1
fatalism,1
fatalist,1
fatalistic,1
fatality,1
fate,1
fated,1
fateful,1
father,1
fatherhood,1
fatherless,1
fatherly,1
fathom,1
fathomless,1
fatigue,1
fatten,1
fattening,1
fatty,1
fatuous,1
faucet,1
fault,1
faultless,1
faulty,1
faun,1
fauna,1
favor,1
favorable,1
favorite,1
favoritism,1
favour,1
fawn,1
fax,1
faze,1
fealty,1
fear,1
fearful,1
fearless,1
fearsome,1
feasibility,1
feasible,1
feast,1
feat,1
feather,1
feathered,1
feathery,1
feature,1
features,1
febrile,1
fecal,1
feces,1
feckless,1
fecund,1
fecundity,1
fed,1
federal,1
federalism,1
federalist,1
federate,1
federation,1
fee,1
feeble,1
feed,1
feel,1
feeler,1
feeling,1
feelings,1
feet,1
feign,1
feint,1
feisty,1
feldspar,1
felicitous,1
felicity,1
feline,1
fell,1
fellatio,1
fellow,1
fellowship,1
felon,1
felonious,1
felony,1
felt,1
female,1
feminine,1
femininity,1
feminism,1
feminist,1
femoral,1
femur,1
fen,2
fence,1
fencing,1
fend,1
fender,1
fennel,3
feral,1
ferment,2
fermentation,2
fern,3
ferocious,1
ferocity,1
ferret,1
ferric,1
ferrous,1
ferrule,1
ferry,1
fertile,2
fertility,2
fertilization,2
fertilize,2
fertilizer,2
fervent,1
fervid,1
fervor,1
festal,1
fester,1
festival,1
festive,1
festivities,1
festivity,1
festoon,1
feta,1
fetal,1
fetch,1
fetching,1
fete,1
fetid,1
fetish,1
fetishism,1
fetishist,1
fetlock,1
fetter,1
fettle,1
fetus,1
feud,1
feudal,1
feudalism,1
fever,1
feverish,1
few,1
fey,1
fez,1
fiance,1
fiancee,1
fiasco,1
fiat,1
fib,1
fiber,1
fibre,1
fibrous,1
fibula,1
fibulae,1
fiche,1
fickle,1
fiction,1
fictional,1
fictionalize,1
fictitious,1
fiddle,1
fidelity,1
fidget,1
fidgety,1
fiduciary,1
fie,1
fief,1
field,1
fiend,1
fiendish,1
fierce,1
fiery,1
fiesta,1
fife,1
fifteen,1
fifteenth,1
fifth,1
fiftieth,1
fifty,1
fig,3
fight,1
fighter,1
figment,1
figurative,1
figure,1
figurine,1
filament,1
filbert,3
filch,1
file,1
filet,1
filial,1
filibuster,1
filigree,1
filing,1
fill,1
filler,1
fillet,1
filling,1
fillip,1
filly,1
film,1
filmy,1
filter,1
filth,1
filthy,1
filtrate,1
filtration,1
fin,1
finagle,1
final,1
finale,1
finalist,1
finality,1
finalize,1
finance,1
financial,1
financier,1
financing,1
finch,1
find,1
finding,1
fine,1
finery,1
finesse,1
finger,1
fingering,1
finicky,1
finis,1
finish,1
finite,1
fink,1
fiord,1
fir,3
fire,1
firm,1
firmament,1
first,1
firstly,1
firth,1
fiscal,1
fish,1
fisherman,1
fishery,1
fishing,1
fishy,1
fission,1
fissure,1
fist,1
fistful,1
fisticuffs,1
fit,1
fitful,1
fitting,1
five,1
fix,1
fixate,1
fixation,1
fixative,1
fixed,1
fixings,1
fixity,1
fixture,1
fizz,1
fizzle,1
fjord,1
flab,1
flabbergast,1
flabby,1
flaccid,1
flag,1
flagella,1
flagellate,1
flagellation,1
flagellum,1
flagon,1
flagrant,1
flail,1
flair,1
flak,1
flake,1
flaky,1
flambe,1
flamboyance,1
flamboyant,1
flame,1
flamenco,1
flaming,1
flamingo,1
flammability,1
flammable,1
flange,1
flank,1
flannel,1
flap,1
flapper,1
flare,1
flash,1
flasher,1
flashing,1
flashy,1
flask,1
flat,1
flatten,1
flatter,1
flattering,1
flatteringly,1
flattery,1
flatulence,1
flatulent,1
flaunt,1
flautist,1
flavor,1
flavorful,1
flavoring,1
flavorless,1
flavour,1
flaw,1
flawless,1
flax,3
flaxen,1
flay,1
flea,1
fleck,1
fled,1
fledgling,1
flee,1
fleece,1
fleecy,1
fleet,1
fleeting,1
flesh,1
fleshly,1
fleshy,1
flew,1
flex,1
flexibility,1
flexible,1
flick,1
flicker,1
flier,1
flight,1
flightless,1
flighty,1
flimsy,1
flinch,1
fling,1
flint,1
flinty,1
flip,1
flippancy,1
flippant,1
flipper,1
flirt,1
flirtation,1
flirtatious,1
flit,1
float,1
flock,1
floe,1
flog,1
flood,1
floor,1
flooring,1
floozy,1
flop,1
floppy,1
flora,3
floral,2
florid,1
florin,1
florist,2
floss,1
flotation,1
flotilla,1
flotsam,1
flounce,1
flounder,1
flour,1
flourish,2
floury,1
flout,1
flow,1
flower,3
flowery,2
flown,1
flu,1
flub,1
fluctuate,1
fluctuation,1
flue,1
fluency,1
fluent,1
fluff,1
fluffy,1
fluid,1
fluidity,1
fluke,1
fluky,1
flung,1
flunk,1
flunkey,1
flunky,1
fluorescence,1
fluorescent,1
fluoridate,1
fluoridation,1
fluoride,1
fluorine,1
fluorocarbon,1
flurry,1
flush,1
fluster,1
flute,1
flutist,1
flutter,1
fluttery,1
flux,1
fly,1
flyby,1
flyer,1
flying,1
foal,1
foam,1
foamy,1
fob,1
focal,1
foci,1
focus,1
fodder,2
foe,1
foetus,1
fog,1
fogey,1
foggy,1
fogy,1
foible,1
foil,1
foist,1
fold,1
folder,1
foliage,2
folio,1
folk,1
folksy,1
follicle,1
follow,1
follower,1
following,1
folly,1
foment,1
fond,1
fondle,1
fondue,1
font,1
food,1
fool,1
foolery,1
foolish,1
foot,1
footage,1
footing,1
footman,1
fop,1
foppish,1
for,1
forage,2
foray,1
forbad,1
forbade,1
forbear,1
forbearance,1
forbid,1
forbidden,1
forbidding,1
forbore,1
forborne,1
force,1
forced,1
forceful,1
forceps,1
forcible,1
ford,1
fore,1
forebode,1
foreboding,1
foreign,1
foreigner,1
foreman,1
forensic,1
foreseeable,1
forest,2
forester,2
forestry,2
foretaste,1
foretell,1
foretold,1
forewarn,1
forewoman,1
forfeit,1
forfeiture,1
forgave,1
forge,1
forgery,1
forget,1
forgetful,1
forgettable,1
forgivable,1
forgive,1
forgiven,1
forgiving,1
forgo,1
forgone,1
forgot,1
forgotten,1
fork,1
forked,1
forlorn,1
form,1
formal,1
formaldehyde,1
formalism,1
formality,1
formalize,1
format,1
formation,1
formative,1
former,1
formerly,1
formidable,1
formless,1
formula,1
formulae,1
formulaic,1
formulate,1
formulation,1
fornicate,1
fornication,1
forsake,1
forsaken,1
forsook,1
forsooth,1
forswear,1
forswore,1
forsworn,1
forsythia,3
fort,1
forte,1
forth,1
fortieth,1
fortification,1
fortify,1
fortissimo,1
fortitude,1
fortress,1
fortuitous,1
fortunate,1
fortune,1
forty,1
forum,1
forward,1
forwards,1
forwent,1
fossil,1
fossilization,1
fossilize,1
foster,1
fought,1
foul,1
found,1
foundation,1
founder,1
foundling,1
foundry,1
fount,1
fountain,1
four,1
foursome,1
fourteen,1
fourteenth,1
fourth,1
fowl,1
fox,1
foxy,1
foyer,1
fracas,1
fraction,1
fractional,1
fractious,1
fracture,1
fragile,1
fragility,1
fragment,1
fragmentary,1
fragmentation,1
fragrance,1
fragrant,1
frail,1
frailty,1
frame,1
franc,1
franchise,1
franchisee,1
franchiser,1
frank,1
frankfurter,1
frankincense,2
frantic,1
frappe,1
fraternal,1
fraternity,1
fraternization,1
fraternize,1
fratricide,1
fraud,1
fraudulence,1
fraudulent,1
fraught,1
fray,1
frazzle,1
freak,1
freakish,1
freaky,1
freckle,1
free,1
freebie,1
freebooter,1
freedman,1
freedom,1
freelance,1
freeman,1
freethinker,1
freewheeling,1
freeze,1
freezer,1
freight,1
freighter,1
frenetic,1
frenzied,1
frenzy,1
frequency,1
frequent,1
fresco,1
fresh,1
freshen,1
freshman,1
fret,1
fretful,1
friable,1
friar,1
fricassee,1
friction,1
fridge,1
fried,1
friend,1
friendless,1
friendly,1
friendship,1
fries,1
frieze,1
frigate,1
fright,1
frighten,1
frightened,1
frightening,1
frightful,1
frigid,1
frigidity,1
frill,1
frilly,1
fringe,1
frippery,1
frisk,1
frisky,1
fritter,1
frivolity,1
frivolous,1
frizz,1
frizzle,1
frizzy,1
fro,1
frock,1
frog,1
frogman,1
frolic,1
frolicsome,1
from,1
frond,2
front,1
frontage,1
frontal,1
frontier,1
frontiersman,1
frost,1
frosting,1
frosty,1
froth,1
frothy,1
frown,1
frowzy,1
froze,1
frozen,1
fructose,2
frugal,1
frugality,1
fruit,2
fruitful,1
fruition,1
fruitless,1
fruity,1
frump,1
frumpy,1
frustrate,1
frustrated,1
frustrating,1
frustration,1
fry,1
fryer,1
fuchsia,3
fuck,1
fucker,1
fucking,1
fuddle,1
fudge,1
fuel,1
fugitive,1
fugue,1
fulcra,1
fulcrum,1
fulfil,1
fulfill,1
fulfillment,1
full,1
fully,1
fulminate,1
fulmination,1
fulsome,1
fumble,1
fume,1
fumes,1
fumigate,1
fumigation,1
fun,1
function,1
functional,1
functionary,1
fund,1
fundamental,1
fundamentalism,1
fundamentalist,1
funeral,1
funereal,1
fungal,2
fungi,3
fungicide,2
fungous,2
fungus,3
funicular,1
funk,1
funky,1
funnel,1
funnies,1
funny,1
fur,1
furbish,1
furious,1
furl,1
furlong,1
furlough,1
furnace,1
furnish,1
furnishings,1
furniture,1
furor,1
furrier,1
furrow,1
furry,1
further,1
furtherance,1
furthest,1
furtive,1
fury,1
fuse,1
fuselage,1
fusible,1
fusillade,1
fusion,1
fuss,1
fussy,1
fusty,1
futile,1
futility,1
futon,1
future,1
futuristic,1
fuze,1
fuzz,1
fuzzy,1
gab,1
gabardine,1
gabble,1
gabby,1
gaberdine,1
gable,1
gad,1
gadabout,1
gadget,1
gadgetry,1
gaff,1
gaffe,1
gag,1
gage,1
gaggle,1
gaiety,1
gaily,1
gain,1
gainful,1
gait,1
gaiter,1
gal,1
gala,1
galactic,1
galaxy,1
gale,1
gall,1
gallant,1
gallantry,1
gallbladder,1
galleon,1
gallery,1
galley,1
gallivant,1
gallon,1
gallop,1
gallows,1
gallstone,1
galore,1
galosh,1
galvanize,1
galvanometer,1
gambit,1
gamble,1
gambling,1
gambol,1
game,1
gamesmanship,1
gamete,1
gamin,1
gamma,1
gamut,1
gamy,1
gander,1
gang,1
ganglia,1
gangling,1
ganglion,1
gangly,1
gangrene,1
gangrenous,1
gangster,1
gannet,1
gantlet,1
gantry,1
gaol,1
gap,1
gape,1
garage,1
garb,1
garbage,1
garble,1
garden,2
gardenia,3
gargantuan,1
gargle,1
gargoyle,1
garish,1
garland,1
garlic,3
garlicky,1
garment,1
garner,1
garnet,1
garnish,1
garnishee,1
garret,1
garrison,1
garrotte,1
garrulity,1
garrulous,1
garter,1
gas,1
gaseous,1
gash,1
gasket,1
gasohol,1
gasoline,1
gasp,1
gassy,1
gastric,1
gastritis,1
gastronomic,1
gastronomical,1
gastronomy,1
gate,1
gather,1
gathering,1
gauche,1
gaucho,1
gaudy,1
gauge,1
gaunt,1
gauntlet,1
gauze,1
gauzy,1
gave,1
gavel,1
gavotte,1
gawk,1
gawky,1
gay,1
gaze,1
gazebo,1
gazelle,1
gazette,1
gazetteer,1
gear,1
gee,1
geek,1
geese,1
geezer,1
geisha,1
gel,1
gelatin,1
gelatine,1
gelatinous,1
geld,1
gelding,1
gem,1
gendarme,1
gender,1
gene,1
genealogical,1
genealogist,1
genealogy,1
genera,1
general,1
generality,1
generalization,1
generalize,1
generally,1
generate,1
generation,1
generative,1
generator,1
generic,1
generosity,1
generous,1
geneses,1
genesis,1
genetic,1
geneticist,1
genetics,1
genial,1
geniality,1
genie,1
genital,1
genitalia,1
genitals,1
genitive,1
genius,1
genocide,1
genome,1
genre,1
gent,1
genteel,1
gentian,3
gentile,1
gentility,1
gentle,1
gentleman,1
gentlewoman,1
gentrification,1
gentrify,1
gentry,1
genuflect,1
genuine,1
genus,1
geodesic,1
geographer,1
geographic,1
geographical,1
geography,1
geologic,1
geological,1
geologist,1
geology,1
geometric,1
geometrical,1
geometry,1
geophysical,1
geophysics,1
geopolitics,1
geothermal,1
geranium,3
gerbil,1
geriatric,1
geriatrics,1
germ,1
germane,1
germanium,1
germicidal,1
germicide,1
germinate,2
germination,2
gerontology,1
gerund,1
gestation,1
gesticulate,1
gesticulation,1
gesture,1
gesundheit,1
get,1
getup,1
gewgaw,1
geyser,1
ghastly,1
gherkin,3
ghetto,1
ghost,1
ghoul,1
ghoulish,1
giant,1
giantess,1
gibber,1
gibberish,1
gibbet,1
gibbon,1
gibe,1
giblets,1
giddy,1
gift,1
gifted,1
gig,1
gigabyte,1
gigantic,1
giggle,1
giggly,1
gigolo,1
gild,1
gill,1
gilt,1
gimcrack,1
gimlet,1
gimmick,1
gimmickry,1
gimmicky,1
gimpy,1
gin,1
ginger,3
gingerly,1
gingham,1
gingivitis,1
ginkgo,3
ginseng,3
giraffe,1
gird,1
girder,1
girdle,1
girl,1
girlhood,1
girlish,1
girt,1
girth,1
gismo,1
gist,1
give,1
given,1
gizmo,1
gizzard,1
glacial,1
glacier,1
glad,1
gladden,1
glade,2
gladiator,1
gladiatorial,1
gladioli,3
gladiolus,3
glamor,1
glamorize,1
glamorous,1
glamour,1
glance,1
gland,1
glandular,1
glare,1
glaring,1
glass,1
glassful,1
glassy,1
glaucoma,1
glaze,1
glazier,1
gleam,1
glean,1
glee,1
gleeful,1
glen,2
glib,1
glide,1
glider,1
glimmer,1
glimpse,1
glint,1
glissando,1
glisten,1
glitch,1
glitter,1
glittery,1
glitzy,1
gloaming,1
gloat,1
glob,1
global,1
globe,1
globular,1
globule,1
glockenspiel,1
gloom,1
gloomy,1
glop,1
glorification,1
glorified,1
glorify,1
glorious,1
glory,1
gloss,1
glossary,1
glossy,1
glottis,1
glove,1
glow,1
glower,1
glowing,1
glucose,1
glue,1
gluey,1
glum,1
glut,1
gluten,1
glutinous,1
glutton,1
gluttonous,1
gluttony,1
glycerin,1
glycerine,1
glycerol,1
gnarled,1
gnash,1
gnat,1
gnaw,1
gnome,1
gnu,1
go,1
goad,1
goal,1
goalie,1
goat,1
goatee,1
gob,1
gobble,1
gobbledegook,1
gobbledygook,1
gobbler,1
goblet,1
goblin,1
god,1
goddess,1
godly,1
gofer,1
goggle,1
goggles,1
going,1
goiter,1
goitre,1
gold,1
golden,1
golf,1
golly,1
gonad,1
gondola,1
gondolier,1
gone,1
goner,1
gong,1
gonorrhea,1
goo,1
goober,1
good,1
goodie,1
goodly,1
goodness,1
goods,1
goody,1
gooey,1
goof,1
goofy,1
goon,1
goop,1
goose,1
gopher,1
gore,1
gorge,1
gorgeous,1
gorilla,1
gorse,3
gory,1
gosh,1
gosling,1
gospel,1
gossamer,1
gossip,1
gossipy,1
got,1
gotten,1
gouge,1
goulash,1
gourd,3
gourmand,1
gourmet,1
gout,1
gouty,1
govern,1
governess,1
government,1
governmental,1
governor,1
governorship,1
gown,1
grab,1
grace,1
graceful,1
graceless,1
gracious,1
grackle,1
grad,1
gradation,1
grade,1
gradient,1
gradual,1
graduate,1
graduation,1
graffiti,1
graft,1
grain,2
grainy,1
gram,1
grammar,1
grammarian,1
grammatical,1
gramme,1
granary,2
grand,1
grandee,1
grandeur,1
grandiloquence,1
grandiloquent,1
grandiose,1
grange,2
granite,1
grannie,1
granny,1
granola,1
grant,1
granular,1
granulate,1
granulation,1
granule,1
grape,3
graph,1
graphic,1
graphics,1
graphite,1
graphologist,1
graphology,1
grapnel,1
grapple,1
grasp,1
grasping,1
grass,3
grassy,2
grate,1
grateful,1
gratification,1
gratify,1
gratifying,1
grating,1
gratis,1
gratitude,1
gratuitous,1
gratuity,1
grave,1
gravel,1
gravelly,1
graven,1
gravitate,1
gravitation,1
gravitational,1
gravity,1
gravy,1
gray,1
grayish,1
graze,2
grease,1
greasy,1
great,1
grebe,1
greed,1
greedy,1
green,2
greenery,2
greenish,1
greet,1
greeting,1
greetings,1
gregarious,1
gremlin,1
grenade,1
grenadier,1
grew,1
grey,1
grid,1
griddle,1
grief,1
grievance,1
grieve,1
grievous,1
griffin,1
grill,1
grille,1
grim,1
grimace,1
grime,1
grimy,1
grin,1
grind,1
grinder,1
gringo,1
grip,1
gripe,1
grippe,1
grisly,1
grist,1
gristle,1
gristly,1
grit,1
grits,1
gritty,1
grizzled,1
grizzly,1
groan,1
grocer,1
grocery,1
grog,1
groggy,1
groin,1
grommet,1
groom,1
groove,1
groovy,1
grope,1
gross,1
grotesque,1
grotto,1
grouch,1
grouchy,1
ground,1
grounder,1
groundless,1
group,1
groupie,1
grouse,1
grout,1
grove,2
grovel,1
grow,2
growl,1
grown,1
growth,2
grub,1
grubby,1
grudge,1
gruel,1
grueling,1
gruesome,1
gruff,1
grumble,1
grumpy,1
grunge,1
grungy,1
grunt,1
guano,2
guarantee,1
guarantor,1
guaranty,1
guard,1
guarded,1
guardian,1
guardianship,1
guava,3
gubernatorial,1
guerilla,1
guerrilla,1
guess,1
guest,1
guffaw,1
guidance,1
guide,1
guild,1
guilder,1
guile,1
guileful,1
guileless,1
guillotine,1
guilt,1
guiltless,1
guilty,1
guise,1
guitar,1
guitarist,1
gulag,1
gulch,1
gulf,1
gull,1
gullet,1
gullibility,1
gullible,1
gully,1
gulp,1
gum,1
gumbo,1
gummy,1
gumption,1
gun,1
gunk,1
gunner,1
gunnery,1
guppy,1
gurgle,1
gurney,1
guru,1
gush,1
gusher,1
gushy,1
gusset,1
gust,1
gusto,1
gusty,1
gut,1
gutless,1
gutsy,1
gutter,1
guttural,1
guy,1
guzzle,1
gym,1
gymnasia,1
gymnasium,1
gymnast,1
gymnastic,1
gymnastics,1
gynecological,1
gynecologist,1
gynecology,1
gyp,1
gypsum,1
gypsy,1
gyrate,1
gyration,1
gyro,1
gyroscope,1
ha,1
haberdasher,1
haberdashery,1
habit,1
habitability,1
habitable,1
habitat,1
habitation,1
habitual,1
habituate,1
habituation,1
habitue,1
hacienda,1
hack,1
hacker,1
hackle,1
hackles,1
hackney,1
hackneyed,1
had,1
haddock,1
haft,1
hag,1
haggard,1
haggle,1
hah,1
haiku,1
hail,1
hair,1
hairless,1
hairy,1
hake,1
halberd,1
halcyon,1
hale,1
half,1
halibut,1
halitosis,1
hall,1
hallelujah,1
hallow,1
hallowed,1
hallucinate,1
hallucination,1
hallucinatory,1
hallucinogen,1
hallucinogenic,1
halo,1
halogen,1
halt,1
halter,1
halting,1
halve,1
halves,1
halyard,1
ham,1
hamlet,1
hammer,1
hammock,1
hamper,1
hamster,1
hand,1
handful,1
handle,1
handsome,1
handy,1
hang,1
hangar,1
hanger,1
hanging,1
hangman,1
hank,1
hanker,1
hankie,1
hanky,1
hansom,1
haphazard,1
hapless,1
happen,1
happening,1
happy,1
harangue,1
harass,1
harassment,1
harbinger,1
harbor,1
hard,1
harden,1
hardly,1
hardy,1
hare,1
harem,1
hark,1
harken,1
harlequin,1
harlot,1
harm,1
harmful,1
harmless,1
harmonic,1
harmonica,1
harmonious,1
harmonization,1
harmonize,1
harmony,1
harness,1
harp,1
harpist,1
harpoon,1
harpsichord,1
harpy,1
harridan,1
harrow,1
harrowing,1
harry,1
harsh,1
hart,1
harvest,2
has,1
hash,1
hashish,1
hasp,1
hassle,1
hassock,1
haste,1
hasten,1
hasty,1
hat,1
hatch,1
hatchery,1
hatchet,1
hate,1
hateful,1
hath,1
hatred,1
hatter,1
haughty,1
haul,1
haunch,1
haunt,1
haunting,1
hauteur,1
have,1
haven,1
havoc,1
haw,1
hawk,1
hawser,1
hay,2
hazard,1
hazardous,1
haze,1
hazel,3
hazy,1
he,1
head,1
heading,1
headless,1
heady,1
heal,1
health,1
healthful,1
healthy,1
heap,1
hear,1
heard,1
hearing,1
hearken,1
hearse,1
heart,1
hearten,1
hearth,1
heartily,1
hearty,1
heat,1
heated,1
heater,1
heath,3
heathen,1
heather,3
heave,1
heaven,1
heavenly,1
heavenward,1
heavy,1
heck,1
heckle,1
hectare,1
hectic,1
hector,1
hedge,2
hedgerow,2
hedonism,1
hedonist,1
hedonistic,1
heed,1
heedful,1
heedless,1
heehaw,1
heel,1
heft,1
hefty,1
hegemony,1
heifer,1
height,1
heighten,1
heinous,1
heir,1
heiress,1
heirloom,1
heist,1
held,1
helices,1
helicopter,1
heliotrope,3
heliport,1
helium,1
helix,1
hell,1
hellion,1
hellish,1
hello,1
helm,1
helmet,1
helmsman,1
help,1
helpful,1
helping,1
helpless,1
hem,1
hematology,1
hemisphere,1
hemispheric,1
hemispherical,1
hemoglobin,1
hemophilia,1
hemophiliac,1
hemorrhage,1
hemorrhoid,1
hemorrhoids,1
hemp,3
hen,1
hence,1
henchman,1
henna,3
hepatitis,1
heptagon,1
her,1
herald,1
heraldic,1
heraldry,1
herb,3
herbaceous,2
herbal,2
herbalist,2
herbicide,2
herbivore,1
herbivorous,1
herculean,1
herd,1
herdsman,1
here,1
hereditary,1
heredity,1
heresy,1
heretic,1
heretical,1
heritage,1
hermaphrodite,1
hermaphroditic,1
hermetic,1
hermit,1
hermitage,1
hernia,1
hero,1
heroic,1
heroics,1
heroin,1
heroine,1
heroism,1
heron,1
herpes,1
herring,1
hers,1
hertz,1
hesitancy,1
hesitant,1
hesitate,1
hesitation,1
heterogeneity,1
heterogeneous,1
heterosexual,1
heterosexuality,1
heuristic,1
hew,1
hewn,1
hex,1
hexagon,1
hexagonal,1
hexameter,1
hey,1
hi,1
hiatus,1
hibachi,1
hibernate,1
hibernation,1
hibiscus,3
hiccough,1
hiccup,1
hick,1
hickey,1
hickory,3
hid,1
hidden,1
hide,1
hideous,1
hierarchical,1
hierarchy,1
hieroglyphic,1
high,1
highfalutin,1
highly,1
highness,1
hike,1
hilarious,1
hilarity,1
hill,1
hillock,1
hilly,1
hilt,1
him,1
hind,1
hinder,1
hindrance,1
hinge,1
hint,1
hinterland,1
hip,1
hippie,1
hippo,1
hippopotami,1
hippopotamus,1
hippy,1
hire,1
hireling,1
hirsute,1
his,1
hiss,1
historian,1
historic,1
historical,1
history,1
histrionic,1
histrionics,1
hit,1
hitch,1
hither,1
hive,1
hives,1
ho,1
hoagie,1
hoard,1
hoarfrost,1
hoarse,1
hoary,1
hoax,1
hob,1
hobble,1
hobby,1
hobbyist,1
hobnob,1
hobo,1
hock,1
hockey,1
hod,1
hodgepodge,1
hoe,2
hog,1
hogan,1
hoggish,1
hoist,1
hokey,1
hokum,1
hold,1
holder,1
holding,1
hole,1
holiday,1
holiness,1
holistic,1
holler,1
hollow,1
holly,3
hollyhock,3
holocaust,1
hologram,1
holographic,1
holography,1
holster,1
holy,1
homage,1
homburg,1
home,1
homeless,1
homely,1
homeopathic,1
homeopathy,1
homer,1
homeward,1
homewards,1
homey,1
homicidal,1
homicide,1
homily,1
hominy,1
homogeneity,1
homogeneous,1
homogenize,1
homograph,1
homonym,1
homophobia,1
homophone,1
homosexual,1
homosexuality,1
hone,1
honest,1
honesty,3
honey,1
honeyed,1
honk,1
honor,1
honorable,1
honoraria,1
honorarium,1
honorary,1
honorific,1
hood,1
hoodlum,1
hooey,1
hoof,1
hook,1
hookah,1
hooked,1
hooker,1
hooky,1
hooligan,1
hoop,1
hoopla,1
hooray,1
hoot,1
hooves,1
hop,1
hope,1
hopeful,1
hopefully,1
hopeless,1
hopper,1
horde,1
horizon,1
horizontal,1
hormonal,1
hormone,1
horn,1
hornet,1
hornless,1
horny,1
horology,1
horoscope,1
horrendous,1
horrible,1
horrid,1
horrific,1
horrify,1
horrifying,1
horror,1
horse,1
horsemanship,1
horsewoman,1
horsey,1
horsy,1
horticultural,2
horticulture,2
horticulturist,2
hosanna,1
hose,1
hosiery,1
hospitable,1
hospital,1
hospitality,1
hospitalization,1
hospitalize,1
host,1
hostage,1
hostel,1
hostelry,1
hostess,1
hostility,1
hot,1
hotel,1
hotelier,1
hound,1
hour,1
hourly,1
house,1
housing,1
hove,1
hovel,1
hover,1
how,1
howdy,1
howitzer,1
howl,1
howler,1
howling,1
hub,1
hubbub,1
hubby,1
hubris,1
huckster,1
huddle,1
hue,1
huff,1
huffy,1
hug,1
huge,1
huh,1
hula,1
hulk,1
hulking,1
hull,1
hullabaloo,1
hum,1
human,1
humane,1
humanism,1
humanist,1
humanistic,1
humanitarian,1
humanitarianism,1
humanity,1
humanization,1
humanize,1
humanly,1
humanoid,1
humble,1
humdinger,1
humerus,1
humid,1
humidify,1
humidity,1
humiliate,1
humiliating,1
humiliation,1
humility,1
hummock,1
humongous,1
humor,1
humorist,1
humorless,1
humorous,1
humour,1
hump,1
humus,2
hunch,1
hundred,1
hundredth,1
hung,1
hunger,1
hungry,1
hunk,1
hunker,1
hunt,1
hunter,1
hunting,1
huntress,1
huntsman,1
hurdle,1
hurl,1
hurrah,1
hurray,1
hurricane,1
hurried,1
hurry,1
hurt,1
hurtful,1
hurtle,1
husband,1
husbandry,2
hush,1
husk,2
husky,1
hussy,1
hustings,1
hustle,1
hut,1
hutch,1
hyacinth,3
hybrid,1
hybridize,1
hydra,1
hydrangea,3
hydrant,1
hydrate,1
hydraulic,1
hydraulics,1
hydrocarbon,1
hydroelectric,1
hydrofoil,1
hydrogen,1
hydrology,1
hydrophobia,1
hydroplane,1
hydroponics,2
hydrotherapy,1
hyena,1
hygiene,1
hygienic,1
hygienist,1
hygrometer,1
hymen,1
hymn,1
hymnal,1
hype,1
hyper,1
hyperactive,1
hyperactivity,1
hyperbola,1
hyperbole,1
hyperbolic,1
hypercritical,1
hypersensitive,1
hypertension,1
hyperventilate,1
hyphen,1
hyphenate,1
hyphenation,1
hypnosis,1
hypnotic,1
hypnotism,1
hypnotist,1
hypnotize,1
hypo,1
hypochondria,1
hypochondriac,1
hypocrisy,1
hypocrite,1
hypocritical,1
hypodermic,1
hypoglycemia,1
hypotenuse,1
hypothalamus,1
hypothermia,1
hypotheses,1
hypothesis,1
hypothesize,1
hypothetical,1
hysterectomy,1
hysteria,1
hysteric,1
hysterical,1
hysterics,1
i,1
iambic,1
ibex,1
ibis,1
ibuprofen,1
ice,1
icicle,1
icing,1
icky,1
icon,1
iconoclast,1
icy,1
id,1
idea,1
ideal,1
idealism,1
idealist,1
idealistic,1
idealization,1
idealize,1
ideally,1
identical,1
identifiable,1
identification,1
identify,1
identity,1
ideogram,1
ideological,1
ideology,1
idiocy,1
idiom,1
idiomatic,1
idiosyncrasy,1
idiosyncratic,1
idiot,1
idiotic,1
idle,1
idol,1
idolater,1
idolatrous,1
idolatry,1
idolize,1
idyll,1
idyllic,1
if,1
iffy,1
igloo,1
igneous,1
ignite,1
ignition,1
ignoble,1
ignominious,1
ignominy,1
ignoramus,1
ignorance,1
ignorant,1
ignore,1
iguana,1
ilk,1
ill,1
illegal,1
illegality,1
illegibility,1
illegible,1
illegitimacy,1
illegitimate,1
illiberal,1
illicit,1
illiteracy,1
illiterate,1
illness,1
illogical,1
illuminate,1
illumination,1
illumine,1
illusion,1
illusive,1
illusory,1
illustrate,1
illustration,1
illustrative,1
illustrator,1
illustrious,1
image,1
imagery,1
imaginable,1
imaginary,1
imagination,1
imaginative,1
imagine,1
imbalance,1
imbecile,1
imbecilic,1
imbecility,1
imbed,1
imbibe,1
imbroglio,1
imbue,1
imitate,1
imitation,1
imitative,1
immaculate,1
immaterial,1
immature,1
immaturity,1
immeasurable,1
immediacy,1
immediate,1
immemorial,1
immense,1
immensity,1
immerse,1
immersion,1
immigrant,1
immigrate,1
immigration,1
imminence,1
imminent,1
immobile,1
immobility,1
immobilization,1
immobilize,1
immoderate,1
immodest,1
immodesty,1
immolate,1
immolation,1
immoral,1
immorality,1
immortal,1
immortality,1
immortalize,1
immovable,1
immune,1
immunity,1
immunization,1
immunize,1
immunology,1
immutability,1
immutable,1
imp,1
impact,1
impacted,1
impair,1
impairment,1
impala,1
impale,1
impalpable,1
impanel,1
impart,1
impartial,1
impartiality,1
impassable,1
impasse,1
impassioned,1
impassive,1
impassivity,1
impatience,1
impatient,1
impeach,1
impeachment,1
impeccable,1
impecunious,1
impede,1
impediment,1
impel,1
impend,1
impending,1
impenetrability,1
impenetrable,1
impenitence,1
impenitent,1
imperative,1
imperceptible,1
imperfect,1
imperfection,1
imperial,1
imperialism,1
imperialist,1
imperialistic,1
imperil,1
imperious,1
imperishable,1
impermanent,1
impermeable,1
impersonal,1
impersonate,1
impersonation,1
impertinence,1
impertinent,1
imperturbable,1
impervious,1
impetigo,1
impetuosity,1
impetuous,1
impetus,1
impiety,1
impinge,1
impingement,1
impious,1
impish,1
implacability,1
implacable,1
implant,1
implausibility,1
implausible,1
implement,1
implementation,1
implicate,1
implication,1
implicit,1
implode,1
implore,1
implosion,1
imply,1
impolite,1
impolitic,1
imponderable,1
import,1
importance,1
important,1
importation,1
importunate,1
importune,1
importunity,1
impose,1
imposing,1
imposition,1
impossibility,1
impossible,1
imposter,1
impostor,1
imposture,1
impotence,1
impotent,1
impound,1
impoverish,1
impoverishment,1
impracticable,1
impractical,1
impracticality,1
imprecation,1
imprecise,1
imprecision,1
impregnable,1
impregnate,1
impregnation,1
impresario,1
impress,1
impression,1
impressionable,1
impressionism,1
impressionist,1
impressionistic,1
impressive,1
imprimatur,1
imprint,1
imprison,1
imprisonment,1
improbability,1
improbable,1
impromptu,1
improper,1
impropriety,1
improve,1
improvement,1
improvident,1
improvisation,1
improvise,1
imprudence,1
imprudent,1
impudence,1
impudent,1
impugn,1
impulse,1
impulsive,1
impunity,1
impure,1
impurity,1
imputation,1
impute,1
in,1
inability,1
inaccessibility,1
inaccessible,1
inaccuracy,1
inaccurate,1
inaction,1
inactive,1
inactivity,1
inadequacy,1
inadequate,1
inadmissible,1
inadvertence,1
inadvertent,1
inadvisable,1
inalienable,1
inane,1
inanimate,1
inanity,1
inapplicable,1
inappropriate,1
inarticulate,1
inattention,1
inattentive,1
inaudible,1
inaugural,1
inaugurate,1
inauguration,1
inauspicious,1
incalculable,1
incandescence,1
incandescent,1
incantation,1
incapable,1
incapacitate,1
incapacity,1
incarcerate,1
incarceration,1
incarnate,1
incarnation,1
incendiary,1
incense,1
incentive,1
inception,1
incessant,1
incest,1
incestuous,1
inch,1
inchoate,1
incidence,1
incident,1
incidental,1
incidentally,1
incinerate,1
incineration,1
incinerator,1
incipient,1
incise,1
incision,1
incisive,1
incisor,1
incite,1
incitement,1
incivility,1
inclemency,1
inclement,1
inclination,1
incline,1
inclined,1
inclosure,1
include,1
including,1
inclusion,1
inclusive,1
incognito,1
incoherence,1
incoherent,1
income,1
incoming,1
incommensurate,1
incommunicado,1
incomparable,1
incompatibility,1
incompatible,1
incompetence,1
incompetent,1
incomplete,1
inconceivable,1
inconclusive,1
incongruity,1
incongruous,1
inconsequential,1
inconsiderable,1
inconsiderate,1
inconsistency,1
inconsistent,1
inconsolable,1
inconspicuous,1
inconstancy,1
inconstant,1
incontestable,1
incontinence,1
incontinent,1
inconvenience,1
inconvenient,1
incorporate,1
incorporated,1
incorporation,1
incorrect,1
incorrigible,1
incorruptible,1
increase,1
increasingly,1
incredibility,1
incredible,1
incredulity,1
incredulous,1
increment,1
incremental,1
incriminate,1
incrimination,1
incrustation,1
incubate,1
incubation,1
incubator,1
inculcate,1
inculcation,1
incumbency,1
incumbent,1
incur,1
incurable,1
incurious,1
incursion,1
indebted,1
indecency,1
indecent,1
indecipherable,1
indecision,1
indecisive,1
indecorous,1
indeed,1
indefatigable,1
indefensible,1
indefinable,1
indefinite,1
indelible,1
indelicacy,1
indelicate,1
indemnification,1
indemnify,1
indemnity,1
indent,1
indentation,1
indenture,1
independence,1
independent,1
indescribable,1
indestructible,1
indeterminable,1
indeterminate,1
index,1
indicate,1
indication,1
indicative,1
indicator,1
indices,1
indict,1
indictable,1
indictment,1
indifference,1
indifferent,1
indigence,1
indigenous,1
indigent,1
indigestible,1
indigestion,1
indignant,1
indignation,1
indignity,1
indigo,3
indirect,1
indiscreet,1
indiscretion,1
indiscriminate,1
indispensable,1
indisposed,1
indisposition,1
indisputable,1
indissoluble,1
indistinct,1
individual,1
individualism,1
individualist,1
individualistic,1
individuality,1
individualize,1
indivisible,1
indoctrinate,1
indoctrination,1
indolence,1
indolent,1
indomitable,1
indorse,1
indubitable,1
induce,1
inducement,1
induct,1
inductee,1
induction,1
inductive,1
indulge,1
indulgence,1
indulgent,1
industrial,1
industrialism,1
industrialist,1
industrialize,1
industrious,1
industry,1
inebriate,1
inebriated,1
inebriation,1
inedible,1
ineducable,1
ineffable,1
ineffective,1
ineffectual,1
inefficiency,1
inefficient,1
inelegant,1
ineligibility,1
ineligible,1
ineluctable,1
inept,1
ineptitude,1
inequality,1
inequitable,1
inequity,1
inert,1
inertia,1
inertial,1
inescapable,1
inessential,1
inestimable,1
inevitability,1
inevitable,1
inexact,1
inexcusable,1
inexhaustible,1
inexorable,1
inexpedient,1
inexpensive,1
inexperience,1
inexpert,1
inexplicable,1
inexpressible,1
inextricable,1
infallibility,1
infallible,1
infamous,1
infamy,1
infancy,1
infant,1
infanticide,1
infantile,1
infantry,1
infantryman,1
infatuate,1
infatuated,1
infatuation,1
infect,1
infection,1
infectious,1
infelicitous,1
infelicity,1
infer,1
inference,1
inferential,1
inferior,1
inferiority,1
infernal,1
inferno,1
infertile,1
infertility,1
infest,1
infestation,1
infidel,1
infidelity,1
infield,1
infighting,1
infiltrate,1
infiltration,1
infinite,1
infinitesimal,1
infinitive,1
infinitude,1
infinity,1
infirm,1
infirmary,1
infirmity,1
inflame,1
inflammable,1
inflammation,1
inflammatory,1
inflatable,1
inflate,1
inflation,1
inflationary,1
inflect,1
inflection,1
inflectional,1
inflexibility,1
inflexible,1
inflict,1
infliction,1
inflorescence,2
influence,1
influential,1
influenza,1
influx,1
info,1
infomercial,1
inform,1
informal,1
informality,1
informant,1
information,1
informative,1
informed,1
informer,1
infraction,1
infrared,1
infrastructure,1
infrequency,1
infrequent,1
infringe,1
infringement,1
infuriate,1
infuriating,1
infuse,1
infusion,1
ingenious,1
ingenue,1
ingenuity,1
ingenuous,1
ingest,1
ingestion,1
inglorious,1
ingot,1
ingrained,1
ingrate,1
ingratiate,1
ingratiating,1
ingratitude,1
ingredient,1
ingress,1
inhabit,1
inhabitable,1
inhabitant,1
inhalant,1
inhalation,1
inhalator,1
inhale,1
inhaler,1
inherent,1
inherit,1
inheritance,1
inhibit,1
inhibited,1
inhibition,1
inhospitable,1
inhuman,1
inhumane,1
inhumanity,1
inimical,1
inimitable,1
iniquitous,1
iniquity,1
initial,1
initiate,1
initiation,1
initiative,1
inject,1
injection,1
injunction,1
injure,1
injurious,1
injury,1
injustice,1
ink,1
inkling,1
inky,1
inlaid,1
inland,1
inlay,1
inlet,1
inmate,1
inmost,1
inn,1
innards,1
innate,1
inner,1
inning,1
innocence,1
innocent,1
innocuous,1
innovate,1
innovation,1
innovative,1
innuendo,1
innumerable,1
inoculate,1
inoculation,1
inoffensive,1
inoperable,1
inoperative,1
inopportune,1
inordinate,1
inorganic,1
input,1
inquest,1
inquietude,1
inquire,1
inquiry,1
inquisition,1
inquisitive,1
insane,1
insanity,1
insatiable,1
inscribe,1
inscription,1
inscrutable,1
insect,1
insecticide,1
insectivore,1
insectivorous,1
insecure,1
insecurity,1
inseminate,1
insemination,1
insensate,1
insensibility,1
insensible,1
insensitive,1
insensitivity,1
insentient,1
inseparable,1
insert,1
insertion,1
insidious,1
insight,1
insightful,1
insignia,1
insignificance,1
insignificant,1
insincere,1
insincerity,1
insinuate,1
insinuation,1
insipid,1
insist,1
insistence,1
insistent,1
insole,1
insolence,1
insolent,1
insolubility,1
insoluble,1
insolvency,1
insolvent,1
insomnia,1
insomniac,1
insouciance,1
insouciant,1
inspect,1
inspection,1
inspector,1
inspiration,1
inspirational,1
inspire,1
instability,1
install,1
installation,1
installment,1
instalment,1
instance,1
instant,1
instantaneous,1
instantly,1
instead,1
instigate,1
instigation,1
instil,1
instill,1
instinct,1
instinctive,1
institute,1
institution,1
institutional,1
instruct,1
instruction,1
instructional,1
instructions,1
instructive,1
instructor,1
instrument,1
instrumental,1
instrumentalist,1
instrumentality,1
instrumentation,1
insubordinate,1
insubordination,1
insubstantial,1
insufferable,1
insufficiency,1
insufficient,1
insular,1
insularity,1
insulate,1
insulation,1
insulin,1
insult,1
insuperable,1
insupportable,1
insurance,1
insure,1
insured,1
insurgence,1
insurgent,1
insurmountable,1
insurrection,1
insurrectionist,1
intact,1
intake,1
intangible,1
integer,1
integral,1
integrate,1
integration,1
integrity,1
integument,1
intellect,1
intellectual,1
intelligence,1
intelligent,1
intelligentsia,1
intelligibility,1
intelligible,1
intemperance,1
intemperate,1
intend,1
intended,1
intense,1
intensification,1
intensify,1
intensity,1
intensive,1
intent,1
intention,1
intentional,1
inter,1
interact,1
interaction,1
interactive,1
interbred,1
interbreed,1
intercede,1
intercept,1
interception,1
intercession,1
interchange,1
interchangeable,1
intercollegiate,1
intercom,1
interconnect,1
interconnection,1
intercourse,1
interdependence,1
interdependent,1
interdict,1
interdiction,1
interest,1
interested,1
interesting,1
interface,1
interfere,1
interference,1
interferon,1
interim,1
interior,1
interject,1
interjection,1
interlace,1
interlock,1
interloper,1
interlude,1
intermarriage,1
intermarry,1
intermediary,1
intermediate,1
interment,1
intermezzo,1
interminable,1
intermingle,1
intermission,1
intermittent,1
intern,1
internal,1
internalize,1
international,1
internecine,1
internist,1
internment,1
internship,1
interpersonal,1
interplanetary,1
interplay,1
interpolate,1
interpolation,1
interpose,1
interposition,1
interpret,1
interpretation,1
interpretative,1
interpretive,1
interracial,1
interrelate,1
interrelated,1
interrogate,1
interrogation,1
interrogative,1
interrogatory,1
interrupt,1
interruption,1
interscholastic,1
intersect,1
intersection,1
intersperse,1
interstate,1
interstellar,1
interstice,1
intertwine,1
interurban,1
interval,1
intervene,1
intervention,1
interview,1
interviewee,1
interweave,1
interwove,1
interwoven,1
intestate,1
intestinal,1
intestine,1
intimacy,1
intimate,1
intimation,1
intimidate,1
intimidation,1
into,1
intolerable,1
intolerance,1
intolerant,1
intonation,1
intone,1
intoxicant,1
intoxicate,1
intoxication,1
intractable,1
intramural,1
intransigence,1
intransigent,1
intransitive,1
intravenous,1
intrepid,1
intricacy,1
intricate,1
intrigue,1
intriguing,1
intrinsic,1
intro,1
introduce,1
introduction,1
introductory,1
introspection,1
introspective,1
introversion,1
introvert,1
intrude,1
intrusion,1
intrusive,1
intuit,1
intuition,1
intuitive,1
inundate,1
inundation,1
inure,1
invade,1
invalid,1
invalidate,1
invalidation,1
invalidity,1
invaluable,1
invariable,1
invasion,1
invasive,1
invective,1
inveigh,1
inveigle,1
invent,1
invention,1
inventive,1
inventory,1
inverse,1
inversion,1
invert,1
invertebrate,1
invest,1
investigate,1
investigation,1
investigative,1
investiture,1
investment,1
inveterate,1
invidious,1
invigorate,1
invigoration,1
invincibility,1
invincible,1
inviolability,1
inviolable,1
inviolate,1
invisibility,1
invisible,1
invitation,1
invitational,1
invite,1
inviting,1
invocation,1
invoice,1
invoke,1
involuntary,1
involve,1
involved,1
involvement,1
invulnerability,1
invulnerable,1
inward,1
inwards,1
iodine,1
iodize,1
ion,1
ionization,1
ionize,1
ionosphere,1
iota,1
ipecac,3
irascible,1
irate,1
ire,1
iridescence,1
iridescent,1
iridium,1
iris,3
irk,1
irksome,1
iron,1
ironic,1
ironical,1
ironing,1
irony,1
irradiate,1
irradiation,1
irrational,1
irrationality,1
irreconcilable,1
irrecoverable,1
irredeemable,1
irrefutable,1
irregardless,1
irregular,1
irregularity,1
irrelevance,1
irrelevant,1
irreligious,1
irremediable,1
irreparable,1
irreplaceable,1
irrepressible,1
irreproachable,1
irresistible,1
irresolute,1
irresolution,1
irrespective,1
irresponsible,1
irretrievable,1
irreverence,1
irreverent,1
irreversible,1
irrevocable,1
irrigate,2
irrigation,2
irritability,1
irritable,1
irritant,1
irritate,1
irritatingly,1
irritation,1
is,1
isinglass,1
island,1
islander,1
isle,1
islet,1
ism,1
isobar,1
isolate,1
isolation,1
isolationism,1
isolationist,1
isometric,1
isosceles,1
isotope,1
issuance,1
issue,1
isthmus,1
it,1
italic,1
italicize,1
italics,1
itch,1
itchy,1
item,1
itemize,1
iterate,1
iteration,1
itinerant,1
itinerary,1
its,1
ivory,1
ivy,3
jab,1
jabber,1
jack,1
jackal,1
jackdaw,1
jacket,1
jade,1
jaded,1
jag,1
jagged,1
jaguar,1
jail,1
jailer,1
jailor,1
jalapeno,3
jalopy,1
jalousie,1
jam,1
jamb,1
jamboree,1
jangle,1
janitor,1
jar,1
jargon,1
jasmine,3
jasper,1
jaundice,1
jaundiced,1
jaunt,1
jaunty,1
javelin,1
jaw,1
jay,1
jazz,1
jazzy,1
jealous,1
jealousy,1
jeans,1
jeer,1
jejune,1
jell,1
jelly,1
jeopardize,1
jeopardy,1
jeremiad,1
jerk,1
jerkin,1
jerky,1
jersey,1
jest,1
jester,1
jet,1
jetsam,1
jettison,1
jetty,1
jewel,1
jeweled,1
jeweler,1
jeweller,1
jewelry,1
jib,1
jibe,1
jiffy,1
jig,1
jigger,1
jiggle,1
jihad,1
jilt,1
jimmy,1
jingle,1
jingoism,1
jingoistic,1
jinrikisha,1
jinx,1
jitters,1
jittery,1
jive,1
job,1
jobber,1
jobless,1
jock,1
jockey,1
jocose,1
jocular,1
jocularity,1
jocund,1
jodhpurs,1
jog,1
jogging,1
joggle,1
john,1
join,1
joiner,1
joint,1
joist,1
joke,1
joker,1
jollity,1
jolly,1
jolt,1
jonquil,3
josh,1
jostle,1
jot,1
joule,1
jounce,1
journal,1
journalese,1
journalism,1
journalist,1
journalistic,1
journey,1
journeyman,1
joust,1
jovial,1
joviality,1
jowl,1
joy,1
joyful,1
joyless,1
joyous,1
jubilant,1
jubilation,1
jubilee,1
judge,1
judgement,1
judgment,1
judgmental,1
judicial,1
judiciary,1
judicious,1
judo,1
jug,1
juggernaut,1
juggle,1
jugular,1
juice,1
juicer,1
juicy,1
jujitsu,1
jujube,3
julep,1
julienne,1
jumble,1
jumbo,1
jump,1
jumper,1
jumpy,1
junco,1
junction,1
juncture,1
jungle,1
junior,1
juniper,3
junk,1
junket,1
junkie,1
junky,1
junta,1
juridical,1
jurisdiction,1
jurisprudence,1
jurist,1
juror,1
jury,1
just,1
justice,1
justifiable,1
justification,1
justify,1
jut,1
jute,3
juvenile,1
juxtapose,1
juxtaposition,1
kabob,1
kale,3
kaleidoscope,1
kaleidoscopic,1
kamikaze,1
kangaroo,1
kaolin,1
kapok,3
kaput,1
karakul,1
karaoke,1
karat,1
karate,1
karma,1
katydid,1
kayak,1
kazoo,1
kebab,1
keel,1
keen,1
keep,1
keeper,1
keeping,1
keg,1
kelp,3
ken,1
kennel,1
kept,1
keratin,1
kerchief,1
kernel,2
kerosene,1
ketch,1
ketchup,1
kettle,1
key,1
khaki,1
khan,1
kibbutz,1
kibbutzim,1
kibitz,1
kibitzer,1
kibosh,1
kick,1
kid,1
kiddie,1
kiddy,1
kidnaper,1
kidney,1
kielbasa,1
kill,1
killer,1
killing,1
kiln,1
kilo,1
kilobyte,1
kilocycle,1
kilogram,1
kilohertz,1
kilometer,1
kiloton,1
kilowatt,1
kilt,1
kilter,1
kimono,1
kin,1
kind,1
kindergarten,1
kindle,1
kindling,2
kindly,1
kindness,1
kindred,1
kinetic,1
kinfolks,1
king,1
kingdom,1
kingship,1
kink,1
kinky,1
kinship,1
kinsman,1
kinswoman,1
kiosk,1
kipper,1
kismet,1
kiss,1
kisser,1
kit,1
kitchen,1
kitchenette,1
kite,1
kith,1
kitsch,1
kitschy,1
kitten,1
kittenish,1
kitty,1
kiwi,3
kleptomania,1
kleptomaniac,1
klutz,1
klutzy,1
knack,1
knackwurst,1
knapsack,1
knave,1
knavery,1
knavish,1
knead,1
knee,1
kneel,1
knell,1
knelt,1
knew,1
knickers,1
knickknack,1
knife,1
knight,1
knit,1
knitting,1
knives,1
knob,1
knobby,1
knock,1
knocker,1
knockwurst,1
knoll,1
knot,1
knotty,1
know,1
knowable,1
knowing,1
knowledge,1
knowledgeable,1
known,1
knuckle,1
koala,1
kohlrabi,3
kook,1
kooky,1
kopeck,1
kosher,1
kowtow,1
krypton,1
kudos,1
kudzu,3
kumquat,3
la,1
lab,1
label,1
labial,1
labor,1
laboratory,1
labored,1
laborer,1
laborious,1
labour,1
laburnum,3
labyrinth,1
labyrinthine,1
lace,1
lacerate,1
laceration,1
lachrymal,1
lachrymose,1
lack,1
lackadaisical,1
lackey,1
lacking,1
laconic,1
lacquer,1
lacrosse,1
lactate,1
lactation,1
lactic,1
lactose,1
lacuna,1
lacunae,1
lacy,1
lad,1
ladder,1
laden,1
lading,1
ladle,1
lady,1
ladyship,1
lag,1
lager,1
laggard,1
lagoon,1
laid,1
lain,1
lair,1
laity,1
lake,1
lam,1
lama,1
lamasery,1
lamb,1
lambaste,1
lame,1
lament,1
lamentable,1
lamentation,1
laminate,1
laminated,1
lamination,1
lamp,1
lampoon,1
lamprey,1
lance,1
lancer,1
lancet,1
land,1
landed,1
landing,1
landward,1
lane,1
language,1
languid,1
languish,1
languor,1
languorous,1
lank,1
lanky,1
lanolin,1
lantern,1
lanyard,1
lap,1
lapel,1
lapidary,1
lapse,1
larboard,1
larcenous,1
larceny,1
larch,3
lard,1
larder,1
large,1
largely,1
largess,1
largesse,1
largo,1
lariat,1
lark,1
larva,1
larvae,1
larval,1
larynges,1
laryngitis,1
larynx,1
lasagna,1
lascivious,1
laser,1
lash,1
lass,1
lassie,1
lassitude,1
lasso,1
last,1
lasting,1
lastly,1
latch,1
late,1
lately,1
latency,1
latent,1
lateral,1
latex,2
lath,1
lathe,1
lather,1
latitude,1
latrine,1
latter,1
lattice,1
laud,1
laudable,1
laudanum,1
laudatory,1
laugh,1
laughable,1
laughter,1
launch,1
launder,1
laundress,1
laundry,1
laundryman,1
laureate,1
laurel,3
lava,1
lavatory,1
lavender,3
lavish,1
law,1
lawful,1
lawless,1
lawn,2
lawyer,1
lax,1
laxative,1
laxity,1
lay,1
layer,1
layette,1
layman,1
laywoman,1
laze,1
lazy,1
lea,1
leach,1
lead,1
leaden,1
leader,1
leadership,1
leading,1
leaf,2
leafless,2
leaflet,2
leafy,2
league,1
leak,1
leakage,1
leaky,1
lean,1
leaning,1
leap,1
leapt,1
learn,1
learned,1
learning,1
learnt,1
lease,1
leash,1
least,1
leather,1
leathery,1
leave,1
leaven,1
leavening,1
leaves,1
leavings,1
lecher,1
lecherous,1
lechery,1
lectern,1
lecture,1
led,1
ledge,1
ledger,1
lee,1
leech,1
leek,3
leer,1
leery,1
lees,1
left,1
leftist,1
lefty,1
leg,1
legacy,1
legal,1
legalese,1
legalism,1
legalistic,1
legality,1
legalization,1
legalize,1
legate,1
legatee,1
legation,1
legato,1
legend,1
legendary,1
legerdemain,1
legged,1
legging,1
leggings,1
leggy,1
legibility,1
legible,1
legion,1
legionnaire,1
legislate,1
legislation,1
legislative,1
legislature,1
legit,1
legitimacy,1
legitimate,1
legitimize,1
legume,3
leguminous,2
lei,1
leisure,1
leisurely,1
leitmotif,1
lemming,1
lemon,3
lemonade,1
lemony,1
lemur,1
lend,1
length,1
lengthen,1
lengthy,1
leniency,1
lenient,1
lens,1
lent,1
lentil,3
leonine,1
leopard,1
leotard,1
leper,1
leprechaun,1
leprosy,1
leprous,1
lesbian,1
lesbianism,1
lesion,1
less,1
lessee,1
lessen,1
lesser,1
lesson,1
lessor,1
lest,1
let,1
lethal,1
lethargic,1
lethargy,1
letter,1
lettering,1
lettuce,3
letup,1
leukemia,1
leukocyte,1
levee,1
level,1
lever,1
leverage,1
leviathan,1
levitate,1
levitation,1
levity,1
levy,1
lewd,1
lexical,1
lexicography,1
lexicon,1
liability,1
liable,1
liaison,1
liar,1
lib,1
libation,1
libel,1
libellous,1
libelous,1
liberal,1
liberalism,1
liberality,1
liberalization,1
liberalize,1
liberate,1
liberation,1
libertarian,1
libertine,1
liberty,1
libidinous,1
libido,1
librarian,1
library,1
libretti,1
librettist,1
libretto,1
lice,1
license,1
licensee,1
licentious,1
lichen,3
licit,1
lick,1
licking,1
licorice,3
lid,1
lie,1
lief,1
liege,1
lien,1
lieu,1
lieutenant,1
life,1
lifeless,1
lifer,1
lift,1
ligament,1
ligature,1
light,1
lighten,1
lighter,1
lighting,1
lightning,1
likable,1
like,1
likeable,1
likelihood,1
likely,1
liken,1
likeness,1
liking,1
lilac,3
lilt,1
lily,3
limb,2
limber,1
limbo,1
lime,3
limerick,1
limit,1
limitation,1
limited,1
limitless,1
limo,1
limousine,1
limp,1
limpet,1
limpid,1
limpidity,1
limy,1
linchpin,1
linden,3
line,1
lineage,1
lineal,1
lineament,1
linear,1
lineman,1
linen,1
liner,1
linesman,1
linger,1
lingerie,1
lingering,1
lingeringly,1
lingo,1
lingual,1
linguist,1
linguistic,1
linguistics,1
liniment,1
lining,1
link,1
linkage,1
links,1
linnet,1
linoleum,1
linseed,2
lint,1
lintel,1
lion,1
lioness,1
lionize,1
lip,1
lipid,1
liposuction,1
liquefaction,1
liquefy,1
liqueur,1
liquid,1
liquidate,1
liquidation,1
liquidity,1
liquor,1
lira,1
lire,1
lisle,1
lisp,1
lissom,1
lissome,1
list,1
listen,1
listing,1
listless,1
lit,1
litany,1
litchi,3
lite,1
liter,1
literacy,1
literal,1
literary,1
literate,1
literati,1
literature,1
lithe,1
lithium,1
lithograph,1
lithographic,1
lithography,1
litigant,1
litigate,1
litigation,1
litigious,1
litmus,1
litre,1
litter,1
little,1
littoral,1
liturgical,1
liturgy,1
livable,1
live,1
liveable,1
livelihood,1
lively,1
liven,1
liver,1
liverwurst,1
livery,1
lives,1
livid,1
living,1
lizard,1
llama,1
llano,1
lo,1
load,1
loaded,1
loaf,1
loam,2
loamy,2
loan,1
loaner,1
loath,1
loathe,1
loathing,1
loathsome,1
loaves,1
lob,1
lobby,1
lobbyist,1
lobe,1
lobotomy,1
lobster,1
local,1
locale,1
locality,1
localization,1
localize,1
locate,1
location,1
loch,1
loci,1
lock,1
locker,1
locket,1
loco,1
locomotion,1
locomotive,1
locus,1
locust,1
locution,1
lode,1
lodge,1
lodger,1
lodging,1
loft,1
lofty,1
log,1
logarithm,1
logarithmic,1
logging,1
logic,1
logical,1
logician,1
logistic,1
logistical,1
logistics,1
logo,1
logrolling,1
loin,1
loiter,1
loll,1
lollipop,1
lollygag,1
lollypop,1
lone,1
lonely,1
loner,1
lonesome,1
long,1
longevity,1
longing,1
longitude,1
longitudinal,1
longshoreman,1
look,1
looks,1
loom,1
loon,1
loony,1
loop,1
loose,1
loosen,1
loot,1
lop,1
lope,1
lopsided,1
loquacious,1
loquacity,1
lord,1
lordly,1
lordship,1
lore,1
lorgnette,1
lorry,1
lose,1
loss,1
lost,1
lot,1
lotion,1
lottery,1
lotus,3
loud,1
lounge,1
louse,1
lousy,1
lout,1
loutish,1
louver,1
lovable,1
love,1
loveable,1
loveless,1
lovelorn,1
lovely,1
lover,1
loving,1
low,1
lower,1
lowly,1
lox,1
loyal,1
loyalist,1
loyalty,1
lozenge,1
luau,1
lube,1
lubricant,1
lubricate,1
lubrication,1
lucid,1
lucidity,1
luck,1
lucky,1
lucrative,1
lucre,1
ludicrous,1
lug,1
luggage,1
lugubrious,1
lukewarm,1
lull,1
lullaby,1
lumbago,1
lumbar,1
lumber,1
lumberman,1
luminary,1
luminescence,1
luminescent,1
luminosity,1
luminous,1
lummox,1
lump,1
lumpy,1
lunacy,1
lunar,1
lunatic,1
lunch,1
luncheonette,1
lung,1
lunge,1
lupine,3
lupus,1
lurch,1
lure,1
lurid,1
lurk,1
luscious,1
lush,1
lust,1
luster,1
lustful,1
lustre,1
lustrous,1
lusty,1
lute,1
luxuriance,1
luxuriant,1
luxuriate,1
luxurious,1
luxury,1
lyceum,1
lye,1
lying,1
lymph,1
lymphatic,1
lynch,1
lynx,1
lyre,1
lyric,1
lyrical,1
lyricist,1
ma,1
macabre,1
macadam,1
macaroni,1
macaroon,1
macaw,1
mace,2
machete,1
machination,1
machine,1
machinery,1
machinist,1
machismo,1
macho,1
mackerel,1
mackinaw,1
mackintosh,1
macrame,1
macrobiotic,1
macrocosm,1
macron,1
mad,1
madam,1
madame,1
madden,1
maddening,1
made,1
mademoiselle,1
madman,1
madras,1
madrigal,1
madwoman,1
maelstrom,1
maestro,1
mafioso,1
magazine,1
magenta,1
maggot,1
magic,1
magical,1
magician,1
magisterial,1
magistrate,1
magma,1
magnanimity,1
magnanimous,1
magnate,1
magnesia,1
magnesium,1
magnet,1
magnetic,1
magnetization,1
magnetize,1
magneto,1
magnification,1
magnificence,1
magnificent,1
magnify,1
magnitude,1
magnolia,3
magnum,1
magpie,1
maharaja,1
maharajah,1
maharanee,1
maharani,1
maharishi,1
mahogany,3
maid,1
maiden,1
maidenhood,1
mail,1
mailer,1
mailman,1
maim,1
main,1
mainly,1
maintain,1
maintenance,1
maize,3
majestic,1
majesty,1
major,1
majority,1
make,1
maker,1
making,1
maladjusted,1
maladjustment,1
maladroit,1
malady,1
malaise,1
malapropism,1
malaria,1
malarial,1
malarkey,1
malcontent,1
male,1
malediction,1
malefactor,1
malevolence,1
malevolent,1
malfeasance,1
malformation,1
malfunction,1
malice,1
malicious,1
malign,1
malignancy,1
malignant,1
malignity,1
malinger,1
mall,1
mallard,1
malleability,1
malleable,1
mallet,1
mallow,3
malnourished,1
malnutrition,1
malodorous,1
malpractice,1
malt,1
maltreat,1
maltreatment,1
mama,1
mamma,1
mammal,1
mammalian,1
mammary,1
mammogram,1
mammography,1
mammon,1
mammoth,1
man,1
manacle,1
manage,1
manageable,1
management,1
manager,1
managerial,1
manatee,1
mandarin,1
mandate,1
mandatory,1
mandible,1
mandolin,1
mandrake,3
mandrill,1
mane,1
maneuver,1
maneuverability,1
maneuverable,1
maneuvers,1
manful,1
manganese,1
mange,1
manger,1
mangle,1
mango,3
mangy,1
mania,1
maniac,1
maniacal,1
manic,1
manicure,1
manicurist,1
manifest,1
manifestation,1
manifesto,1
manifold,1
manikin,1
manipulate,1
manipulation,1
manipulative,1
manly,1
manna,1
manned,1
mannequin,1
manner,1
mannered,1
mannerism,1
mannerly,1
mannikin,1
mannish,1
manoeuvre,1
manor,1
manorial,1
manse,1
mansion,1
mantel,1
mantilla,1
mantis,1
mantle,1
mantra,1
manual,1
manufacture,1
manufacturing,1
manure,2
manuscript,1
many,1
map,1
maple,3
mar,1
maraca,1
marathon,1
maraud,1
marble,1
march,1
marchioness,1
mare,1
margarine,1
margarita,1
margin,1
marginal,1
marginalia,1
mariachi,1
marigold,3
marihuana,3
marijuana,3
marimba,1
marina,1
marinade,1
marinate,1
marine,1
mariner,1
marionette,1
marital,1
maritime,1
marjoram,3
mark,1
marked,1
marker,1
market,1
marketability,1
marketable,1
marketing,1
marking,1
marksman,1
marksmanship,1
marlin,1
marmalade,1
marmoset,1
marmot,1
maroon,1
marquee,1
marquess,1
marquis,1
marquise,1
marriage,1
marriageable,1
married,1
marrow,2
marry,1
marsh,2
marshal,1
marshmallow,1
marshy,2
marsupial,1
mart,1
marten,1
martial,1
martin,1
martinet,1
martini,1
martyr,1
martyrdom,1
marvel,1
marvellous,1
marvelous,1
marzipan,1
mascara,1
mascot,1
masculine,1
masculinity,1
mash,1
mask,1
masochism,1
masochist,1
masochistic,1
mason,1
masonry,1
masque,1
masquerade,1
mass,1
massacre,1
massage,1
masseur,1
masseuse,1
massive,1
mast,1
mastectomy,1
master,1
masterful,1
masterly,1
mastery,1
masticate,1
mastication,1
mastiff,1
mastodon,1
mastoid,1
masturbate,1
masturbation,1
mat,1
matador,1
match,1
matchless,1
mate,1
material,1
materialism,1
materialist,1
materialistic,1
materialization,1
materialize,1
materiel,1
maternal,1
maternity,1
math,1
mathematical,1
mathematician,1
mathematics,1
matinee,1
matins,1
matriarch,1
matriarchal,1
matriarchy,1
matrices,1
matricide,1
matriculate,1
matriculation,1
matrimonial,1
matrimony,1
matrix,1
matron,1
matt,1
matte,1
matted,1
matter,1
matting,1
mattock,1
mattress,1
maturation,1
mature,1
maturity,1
matzo,1
maudlin,1
maul,1
maunder,1
mausoleum,1
mauve,1
maven,1
maverick,1
maw,1
mawkish,1
maxilla,1
maxillae,1
maxim,1
maxima,1
maximize,1
maximum,1
may,1
maybe,1
mayhem,1
mayo,1
mayonnaise,1
mayor,1
mayoral,1
mayoralty,1
maze,1
mazurka,1
me,1
mead,1
meadow,2
meager,1
meagre,1
meal,1
mealy,1
mean,1
meander,1
meaning,1
meaningful,1
meaningless,1
means,1
meant,1
measles,1
measly,1
measurable,1
measure,1
measured,1
measureless,1
measurement,1
meat,1
meaty,1
mechanic,1
mechanical,1
mechanics,1
mechanism,1
mechanistic,1
mechanization,1
mechanize,1
medal,1
medalist,1
medallion,1
meddle,1
meddlesome,1
media,1
mediaeval,1
median,1
mediate,1
mediation,1
medic,1
medical,1
medicate,1
medication,1
medicinal,1
medicine,1
medieval,1
mediocre,1
mediocrity,1
meditate,1
meditation,1
meditative,1
medium,1
medley,1
medulla,1
medullae,1
meek,1
meet,1
meeting,1
megabyte,1
megahertz,1
megalomania,1
megalomaniac,1
megalopolis,1
megaphone,1
megaton,1
melancholia,1
melancholic,1
melancholy,1
melange,1
melanin,1
melanoma,1
meld,1
melee,1
mellifluous,1
mellow,1
melodic,1
melodious,1
melodrama,1
melodramatic,1
melody,1
melon,3
melt,1
member,1
membership,1
membrane,1
membranous,1
memento,1
memo,1
memoir,1
memorabilia,1
memorable,1
memoranda,1
memorandum,1
memorial,1
memorialize,1
memorization,1
memorize,1
memory,1
men,1
menace,1
menagerie,1
mend,1
mendacious,1
mendacity,1
mendicant,1
menhaden,1
menial,1
meningitis,1
menopause,1
menorah,1
menses,1
menstrual,1
menstruate,1
menstruation,1
mental,1
mentality,1
menthol,1
mentholated,1
mention,1
mentor,1
menu,1
meow,1
mercantile,1
mercenary,1
merchandise,1
merchant,1
merchantman,1
merciful,1
merciless,1
mercurial,1
mercury,1
mercy,1
mere,1
merely,1
meretricious,1
merganser,1
merge,1
merger,1
meridian,1
meringue,1
merino,1
merit,1
meritorious,1
mermaid,1
merriment,1
merry,1
mesa,1
mescaline,1
mesdames,1
mesh,1
mesmerism,1
mesmerize,1
mesquite,3
mess,1
message,1
messenger,1
messiah,1
messy,1
mestizo,1
met,1
metabolic,1
metabolism,1
metabolize,1
metacarpal,1
metal,1
metallic,1
metallurgical,1
metallurgist,1
metallurgy,1
metamorphic,1
metamorphose,1
metamorphoses,1
metamorphosis,1
metaphor,1
metaphorical,1
metaphysical,1
metaphysics,1
metastases,1
metastasis,1
metastasize,1
mete,1
meteor,1
meteoric,1
meteorite,1
meteoroid,1
meteorological,1
meteorologist,1
meteorology,1
meter,1
methadone,1
methane,1
methanol,1
methinks,1
method,1
methodical,1
methodological,1
methodology,1
meticulous,1
metier,1
metre,1
metric,1
metrical,1
metro,1
metronome,1
metropolis,1
metropolitan,1
mettle,1
mettlesome,1
mew,1
mezzanine,1
mi,1
miasma,1
mica,1
mice,1
microbe,1
microbiologist,1
microbiology,1
microchip,1
microcomputer,1
microcosm,1
microfiche,1
microfilm,1
micrometer,1
micron,1
microorganism,1
microphone,1
microprocessor,1
microscope,1
microscopic,1
microscopy,1
microsecond,1
microsurgery,1
microwave,1
mid,1
middle,1
middling,1
middy,1
midge,1
midget,1
midriff,1
midshipman,1
midst,1
midwifery,1
mien,1
miff,1
might,1
mighty,1
migraine,1
migrant,1
migrate,1
migration,1
migratory,1
mike,1
milch,1
mild,1
mildew,2
mile,1
mileage,1
milieu,1
militancy,1
militant,1
militarism,1
militarist,1
militaristic,1
militarize,1
military,1
militate,1
militia,1
militiaman,1
milk,1
milksop,1
milky,1
mill,1
millennia,1
millennial,1
millennium,1
miller,1
millet,3
milligram,1
milliliter,1
millimeter,1
milliner,1
millinery,1
million,1
millionaire,1
millionth,1
millipede,1
millisecond,1
mime,1
mimeograph,1
mimetic,1
mimic,1
mimicry,1
mimosa,3
minaret,1
mince,1
mind,1
minded,1
mindful,1
mindless,1
mine,1
miner,1
mineral,2
mineralogist,1
mineralogy,1
minestrone,1
mingle,1
mini,1
miniature,1
miniaturization,1
miniaturize,1
minima,1
minimal,1
minimalism,1
minimalist,1
minimize,1
minimum,1
mining,1
minion,1
minister,1
ministerial,1
ministration,1
ministry,1
mink,1
minnow,1
minor,1
minority,1
minstrel,1
mint,3
minty,2
minuend,1
minuet,1
minus,1
minuscule,1
minute,1
minuteman,1
minutia,1
minutiae,1
minx,1
miracle,1
miraculous,1
mirage,1
mire,1
mirror,1
mirth,1
mirthful,1
mirthless,1
misadventure,1
misanthrope,1
misanthropic,1
misanthropy,1
misapplication,1
misapply,1
misapprehend,1
misapprehension,1
misappropriate,1
misbegotten,1
misbehave,1
misbehavior,1
miscalculate,1
miscalculation,1
miscarriage,1
miscarry,1
miscast,1
miscegenation,1
miscellaneous,1
miscellany,1
mischance,1
mischief,1
mischievous,1
misconceive,1
misconception,1
misconduct,1
misconstruction,1
misconstrue,1
miscount,1
miscreant,1
miscue,1
misdeed,1
misdemeanor,1
misdiagnose,1
misdirect,1
misdirection,1
misdoing,1
miser,1
miserable,1
misery,1
misfire,1
misfit,1
misfortune,1
misgiving,1
misgovern,1
misguided,1
misguidedly,1
mishandle,1
mishap,1
mishmash,1
misidentify,1
misinform,1
misinformation,1
misinterpret,1
misjudge,1
misjudgment,1
mislaid,1
mislay,1
mislead,1
misled,1
mismanage,1
mismanagement,1
mismatch,1
misnomer,1
misogynist,1
misogyny,1
misplace,1
misprint,1
mispronounce,1
misquotation,1
misquote,1
misread,1
misrepresent,1
misrule,1
miss,1
missal,1
misshapen,1
missile,1
missing,1
mission,1
missionary,1
missive,1
misspell,1
misspelling,1
misspelt,1
misspend,1
misspent,1
misstate,1
misstatement,1
misstep,1
mist,1
mistake,1
mistaken,1
mister,1
mistletoe,3
mistook,1
mistreat,1
mistreatment,1
mistress,1
mistrial,1
mistrust,1
mistrustful,1
misty,1
misunderstand,1
misunderstood,1
misuse,1
mite,1
miter,1
mitigate,1
mitigation,1
mitosis,1
mitt,1
mitten,1
mix,1
mixed,1
mixer,1
mixture,1
mizzenmast,1
mnemonic,1
moan,1
moat,1
mob,1
mobile,1
mobility,1
mobilization,1
mobilize,1
mobster,1
moccasin,1
mocha,1
mock,1
mockery,1
modal,1
mode,1
model,1
modem,1
moderate,1
moderation,1
moderator,1
modern,1
modernistic,1
modernity,1
modernization,1
modernize,1
modest,1
modesty,1
modicum,1
modification,1
modifier,1
modify,1
modish,1
modular,1
modulate,1
modulation,1
module,1
mogul,1
mohair,1
moiety,1
moire,1
moist,1
moisten,1
moisture,1
moisturize,1
molar,1
molasses,1
mold,1
molder,1
molding,1
moldy,1
mole,1
molecular,1
molecule,1
molest,1
molestation,1
mollification,1
mollify,1
mollusk,1
molt,1
molten,1
molybdenum,1
mom,1
moment,1
momentarily,1
momentary,1
momentous,1
momentum,1
momma,1
mommy,1
monarch,1
monarchic,1
monarchical,1
monarchism,1
monarchist,1
monarchy,1
monastery,1
monastic,1
monasticism,1
monetary,1
money,1
moneyed,1
mongoose,1
mongrel,1
moniker,1
monitor,1
monk,1
monkey,1
mono,1
monochromatic,1
monochrome,1
monocle,1
monogamous,1
monogamy,1
monogram,1
monograph,1
monolingual,1
monolith,1
monolithic,1
monolog,1
monologue,1
monomania,1
monomaniac,1
mononucleosis,1
monophonic,1
monopolist,1
monopolistic,1
monopolization,1
monopolize,1
monopoly,1
monorail,1
monosyllabic,1
monosyllable,1
monotheism,1
monotheist,1
monotheistic,1
monotone,1
monotonous,1
monotony,1
monsignor,1
monsoon,1
monster,1
monstrosity,1
monstrous,1
montage,1
month,1
monthly,1
monument,1
monumental,1
moo,1
mooch,1
mood,1
moody,1
moon,1
moor,1
mooring,1
moose,1
moot,1
mop,1
mope,1
moped,1
moppet,1
moraine,1
moral,1
morale,1
moralist,1
moralistic,1
morality,1
moralize,1
morass,1
moratoria,1
moratorium,1
morbid,1
morbidity,1
mordant,1
more,1
mores,1
morgue,1
moribund,1
morn,1
morning,1
morocco,1
moron,1
moronic,1
morose,1
morpheme,1
morphine,1
morphological,1
morphology,1
morrow,1
morsel,1
mortal,1
mortality,1
mortar,1
mortgage,1
mortgagee,1
mortgager,1
mortician,1
mortification,1
mortify,1
mortise,1
mortuary,1
mosaic,1
mosey,1
mosque,1
mosquito,1
moss,3
mossy,2
most,1
mostly,1
mote,1
motel,1
moth,1
mother,1
motherless,1
motherly,1
motif,1
motile,1
motion,1
motionless,1
motivate,1
motivation,1
motive,1
motley,1
motocross,1
motor,1
motorcade,1
motorist,1
motorize,1
mottled,1
motto,1
mould,1
moult,1
mound,1
mount,1
mountain,1
mountaineer,1
mountainous,1
mountebank,1
mounting,1
mourn,1
mournful,1
mourning,1
mouse,1
mouser,1
mousse,1
moustache,1
mousy,1
mouth,1
mouthful,1
movable,1
move,1
moveable,1
movement,1
mover,1
movie,1
moving,1
mow,2
mown,2
mozzarella,1
much,1
mucilage,1
muck,1
mucky,1
mucous,1
mucus,1
mud,1
muddle,1
muddy,1
mudslinging,1
muezzin,1
muff,1
muffin,1
muffle,1
muffler,1
mufti,1
mug,1
muggy,1
mukluk,1
mulatto,1
mulch,2
mule,1
muleteer,1
mulish,1
mull,1
mullah,1
mullet,1
multicolored,1
multicultural,1
multifaceted,1
multifarious,1
multilateral,1
multilingual,1
multimedia,1
multinational,1
multiple,1
multiplex,1
multiplicand,1
multiplication,1
multiplicity,1
multiplier,1
multiply,1
multipurpose,1
multiracial,1
multitude,1
multitudinous,1
mum,1
mumble,1
mummer,1
mummification,1
mummify,1
mummy,1
mumps,1
munch,1
munchies,1
mundane,1
municipal,1
municipality,1
munificence,1
munificent,1
munitions,1
mural,1
muralist,1
murder,1
murderess,1
murderous,1
murk,1
murky,1
murmur,1
muscatel,1
muscle,1
muscular,1
muscularity,1
musculature,1
muse,1
museum,1
mush,1
mushy,1
music,1
musical,1
musician,1
musicologist,1
musicology,1
musk,1
musket,1
musketeer,1
musky,1
muslin,1
muss,1
mussel,1
mussy,1
must,1
mustache,1
mustang,1
mustard,3
muster,1
musty,1
mutability,1
mutable,1
mutant,1
mutate,1
mutation,1
mute,1
mutilate,1
mutilation,1
mutineer,1
mutinous,1
mutiny,1
mutt,1
mutter,1
mutton,1
mutual,1
muumuu,1
muzzle,1
my,1
myna,1
mynah,1
myopia,1
myopic,1
myriad,1
myrrh,3
myrtle,3
mysterious,1
mystery,1
mystic,1
mystical,1
mysticism,1
mystification,1
mystify,1
mystique,1
myth,1
mythical,1
mythological,1
mythology,1
nab,1
nabob,1
nachos,1
nadir,1
nag,1
naiad,1
nail,1
naive,1
naivete,1
naked,1
name,1
nameless,1
namely,1
nanny,1
nanosecond,1
nap,1
napalm,1
nape,1
naphtha,1
napkin,1
narc,1
narcissi,3
narcissism,1
narcissist,1
narcissistic,1
narcissus,3
narcosis,1
narcotic,1
nark,1
narrate,1
narration,1
narrative,1
narrow,1
narwhal,1
nary,1
nasal,1
nascent,1
nasturtium,3
nasty,1
natal,1
nation,1
national,1
nationalism,1
nationalist,1
nationalistic,1
nationality,1
nationalization,1
nationalize,1
native,1
nativity,1
natty,1
natural,1
naturalism,1
naturalist,1
naturalistic,1
naturalization,1
naturalize,1
naturally,1
nature,1
naught,1
naughty,1
nausea,1
nauseate,1
nauseous,1
nautical,1
nautili,1
nautilus,1
naval,1
nave,1
navel,1
navigability,1
navigable,1
navigate,1
navigation,1
navigator,1
navy,1
nay,1
near,1
nearly,1
neat,1
neath,1
nebula,1
nebulae,1
nebular,1
nebulous,1
necessarily,1
necessary,1
necessitate,1
necessity,1
neck,1
neckerchief,1
necromancy,1
nectar,2
nectarine,3
nee,1
need,1
needful,1
needle,1
needless,1
needs,1
needy,1
nefarious,1
negate,1
negation,1
negative,1
neglect,1
neglectful,1
negligee,1
negligence,1
negligent,1
negligible,1
negotiable,1
negotiate,1
negotiation,1
neigh,1
neighbor,1
neighborhood,1
neighborly,1
neither,1
nematode,1
nemeses,1
nemesis,1
neoclassic,1
neoclassical,1
neologism,1
neon,1
neonatal,1
neophyte,1
neoprene,1
nephew,1
nepotism,1
neptunium,1
nerd,1
nerdy,1
nerve,1
nerveless,1
nervous,1
nervy,1
nest,1
nestle,1
nestling,1
net,1
nether,1
netting,1
nettle,3
nettlesome,1
network,1
networking,1
neural,1
neuralgia,1
neuralgic,1
neuritis,1
neurological,1
neurologist,1
neurology,1
neuron,1
neuroses,1
neurosis,1
neurotic,1
neuter,1
neutral,1
neutrality,1
neutralization,1
neutralize,1
neutrino,1
neutron,1
never,1
nevertheless,1
new,1
newel,1
newfangled,1
newly,1
news,1
newsy,1
newt,1
newton,1
next,1
nexus,1
niacin,1
nib,1
nibble,1
nice,1
nicety,1
niche,1
nick,1
nickel,1
nicotine,1
niece,1
nifty,1
niggardly,1
nigger,1
niggling,1
nigh,1
night,1
nightie,1
nightingale,1
nightly,1
nightmare,1
nightmarish,1
nihilism,1
nihilist,1
nihilistic,1
nil,1
nimbi,1
nimble,1
nimbus,1
nincompoop,1
nine,1
ninepins,1
nineteenth,1
ninetieth,1
ninety,1
ninny,1
ninth,1
nip,1
nipper,1
nipple,1
nippy,1
nirvana,1
nit,1
niter,1
nitrate,2
nitrogen,2
nitroglycerin,1
nitroglycerine,1
nix,1
no,1
nobility,1
noble,1
nobleman,1
noblewoman,1
nocturnal,1
nocturne,1
nod,1
node,1
nodular,1
nodule,1
noel,1
noggin,1
noise,1
noiseless,1
noisome,1
noisy,1
nomad,1
nomadic,1
nomenclature,1
nominal,1
nominate,1
nomination,1
nominative,1
nominee,1
nonagenarian,1
nonalcoholic,1
nonaligned,1
nonbeliever,1
nonce,1
nonchalance,1
nonchalant,1
noncom,1
noncombatant,1
noncommittal,1
nonconductor,1
nonconformist,1
nonconformity,1
noncooperation,1
nondairy,1
nondescript,1
none,1
nonentity,1
nonessential,1
nonetheless,1
nonevent,1
nonexempt,1
nonexistence,1
nonexistent,1
nonfat,1
nonfatal,1
nonfiction,1
nonflammable,1
nonhazardous,1
noninterference,1
nonintervention,1
nonjudgmental,1
nonmalignant,1
nonnegotiable,1
nonpareil,1
nonpartisan,1
nonpayment,1
nonplus,1
nonpolitical,1
nonpolluting,1
nonprescription,1
nonprofit,1
nonrefillable,1
nonrefundable,1
nonresident,1
nonrestrictive,1
nonscheduled,1
nonsectarian,1
nonsense,1
nonsensical,1
nonsexist,1
nonskid,1
nonsmoking,1
nonstandard,1
nonstick,1
nonstop,1
nonsupport,1
nontaxable,1
nontransferable,1
nonunion,1
nonviolence,1
nonviolent,1
nonvoting,1
noodle,1
nook,1
noon,1
noose,1
nope,1
nor,1
norm,1
normal,1
normalcy,1
normality,1
normalization,1
normalize,1
normally,1
normative,1
north,1
northerly,1
northern,1
northerner,1
northward,1
northwards,1
nose,1
nosegay,2
nosey,1
nostalgia,1
nostalgic,1
nostril,1
nostrum,1
nosy,1
not,1
notable,1
notarize,1
notary,1
notation,1
notch,1
note,1
noted,1
nothingness,1
notice,1
noticeable,1
notification,1
notify,1
notion,1
notional,1
notoriety,1
notorious,1
nougat,1
nought,1
noun,1
nourish,1
nourishment,1
nova,1
novae,1
novel,1
novelette,1
novelist,1
novella,1
novelty,1
novice,1
novitiate,1
now,1
noway,1
noxious,1
nozzle,1
nth,1
nuance,1
nub,1
nubile,1
nuclear,1
nuclei,1
nucleus,1
nude,1
nudge,1
nudism,1
nudist,1
nudity,1
nugget,1
nuisance,1
nuke,1
null,1
nullification,1
nullify,1
numb,1
number,1
numberless,1
numeral,1
numerate,1
numerator,1
numerical,1
numerology,1
numerous,1
numismatics,1
numismatist,1
nun,1
nuncio,1
nunnery,1
nuptial,1
nuptials,1
nurse,1
nursery,2
nurseryman,2
nurture,1
nut,1
nutmeg,3
nutria,1
nutrient,1
nutriment,1
nutrition,1
nutritional,1
nutritious,1
nutritive,1
nuts,1
nutty,1
nuzzle,1
nylon,1
nymph,1
nymphomania,1
nymphomaniac,1
oaf,1
oafish,1
oak,3
oaken,1
oakum,1
oar,1
oarsman,1
oases,1
oasis,1
oat,3
oath,1
oats,3
obduracy,1
obdurate,1
obedience,1
obedient,1
obeisance,1
obelisk,1
obese,1
obesity,1
obey,1
obfuscate,1
obfuscation,1
obituary,1
object,1
objection,1
objectionable,1
objective,1
objectivity,1
obligate,1
obligation,1
obligatory,1
oblige,1
obliging,1
oblique,1
obliterate,1
obliteration,1
oblivion,1
oblivious,1
oblong,1
obloquy,1
obnoxious,1
oboe,1
oboist,1
obscene,1
obscenity,1
obscure,1
obscurity,1
obsequious,1
observable,1
observance,1
observant,1
observation,1
observatory,1
observe,1
obsess,1
obsession,1
obsessive,1
obsidian,1
obsolescence,1
obsolescent,1
obsolete,1
obstacle,1
obstetric,1
obstetrician,1
obstetrics,1
obstinacy,1
obstinate,1
obstreperous,1
obstruct,1
obstruction,1
obstructionist,1
obstructive,1
obtain,1
obtainable,1
obtrude,1
obtrusive,1
obtuse,1
obverse,1
obviate,1
obvious,1
ocarina,1
occasion,1
occasional,1
occidental,1
occlude,1
occlusion,1
occult,1
occupancy,1
occupant,1
occupation,1
occupational,1
occupy,1
occur,1
occurrence,1
ocean,1
oceanic,1
oceanography,1
ocelot,1
ocher,1
ochre,1
octagon,1
octagonal,1
octane,1
octave,1
octet,1
octogenarian,1
octopi,1
octopus,1
ocular,1
oculist,1
odd,1
oddity,1
odds,1
ode,1
odious,1
odium,1
odometer,1
odor,1
odoriferous,1
odorless,1
odorous,1
odour,1
odyssey,1
of,1
off,1
offal,1
offence,1
offense,1
offensive,1
offer,1
offering,1
offertory,1
office,1
officer,1
official,1
officialdom,1
officiate,1
officious,1
offing,1
oft,1
often,1
ogle,1
ogre,1
oh,1
ohm,1
oil,1
oily,1
oink,1
ointment,1
okay,1
okra,3
old,1
olden,1
oldie,1
oleaginous,1
oleander,3
oleomargarine,1
olfactory,1
oligarch,1
oligarchy,1
olive,3
ombudsman,1
omega,1
omelet,1
omelette,1
omen,1
ominous,1
omission,1
omit,1
omnibus,1
omnipotence,1
omnipotent,1
omnipresence,1
omnipresent,1
omniscience,1
omniscient,1
omnivore,1
omnivorous,1
on,1
once,1
oncology,1
oncoming,1
one,1
oneness,1
onerous,1
onion,3
onlooker,1
only,1
onomatopoeia,1
onomatopoeic,1
onset,1
onslaught,1
onto,1
onus,1
onward,1
onwards,1
onyx,1
oodles,1
oops,1
ooze,1
opacity,1
opal,1
opalescent,1
opaque,1
open,1
opener,1
openhanded,1
opening,1
opera,1
operable,1
operate,1
operatic,1
operation,1
operational,1
operative,1
operator,1
operetta,1
ophthalmologist,1
ophthalmology,1
opiate,1
opine,1
opinion,1
opinionated,1
opium,1
opossum,1
opponent,1
opportune,1
opportunism,1
opportunist,1
opportunistic,1
opportunity,1
oppose,1
opposite,1
opposition,1
oppress,1
oppression,1
oppressive,1
opprobrious,1
opprobrium,1
opt,1
optic,1
optical,1
optician,1
optics,1
optima,1
optimal,1
optimism,1
optimist,1
optimistic,1
optimum,1
option,1
optional,1
optometrist,1
optometry,1
opulence,1
opulent,1
opus,1
or,1
oracle,1
oracular,1
oral,1
orange,3
orangeade,1
orangutan,1
orate,1
oration,1
orator,1
oratorical,1
oratorio,1
oratory,1
orb,1
orbit,1
orbital,1
orchard,2
orchestra,1
orchestral,1
orchestrate,1
orchestration,1
orchid,3
ordain,1
ordeal,1
order,1
orderly,1
ordinal,1
ordinance,1
ordinarily,1
ordinary,1
ordination,1
ordnance,1
ore,1
oregano,3
organ,1
organdie,1
organdy,1
organic,2
organism,1
organist,1
organization,1
organizational,1
organize,1
orgasm,1
orgy,1
orient,1
oriental,1
orientate,1
orientation,1
orifice,1
origami,1
origin,1
original,1
originality,1
originate,1
origination,1
oriole,1
ornament,1
ornamental,1
ornamentation,1
ornate,1
ornery,1
ornithologist,1
ornithology,1
orotund,1
orphan,1
orphanage,1
orthodontic,1
orthodontics,1
orthodontist,1
orthodox,1
orthodoxy,1
orthographic,1
orthography,1
orthopedic,1
orthopedics,1
orthopedist,1
oscillate,1
oscillation,1
oscilloscope,1
osier,3
osmosis,1
osprey,1
ossification,1
ossify,1
ostensible,1
ostentation,1
ostentatious,1
osteopath,1
osteopathy,1
osteoporosis,1
ostracism,1
ostracize,1
ostrich,1
other,1
otter,1
ottoman,1
ouch,1
ought,1
ounce,1
our,1
ours,1
oust,1
ouster,1
out,1
outdo,1
outer,1
outfit,1
outing,1
outlandish,1
outlet,1
outmoded,1
outpouring,1
outrage,1
outrageous,1
outre,1
outrigger,1
outsider,1
outskirts,1
outsourcing,1
outstretched,1
outward,1
outwardly,1
outwards,1
ova,1
oval,1
ovarian,1
ovary,1
ovation,1
oven,1
over,1
overalls,1
overate,1
overawe,1
overbalance,1
overbearing,1
overbite,1
overblown,1
overboard,1
overbook,1
overburden,1
overcame,1
overcast,1
overcautious,1
overcharge,1
overcoat,1
overcome,1
overcompensate,1
overcrowd,1
overdid,1
overdo,1
overdone,1
overdose,1
overdraft,1
overdraw,1
overdrawn,1
overdress,1
overdrew,1
overdrive,1
overdue,1
overeager,1
overeat,1
overeaten,1
overestimate,1
overexpose,1
overexposure,1
overflow,1
overgrew,2
overgrow,2
overgrown,2
overgrowth,2
overhand,1
overhang,1
overhaul,1
overhead,1
overhear,1
overheard,1
overheat,1
overhung,1
overindulgence,1
overjoyed,1
overkill,1
overlaid,1
overland,1
overlap,1
overlay,1
overload,1
overlook,1
overlord,1
overly,1
overmuch,1
overnight,1
overpaid,1
overpass,1
overplay,1
overpopulation,1
overpower,1
overprice,1
overproduce,1
overproduction,1
overprotective,1
overqualified,1
overran,1
overrate,1
overreach,1
overreact,1
overreaction,1
overridden,1
override,1
overrode,1
overrule,1
overrun,1
oversaw,1
overseas,1
oversee,1
overseen,1
oversell,1
overshadow,1
overshoe,1
overshoot,1
overshot,1
oversight,1
oversimplify,1
oversize,1
oversized,1
oversleep,1
overslept,1
overstate,1
overstatement,1
overstay,1
overstep,1
overstuffed,1
overt,1
overtake,1
overtaken,1
overtax,1
overthrew,1
overthrow,1
overthrown,1
overtime,1
overtone,1
overtook,1
overture,1
overturn,1
overview,1
overweening,1
overweight,1
overwhelm,1
overwhelming,1
overwork,1
overwrought,1
overzealous,1
oviduct,1
oviparous,1
ovoid,1
ovulate,1
ovulation,1
ovule,2
ovum,1
ow,1
owe,1
owing,1
owl,1
owlish,1
own,1
owner,1
ownership,1
ox,1
oxen,1
oxford,1
oxidation,1
oxide,1
oxidize,1
oxyacetylene,1
oxygen,1
oxygenate,1
oxymoron,1
oyster,1
ozone,1
pa,1
pace,1
pachyderm,1
pacific,1
pacification,1
pacifier,1
pacifism,1
pacifist,1
pacify,1
pack,1
package,1
packaging,1
packer,1
packet,1
packing,1
pact,1
pad,1
padding,1
paddle,1
paddock,1
paddy,2
padre,1
paean,1
pagan,1
paganism,1
page,1
pageant,1
pageantry,1
pager,1
paginate,1
pagination,1
pagoda,1
paid,1
pail,1
pailful,1
pain,1
painful,1
painless,1
paint,1
painter,1
painting,1
pair,1
paisley,1
pajamas,1
pal,1
palace,1
palatable,1
palate,1
palatial,1
palaver,1
pale,1
paleontologist,1
paleontology,1
palette,1
palimony,1
palindrome,1
paling,1
palisade,1
pall,1
palladium,1
pallet,1
palliate,1
palliative,1
pallid,1
pallor,1
palm,3
palmetto,3
palmist,1
palmistry,1
palmy,1
palomino,1
palpable,1
palpitate,1
palpitation,1
palsy,1
paltry,1
pampas,2
pamper,1
pamphlet,1
pamphleteer,1
pan,1
panacea,1
panache,1
panchromatic,1
pancreas,1
pancreatic,1
panda,1
pandemic,1
pandemonium,1
pander,1
panderer,1
pane,1
panegyric,1
panel,1
paneling,1
panelist,1
pang,1
panic,1
panicky,1
pannier,1
panoply,1
panorama,1
panoramic,1
pansy,3
pant,1
pantaloons,1
pantheism,1
pantheist,1
pantheistic,1
pantheon,1
panther,1
panties,1
pantomime,1
pantry,1
pants,1
pantyhose,1
pap,1
papa,1
papacy,1
papal,1
papaw,3
papaya,3
paper,1
papery,1
papoose,1
paprika,3
papyri,3
papyrus,3
par,1
parable,1
parabola,1
parabolic,1
parachute,1
parachutist,1
parade,1
paradigm,1
paradigmatic,1
paradise,1
paradox,1
paradoxical,1
paraffin,1
paragon,1
paragraph,1
parakeet,1
paralegal,1
parallax,1
parallel,1
parallelism,1
parallelogram,1
paralyses,1
paralysis,1
paralytic,1
paralyze,1
paramecia,1
paramecium,1
paramedic,1
paramedical,1
parameter,1
paramilitary,1
paramount,1
paramour,1
paranoia,1
paranoid,1
parapet,1
paraphernalia,1
paraphrase,1
paraplegia,1
paraplegic,1
parapsychology,1
parasite,1
parasitic,1
parasol,1
paratrooper,1
parboil,1
parcel,1
parch,1
parchment,1
pardon,1
pardonable,1
pare,1
parent,1
parentage,1
parental,1
parentheses,1
parenthesis,1
parenthetic,1
parenthetical,1
parenthood,1
parenting,1
parfait,1
pariah,1
parimutuel,1
paring,1
parish,1
parishioner,1
parity,1
park,1
parka,1
parlance,1
parlay,1
parley,1
parliament,1
parliamentarian,1
parliamentary,1
parlor,1
parochial,1
parochialism,1
parody,1
parole,1
parolee,1
paroxysm,1
parquet,1
parricide,1
parrot,1
parry,1
parse,1
parsimonious,1
parsimony,1
parsley,3
parsnip,3
parson,1
parsonage,1
part,1
partake,1
partaken,1
partial,1
partiality,1
participant,1
participate,1
participation,1
participatory,1
participial,1
participle,1
particle,1
particular,1
particularity,1
particularize,1
particularly,1
parting,1
partisan,1
partisanship,1
partition,1
partly,1
partner,1
partnership,1
partook,1
partridge,1
parturition,1
party,1
parvenu,1
paschal,1
pass,1
passable,1
passage,1
passe,1
passenger,1
passing,1
passion,1
passionate,1
passionless,1
passive,1
passivity,1
past,1
pasta,1
paste,1
pastel,1
pastern,1
pasteurization,1
pasteurize,1
pastiche,1
pastime,1
pastor,1
pastoral,2
pastrami,1
pastry,1
pasturage,2
pasture,2
pasty,1
pat,1
patch,1
patchy,1
pate,1
patella,1
patent,1
paternal,1
paternalism,1
paternalistic,1
paternity,1
path,1
pathetic,1
pathogen,1
pathogenic,1
pathological,1
pathologist,1
pathology,1
pathos,1
patience,1
patient,1
patina,1
patio,1
patois,1
patriarch,1
patriarchal,1
patriarchy,1
patrician,1
patricide,1
patrimonial,1
patrimony,1
patriot,1
patriotic,1
patriotism,1
patrol,1
patrolman,1
patron,1
patronage,1
patronize,1
patronizing,1
patronizingly,1
patsy,1
patter,1
pattern,1
patty,1
paucity,1
paunch,1
paunchy,1
pauper,1
pauperism,1
pause,1
pave,1
pavement,1
pavilion,1
paving,1
paw,1
pawn,1
pawpaw,3
pay,1
payable,1
payee,1
payment,1
pea,3
peace,1
peaceable,1
peaceful,1
peach,3
peacock,1
peahen,1
peak,1
peaked,1
peal,1
peanut,3
pear,3
pearl,1
pearly,1
peasant,1
peasantry,1
peat,2
pebble,1
pebbly,1
pecan,3
peccadillo,1
peccary,1
peck,1
pectin,1
pectoral,1
peculiar,1
peculiarity,1
pecuniary,1
pedagogic,1
pedagogical,1
pedagogue,1
pedagogy,1
pedal,1
pedant,1
pedantic,1
pedantry,1
peddle,1
pederast,1
pederasty,1
pedestal,1
pedestrian,1
pediatric,1
pediatrician,1
pediatrics,1
pedicure,1
pedigree,1
pediment,1
pedometer,1
pee,1
peek,1
peekaboo,1
peel,1
peeling,1
peep,1
peer,1
peerage,1
peerless,1
peeve,1
peevish,1
peewee,1
peg,1
pejorative,1
pelican,1
pellagra,1
pellet,1
pellucid,1
pelt,1
pelvic,1
pelvis,1
pen,1
penal,1
penalize,1
penalty,1
penance,1
pence,1
penchant,1
pencil,1
pendant,1
pendent,1
pending,1
pendulous,1
pendulum,1
penes,1
penetrable,1
penetrate,1
penetrating,1
penetration,1
penguin,1
penicillin,1
peninsula,1
peninsular,1
penis,1
penitence,1
penitent,1
penitential,1
penitentiary,1
penmanship,1
pennant,1
penniless,1
pennon,1
penny,1
penology,1
pension,1
pensive,1
pent,1
pentagon,1
pentagonal,1
pentameter,1
pentathlon,1
penultimate,1
penurious,1
penury,1
peon,1
peony,3
people,1
pep,1
pepper,3
pepperoni,1
peppery,1
peppy,1
pepsin,1
peptic,1
per,1
perambulate,1
percale,1
perceive,1
percent,1
percentage,1
percentile,1
perceptible,1
perception,1
perceptive,1
perceptual,1
perch,1
perchance,1
percolate,1
percolation,1
percolator,1
percussion,1
percussionist,1
perdition,1
peregrination,1
peremptory,1
perennial,2
perfect,1
perfectible,1
perfection,1
perfectionism,1
perfectionist,1
perfidious,1
perfidy,1
perforate,1
perforation,1
perforce,1
perform,1
performance,1
perfume,1
perfumery,1
perfunctory,1
perhaps,1
perigee,1
peril,1
perilous,1
perimeter,1
period,1
periodic,1
periodical,1
periodontal,1
peripatetic,1
peripheral,1
periphery,1
periscope,1
perish,1
perishable,1
peritonitis,1
periwinkle,3
perjure,1
perjury,1
perk,1
perky,1
perm,1
permafrost,1
permanence,1
permanent,1
permeability,1
permeable,1
permeate,1
permissible,1
permission,1
permissive,1
permit,1
permutation,1
pernicious,1
peroration,1
peroxide,1
perpendicular,1
perpetrate,1
perpetration,1
perpetual,1
perpetuate,1
perpetuation,1
perpetuity,1
perplex,1
perplexed,1
perplexity,1
perquisite,1
persecute,1
persecution,1
perseverance,1
persevere,1
persimmon,3
persist,1
persistence,1
persistent,1
persnickety,1
person,1
personable,1
personage,1
personal,1
personality,1
personalize,1
personally,1
personification,1
personify,1
personnel,1
perspective,1
perspicacious,1
perspicacity,1
perspiration,1
perspire,1
persuade,1
persuasion,1
persuasive,1
pert,1
pertain,1
pertinacious,1
pertinacity,1
pertinence,1
pertinent,1
perturb,1
perturbation,1
perusal,1
peruse,1
pervade,1
pervasive,1
perverse,1
perversion,1
perversity,1
pervert,1
peseta,1
pesky,1
peso,1
pessimism,1
pessimist,1
pessimistic,1
pest,1
pester,1
pesticide,2
pestilence,1
pestilent,1
pestle,1
pet,1
petal,2
peter,1
petiole,2
petite,1
petition,1
petrel,1
petrifaction,1
petrify,1
petrochemical,1
petrol,1
petroleum,1
petticoat,1
petty,1
petulance,1
petulant,1
petunia,3
pew,1
pewter,1
phalanges,1
phalanx,1
phalli,1
phallic,1
phallus,1
phantasm,1
phantasmagoria,1
phantasy,1
phantom,1
pharmaceutical,1
pharmacist,1
pharmacologist,1
pharmacology,1
pharmacy,1
pharyngeal,1
pharynges,1
pharynx,1
phase,1
pheasant,1
phenobarbital,1
phenomena,1
phenomenal,1
phenomenon,1
pheromone,1
phial,1
philanthropic,1
philanthropist,1
philanthropy,1
philatelist,1
philately,1
philharmonic,1
philistine,1
philodendron,3
philological,1
philologist,1
philology,1
philosopher,1
philosophic,1
philosophical,1
philosophize,1
philosophy,1
philter,1
phlebitis,1
phlegm,1
phlegmatic,1
phloem,2
phlox,3
phobia,1
phobic,1
phoebe,1
phoenix,1
phone,1
phoneme,1
phonemic,1
phonetic,1
phonetician,1
phonetics,1
phoney,1
phonic,1
phonics,1
phonograph,1
phonological,1
phonology,1
phony,1
phooey,1
phosphate,1
phosphorescence,1
phosphorescent,1
phosphorus,1
photo,1
photogenic,1
photograph,1
photography,1
photon,1
phrasal,1
phrase,1
phraseology,1
phyla,1
phylum,1
physical,1
physician,1
physicist,1
physics,1
physiognomy,1
physiological,1
physiologist,1
physiology,1
physiotherapist,1
physiotherapy,1
physique,1
pi,1
pianissimo,1
pianist,1
piano,1
piazza,1
pica,1
picaresque,1
picayune,1
piccalilli,1
piccolo,1
pick,1
pickerel,1
picket,1
pickings,1
pickle,1
picky,1
picnic,1
pictograph,1
pictorial,1
picture,1
picturesque,1
piddle,1
piddling,1
pidgin,1
pie,1
piece,1
pied,1
pier,1
pierce,1
piercing,1
piety,1
pig,1
pigeon,1
piggish,1
piggy,1
piglet,1
pigment,1
pigmentation,1
pigmy,1
pigsty,1
pike,1
pilaf,1
pilaff,1
pilaster,1
pile,1
piles,1
pilfer,1
pilgrim,1
pilgrimage,1
pill,1
pillage,1
pillar,1
pillion,1
pillory,1
pilot,1
pimento,1
pimiento,1
pimp,1
pimple,1
pimply,1
pin,1
pinafore,1
pincers,1
pinch,1
pine,3
ping,1
pinion,1
pink,1
pinkie,1
pinkish,1
pinky,1
pinnacle,1
pinochle,1
pint,1
pinto,1
pinup,1
pioneer,1
pious,1
pip,1
pipe,1
piping,1
pippin,3
piquancy,1
piquant,1
pique,1
piracy,1
piranha,1
pirate,1
piratical,1
pirouette,1
piss,1
pissed,1
pistachio,3
pistil,2
pistillate,2
pistol,1
piston,1
pit,1
pita,1
pitch,1
pitchblende,1
pitcher,1
pitchman,1
piteous,1
pith,2
pithy,1
pitiable,1
pitiful,1
pitiless,1
pittance,1
pituitary,1
pity,1
pivot,1
pivotal,1
pixel,1
pixie,1
pixy,1
pizza,1
pizzazz,1
pizzeria,1
pizzicato,1
placard,1
placate,1
place,1
placebo,1
placement,1
placenta,1
placentae,1
placental,1
placer,1
placid,1
placidity,1
plagiarism,1
plagiarist,1
plagiarize,1
plague,1
plaid,1
plain,1
plainclothesman,1
plaint,1
plaintiff,1
plaintive,1
plait,1
plan,1
plane,1
planet,1
planetaria,1
planetarium,1
planetary,1
plank,1
planking,1
plankton,1
plant,2
plantain,3
plantation,2
planter,2
plaque,1
plasma,1
plaster,1
plastered,1
plastic,1
plasticity,1
plate,1
plateau,1
plateaux,1
platen,1
platform,1
plating,1
platinum,1
platitude,1
platonic,1
platoon,1
platter,1
platypus,1
plaudit,1
plausibility,1
plausible,1
play,1
player,1
playful,1
plaza,1
plea,1
plead,1
pleasant,1
pleasantry,1
please,1
pleasing,1
pleasurable,1
pleasure,1
pleat,1
plebeian,1
plebiscite,1
plectra,1
plectrum,1
pled,1
pledge,1
plenary,1
plenipotentiary,1
plenitude,1
plenteous,1
plentiful,1
plenty,1
plethora,1
pleurisy,1
plexus,1
pliability,1
pliable,1
pliancy,1
pliant,1
pliers,1
plight,1
plinth,1
plod,1
plop,1
plot,1
plough,1
plover,1
plow,1
plowman,1
ploy,1
pluck,1
plucky,1
plug,1
plum,3
plumage,1
plumb,1
plumber,1
plumbing,1
plume,1
plummet,1
plump,1
plunder,1
plunge,1
plunger,1
plunk,1
plural,1
pluralism,1
plurality,1
pluralize,1
plus,1
plush,1
plushy,1
plutocracy,1
plutocrat,1
plutocratic,1
plutonium,1
ply,1
pneumatic,1
pneumonia,1
poach,1
pock,1
pocket,1
pocketful,1
pockmark,1
pod,2
podia,1
podiatrist,1
podiatry,1
podium,1
poem,1
poesy,1
poet,1
poetess,1
poetic,1
poetical,1
poetry,1
pogrom,1
poignancy,1
poignant,1
poinsettia,3
point,1
pointed,1
pointer,1
pointless,1
pointy,1
poise,1
poison,1
poisonous,1
poke,1
poker,1
pokey,1
poky,1
polar,1
polarity,1
polarization,1
polarize,1
pole,1
polemic,1
polemical,1
police,1
policeman,1
policewoman,1
policy,1
polio,1
poliomyelitis,1
polish,1
polite,1
politic,1
political,1
politician,1
politicize,1
politico,1
politics,1
polity,1
polka,1
poll,1
pollen,2
pollinate,2
pollination,2
polliwog,1
pollster,1
pollutant,1
pollute,1
pollution,1
pollywog,1
polo,1
polonaise,1
poltergeist,1
polyester,1
polyethylene,1
polygamist,1
polygamous,1
polygamy,1
polyglot,1
polygon,1
polygonal,1
polygraph,1
polyhedron,1
polymath,1
polymer,1
polynomial,1
polyp,1
polyphonic,1
polyphony,1
polysyllabic,1
polysyllable,1
polytechnic,1
polytheism,1
polytheist,1
polytheistic,1
polyunsaturated,1
pomade,1
pomegranate,3
pommel,1
pomp,1
pompadour,1
pompom,1
pompon,1
pomposity,1
pompous,1
poncho,1
pond,2
ponder,1
ponderous,1
poniard,1
pontiff,1
pontifical,1
pontificate,1
pontoon,1
pony,1
pooch,1
poodle,1
pooh,1
pool,1
poop,1
pooped,1
poor,1
pop,1
pope,1
poplar,3
poplin,1
poppa,1
poppy,3
populace,1
popular,1
popularity,1
popularization,1
popularize,1
populate,1
population,1
populism,1
populist,1
populous,1
porcelain,1
porch,1
porcupine,1
pore,1
pork,1
porn,1
porno,1
pornographic,1
pornography,1
porosity,1
porous,1
porphyry,1
porpoise,1
porridge,1
port,1
portability,1
portable,1
portage,1
portal,1
portcullis,1
portend,1
portent,1
portentous,1
porter,1
portfolio,1
portico,1
portion,1
portly,1
portmanteau,1
portmanteaux,1
portrait,1
portraiture,1
portray,1
portrayal,1
pose,1
poser,1
poseur,1
posh,1
posit,1
position,1
positive,1
positron,1
posse,1
possess,1
possessed,1
possession,1
possessive,1
possibility,1
possible,1
possibly,1
possum,1
post,1
postage,1
postal,1
poster,1
posterior,1
posterity,1
posthumous,1
postlude,1
postman,1
postmortem,1
postnatal,1
postpartum,1
postpone,1
postponement,1
postulate,1
posture,1
postwar,1
posy,3
pot,1
potable,1
potassium,1
potato,3
potency,1
potent,1
potentate,1
potential,1
potentiality,1
potful,1
potion,1
potpourri,1
potter,1
pottery,1
pouch,1
poultice,1
poultry,1
pounce,1
pound,1
pour,1
pout,1
poverty,1
powder,1
powdery,1
power,1
powerful,1
powerless,1
powwow,1
pox,1
practicability,1
practicable,1
practical,1
practicality,1
practically,1
practice,1
practiced,1
practise,1
practitioner,1
pragmatic,1
pragmatism,1
pragmatist,1
prairie,2
praise,1
praline,1
prance,1
prank,1
prankster,1
prate,1
pratfall,1
prattle,1
prawn,1
pray,1
prayer,1
preach,1
preacher,1
preamble,1
prearrange,1
prearrangement,1
precarious,1
precaution,1
precautionary,1
precede,1
precedence,1
precedent,1
preceding,1
precept,1
precinct,1
precious,1
precipice,1
precipitate,1
precipitation,1
precipitous,1
precis,1
precise,1
precision,1
preclude,1
precocious,1
precocity,1
preconceive,1
preconceived,1
preconception,1
precondition,1
precursor,1
predate,1
predator,1
predatory,1
predecease,1
predecessor,1
predestination,1
predestine,1
predetermine,1
predicament,1
predicate,1
predication,1
predict,1
predictable,1
prediction,1
predilection,1
predispose,1
predisposition,1
predominance,1
predominant,1
predominate,1
preeminence,1
preeminent,1
preempt,1
preemption,1
preemptive,1
preen,1
preexist,1
prefab,1
prefabricate,1
prefabrication,1
preface,1
prefatory,1
prefect,1
prefecture,1
prefer,1
preferable,1
preference,1
preferential,1
preferment,1
prefigure,1
prefix,1
pregnancy,1
pregnant,1
prehensile,1
prehistoric,1
prehistory,1
prejudge,1
prejudgment,1
prejudice,1
prejudiced,1
prejudicial,1
prelate,1
preliminary,1
prelude,1
premarital,1
premature,1
premeditate,1
premeditated,1
premeditation,1
premenstrual,1
premier,1
premiere,1
premise,1
premium,1
premonition,1
premonitory,1
prenatal,1
preoccupation,1
preoccupied,1
preoccupy,1
preordain,1
prep,1
prepackage,1
prepaid,1
preparation,1
preparatory,1
prepare,1
preparedness,1
prepay,1
preponderance,1
preponderant,1
preposition,1
prepositional,1
prepossessing,1
preposterous,1
preppie,1
preppy,1
prerecord,1
prerequisite,1
prerogative,1
presage,1
preschool,1
prescience,1
prescient,1
prescribe,1
prescription,1
prescriptive,1
presence,1
present,1
presentable,1
presentation,1
presentiment,1
presently,1
preservation,1
preservative,1
preserve,1
preset,1
preshrunk,1
preside,1
presidency,1
president,1
presidential,1
press,1
pressing,1
pressure,1
pressurization,1
pressurize,1
prestige,1
prestigious,1
presto,1
presumable,1
presumably,1
presume,1
presumption,1
presumptive,1
presumptuous,1
presuppose,1
presupposition,1
preteen,1
pretend,1
pretense,1
pretension,1
pretentious,1
preterit,1
preterite,1
preternatural,1
pretext,1
prettify,1
pretty,1
pretzel,1
prevail,1
prevailing,1
prevalence,1
prevalent,1
prevaricate,1
prevarication,1
prevent,1
preventable,1
preventative,1
prevention,1
preventive,1
preview,1
previous,1
prewar,1
prey,1
price,1
priceless,1
pricey,1
prick,1
prickle,2
prickly,2
pride,1
priest,1
priestess,1
priesthood,1
prig,1
priggish,1
prim,1
primacy,1
primal,1
primarily,1
primary,1
primate,1
prime,1
primer,1
primeval,1
primitive,1
primordial,1
primp,1
prince,1
princely,1
princess,1
principal,1
principality,1
principle,1
principled,1
print,1
printer,1
printing,1
prior,1
prioress,1
prioritize,1
priority,1
priory,1
prism,1
prismatic,1
prison,1
prisoner,1
prissy,1
pristine,1
privacy,1
private,1
privateer,1
privation,1
privet,3
privilege,1
privileged,1
privy,1
prize,1
pro,1
proactive,1
probability,1
probable,1
probate,1
probation,1
probationary,1
probationer,1
probe,1
probity,1
problem,1
problematic,1
problematical,1
proboscis,1
procedural,1
procedure,1
proceed,1
proceeding,1
proceeds,1
process,1
procession,1
processional,1
processor,1
proclaim,1
proclamation,1
proclivity,1
procrastinate,1
procrastination,1
procreate,1
procreation,1
proctor,1
procure,1
procurement,1
prod,1
prodigal,1
prodigious,1
prodigy,1
produce,1
producer,1
product,1
production,1
productive,1
productivity,1
prof,1
profanation,1
profane,1
profanity,1
profess,1
profession,1
professional,1
professionalism,1
professor,1
professorial,1
professorship,1
proffer,1
proficiency,1
proficient,1
profile,1
profit,1
profitable,1
profiteer,1
profligacy,1
profligate,1
profound,1
profundity,1
profuse,1
profusion,1
progenitor,1
progeny,1
progesterone,1
prognoses,1
prognosis,1
prognostic,1
prognosticate,1
prognostication,1
program,1
programmable,1
progress,1
progression,1
progressive,1
prohibit,1
prohibition,1
prohibitionist,1
prohibitive,1
project,1
projectile,1
projection,1
projectionist,1
projector,1
proletarian,1
proletariat,1
proliferate,1
proliferation,1
prolific,1
prolix,1
prologue,1
prolong,1
prolongation,1
prom,1
promenade,1
prominence,1
prominent,1
promiscuity,1
promiscuous,1
promise,1
promising,1
promontory,1
promote,1
promoter,1
promotion,1
promotional,1
prompt,1
promulgate,1
promulgation,1
prone,1
prong,1
pronoun,1
pronounce,1
pronounceable,1
pronounced,1
pronouncement,1
pronto,1
pronunciation,1
proof,1
prop,1
propaganda,1
propagandist,1
propagandize,1
propagate,2
propagation,2
propane,1
propel,1
propellant,1
propellent,1
propeller,1
propensity,1
proper,1
propertied,1
property,1
prophecy,1
prophesy,1
prophet,1
prophetess,1
prophetic,1
prophylactic,1
propinquity,1
propitiate,1
propitiation,1
propitiatory,1
propitious,1
proponent,1
proportion,1
proportional,1
proportionate,1
proposal,1
propose,1
proposition,1
propound,1
proprietary,1
proprietor,1
proprietress,1
propriety,1
propulsion,1
propulsive,1
prorate,1
prosaic,1
proscenium,1
proscribe,1
proscription,1
prose,1
prosecute,1
prosecution,1
proselyte,1
proselytize,1
prosody,1
prospect,1
prospective,1
prospectus,1
prosper,1
prosperity,1
prosperous,1
prostate,1
prostheses,1
prosthesis,1
prosthetic,1
prostitute,1
prostitution,1
prostrate,1
prostration,1
protagonist,1
protean,1
protect,1
protection,1
protective,1
protector,1
protectorate,1
protege,1
protein,1
protest,1
protestation,1
protocol,1
proton,1
protoplasm,1
prototype,1
protozoa,1
protozoan,1
protract,1
protraction,1
protractor,1
protrude,1
protrusion,1
protuberance,1
protuberant,1
proud,1
provable,1
prove,1
proven,1
provenance,1
provender,1
proverb,1
proverbial,1
provide,1
provided,1
providence,1
provident,1
providential,1
providing,1
province,1
provincial,1
provincialism,1
provision,1
provisional,1
proviso,1
provocation,1
provocative,1
provoke,1
provost,1
prow,1
prowess,1
prowl,1
proximity,1
proxy,1
prude,1
prudence,1
prudent,1
prudential,1
prudery,1
prudish,1
prune,2
prurience,1
prurient,1
pry,1
psalm,1
psalmist,1
pseudonym,1
psoriasis,1
psych,1
psyche,1
psychedelic,1
psychiatric,1
psychiatrist,1
psychiatry,1
psychic,1
psychical,1
psycho,1
psychoanalysis,1
psychoanalyst,1
psychoanalyze,1
psychobabble,1
psychological,1
psychologist,1
psychology,1
psychopath,1
psychopathic,1
psychoses,1
psychosis,1
psychosomatic,1
psychotherapist,1
psychotherapy,1
psychotic,1
pterodactyl,1
ptomaine,1
pub,1
puberty,1
pubescence,1
pubescent,1
pubic,1
public,1
publication,1
publicist,1
publicity,1
publicize,1
publish,1
puck,1
pucker,1
puckish,1
pudding,1
puddle,1
pudgy,1
pueblo,1
puerile,1
puff,1
puffy,1
pug,1
pugilism,1
pugilist,1
pugilistic,1
pugnacious,1
pugnacity,1
puke,1
pulchritude,1
pull,1
pullet,1
pulley,1
pulmonary,1
pulp,1
pulpit,1
pulpy,1
pulsar,1
pulsate,1
pulsation,1
pulse,1
pulverization,1
pulverize,1
puma,1
pumice,1
pummel,1
pump,1
pumpernickel,1
pumpkin,3
pun,1
punch,1
punchy,1
punctilious,1
punctual,1
punctuality,1
punctuate,1
punctuation,1
puncture,1
pundit,1
pungency,1
pungent,1
punish,1
punishable,1
punishment,1
punitive,1
punk,1
punster,1
punt,1
puny,1
pup,1
pupa,1
pupae,1
pupal,1
pupil,1
puppet,1
puppeteer,1
puppetry,1
puppy,1
purchase,1
pure,1
puree,1
purely,1
purgative,1
purgatorial,1
purgatory,1
purge,1
purification,1
purify,1
purism,1
purist,1
puritan,1
puritanical,1
puritanism,1
purity,1
purl,1
purloin,1
purple,1
purplish,1
purport,1
purpose,1
purposeful,1
purposeless,1
purposely,1
purr,1
purse,1
purser,1
pursuance,1
pursuant,1
pursue,1
pursuit,1
purvey,1
purview,1
pus,1
push,1
pusher,1
pushy,1
pusillanimity,1
pusillanimous,1
puss,1
pussy,1
pustule,1
put,1
putative,1
putrefaction,1
putrefy,1
putrescence,1
putrescent,1
putrid,1
putt,1
putter,1
putty,1
puzzle,1
puzzlement,1
pygmy,1
pyjamas,1
pylon,1
pyorrhea,1
pyramid,1
pyramidal,1
pyre,1
pyrite,1
pyromania,1
pyromaniac,1
pyrotechnic,1
pyrotechnics,1
python,1
quack,1
quackery,1
quad,1
quadrangle,1
quadrant,1
quadrilateral,1
quadrille,1
quadriplegic,1
quadruped,1
quadruple,1
quadruplet,1
quaff,1
quagmire,1
quahog,1
quail,1
quaint,1
quake,1
qualification,1
qualified,1
qualifier,1
qualify,1
qualitative,1
quality,1
qualm,1
quandary,1
quanta,1
quantify,1
quantitative,1
quantity,1
quantum,1
quarantine,1
quark,1
quarrel,1
quarrelsome,1
quarry,1
quart,1
quarter,1
quarterly,1
quartet,1
quartette,1
quarto,1
quartz,1
quasar,1
quash,1
quasi,1
quatrain,1
quaver,1
quavery,1
quay,1
queasy,1
queen,1
queer,1
quell,1
quench,1
querulous,1
query,1
quest,1
question,1
questionable,1
questioningly,1
questionnaire,1
queue,1
quibble,1
quiche,1
quick,1
quicken,1
quickie,1
quid,1
quiescence,1
quiescent,1
quiet,1
quietude,1
quill,1
quilt,1
quince,3
quinine,2
quintessence,1
quintessential,1
quintet,1
quintuple,1
quintuplet,1
quip,1
quire,1
quirk,1
quirky,1
quisling,1
quit,1
quite,1
quits,1
quitter,1
quiver,1
quixotic,1
quiz,1
quizzical,1
quoit,1
quorum,1
quota,1
quotable,1
quotation,1
quote,1
quoth,1
quotidian,1
quotient,1
rabbi,1
rabbinical,1
rabbit,1
rabble,1
rabid,1
rabies,1
raccoon,1
race,1
racial,1
racism,1
racist,1
rack,1
racket,1
racketeer,1
raconteur,1
racquet,1
racy,1
radar,1
radial,1
radiance,1
radiant,1
radiate,1
radiation,1
radiator,1
radical,1
radicalism,1
radii,1
radio,1
radiologist,1
radiology,1
radish,3
radium,1
radius,1
radon,1
raffia,3
raffish,1
raffle,1
raft,1
rafter,1
rag,1
ragamuffin,1
rage,1
ragged,1
raggedy,1
raglan,1
raid,1
rail,1
railing,1
raillery,1
raiment,1
rain,1
rainy,1
raise,1
raisin,1
raja,1
rajah,1
rake,1
rakish,1
rally,1
ram,1
ramble,1
rambler,1
rambunctious,1
ramification,1
ramify,1
ramp,1
rampage,1
rampant,1
rampart,1
ramrod,1
ramshackle,1
ran,1
ranch,1
rancid,1
rancor,1
rancorous,1
random,1
rang,1
range,1
ranger,1
rangy,1
rank,1
ranking,1
rankle,1
ransom,1
rant,1
rap,1
rapacious,1
rapacity,1
rape,3
rapid,1
rapidity,1
rapids,1
rapier,1
rapine,1
rapist,1
rapper,1
rapport,1
rapprochement,1
rapscallion,1
rapt,1
rapture,1
rapturous,1
rare,1
rarefy,1
rarely,1
raring,1
rarity,1
rascal,1
rash,1
rasher,1
rasp,1
raspy,1
rat,1
ratchet,1
rate,1
rather,1
ratification,1
ratify,1
rating,1
ratio,1
ration,1
rational,1
rationale,1
rationalism,1
rationalist,1
rationality,1
rationalization,1
rationalize,1
rations,1
rattan,3
rattle,1
rattler,1
rattling,1
ratty,1
raucous,1
raunchy,1
ravage,1
rave,1
ravel,1
raven,1
ravenous,1
ravine,1
raving,1
ravioli,1
ravish,1
ravishing,1
raw,1
rawboned,1
ray,1
rayon,1
raze,1
razor,1
razz,1
re,1
reach,1
react,1
reaction,1
reactionary,1
reactivate,1
reactivation,1
reactor,1
read,1
readability,1
readable,1
reader,1
readership,1
readily,1
reading,1
readjust,1
readjustment,1
ready,1
reagent,1
real,1
realism,1
realist,1
realistic,1
reality,1
realizable,1
realization,1
realize,1
really,1
realm,1
realty,1
ream,1
reamer,1
reanimate,1
reap,2
reaper,2
reappear,1
reappearance,1
reapportion,1
reapportionment,1
reappraisal,1
rear,1
rearm,1
rearmament,1
rearrange,1
rearrangement,1
rearward,1
rearwards,1
reason,1
reasonable,1
reasoning,1
reassessment,1
reassurance,1
reassure,1
reassuring,1
rebate,1
rebel,1
rebellion,1
rebellious,1
rebirth,1
reborn,1
rebound,1
rebuff,1
rebuild,1
rebuilt,1
rebuke,1
rebus,1
rebut,1
rebuttal,1
recalcitrance,1
recalcitrant,1
recall,1
recant,1
recantation,1
recap,1
recapitulate,1
recapitulation,1
recapture,1
recast,1
recede,1
receipt,1
receipts,1
receivable,1
receive,1
receiver,1
receivership,1
recent,1
receptacle,1
reception,1
receptionist,1
receptive,1
receptor,1
recess,1
recession,1
recessional,1
recessive,1
recipe,1
recipient,1
reciprocal,1
reciprocate,1
reciprocation,1
reciprocity,1
recital,1
recitation,1
recite,1
reckless,1
reckon,1
reckoning,1
reclaim,1
reclamation,1
recline,1
recliner,1
recluse,1
reclusive,1
recognition,1
recognizable,1
recognizance,1
recognize,1
recoil,1
recollect,1
recollection,1
recommend,1
recommendation,1
recompense,1
reconcilable,1
reconcile,1
reconciliation,1
recondite,1
recondition,1
reconnaissance,1
reconnoiter,1
reconsider,1
reconsideration,1
reconstitute,1
reconstruct,1
reconstruction,1
record,1
recorder,1
recording,1
recount,1
recoup,1
recourse,1
recover,1
recoverable,1
recovery,1
recreation,1
recreational,1
recrimination,1
recruit,1
recruitment,1
rectal,1
rectangle,1
rectangular,1
rectification,1
rectify,1
rectilinear,1
rectitude,1
rector,1
rectory,1
rectum,1
recumbent,1
recuperate,1
recuperation,1
recuperative,1
recur,1
recurrence,1
recurrent,1
recyclable,1
recycle,1
red,1
redden,1
reddish,1
redecorate,1
redeem,1
redeemable,1
redemption,1
redevelop,1
redevelopment,1
redid,1
redirect,1
redistribute,1
redistribution,1
redo,1
redolence,1
redolent,1
redone,1
redouble,1
redoubtable,1
redound,1
redress,1
reduce,1
reduction,1
redundancy,1
redundant,1
reed,3
reeducate,1
reedy,2
reef,1
reefer,1
reek,1
reel,1
reelect,1
reelection,1
reemphasize,1
reenactment,1
reenlist,1
reentry,1
ref,1
refectory,1
refer,1
referee,1
reference,1
referenda,1
referendum,1
referral,1
refill,1
refillable,1
refinance,1
refine,1
refined,1
refinement,1
refinery,1
refinish,1
refit,1
reflect,1
reflection,1
reflective,1
reflector,1
reflex,1
reflexes,1
reflexive,1
reforest,2
reforestation,2
reform,1
reformation,1
reformatory,1
reformer,1
refract,1
refraction,1
refractory,1
refrain,1
refresh,1
refreshing,1
refreshment,1
refreshments,1
refrigerant,1
refrigerate,1
refrigeration,1
refrigerator,1
refuel,1
refuge,1
refugee,1
refulgence,1
refulgent,1
refund,1
refundable,1
refurbish,1
refurbishment,1
refusal,1
refuse,1
refutation,1
refute,1
regain,1
regal,1
regale,1
regalia,1
regard,1
regarding,1
regardless,1
regatta,1
regency,1
regenerate,1
regeneration,1
regenerative,1
regent,1
reggae,1
regicide,1
regime,1
regimen,1
regiment,1
regimental,1
regimentation,1
region,1
regional,1
register,1
registrar,1
registration,1
registry,1
regress,1
regression,1
regressive,1
regret,1
regretful,1
regrettable,1
regroup,1
regular,1
regularity,1
regularize,1
regulate,1
regulation,1
regulatory,1
regurgitate,1
regurgitation,1
rehab,1
rehabilitate,1
rehabilitation,1
rehash,1
rehearsal,1
rehearse,1
reheat,1
reign,1
reimburse,1
reimbursement,1
rein,1
reincarnate,1
reincarnation,1
reindeer,1
reinforce,1
reinforcement,1
reinforcements,1
reinstate,1
reinstatement,1
reinvent,1
reiterate,1
reiteration,1
reject,1
rejection,1
rejoice,1
rejoin,1
rejoinder,1
rejuvenate,1
rejuvenation,1
relapse,1
relate,1
related,1
relation,1
relationship,1
relative,1
relativity,1
relax,1
relaxant,1
relaxation,1
relay,1
release,1
relegate,1
relegation,1
relent,1
relentless,1
relevance,1
relevancy,1
relevant,1
reliability,1
reliable,1
reliance,1
reliant,1
relic,1
relief,1
relieve,1
religion,1
religious,1
relinquish,1
relinquishment,1
relish,1
relive,1
relocate,1
relocation,1
reluctance,1
reluctant,1
rely,1
remade,1
remain,1
remainder,1
remaining,1
remains,1
remake,1
remand,1
remark,1
remarkable,1
remarriage,1
remarry,1
remedial,1
remedy,1
remember,1
remembrance,1
remind,1
reminisce,1
reminiscence,1
reminiscent,1
remiss,1
remission,1
remit,1
remittance,1
remnant,1
remodel,1
remonstrance,1
remonstrate,1
remorse,1
remorseful,1
remorseless,1
remote,1
removable,1
removal,1
remove,1
remover,1
remunerate,1
remuneration,1
remunerative,1
renaissance,1
renal,1
rename,1
renascence,1
renascent,1
rend,1
render,1
rendering,1
rendezvous,1
rendition,1
renegade,1
renege,1
renew,1
renewable,1
renewal,1
rennet,1
renounce,1
renovate,1
renovation,1
renown,1
renowned,1
rent,1
rental,1
renunciation,1
reopen,1
reorder,1
reorganization,1
reorganize,1
rep,1
repaid,1
repair,1
repairable,1
repairman,1
reparation,1
repartee,1
repast,1
repatriate,1
repatriation,1
repay,1
repayable,1
repayment,1
repeal,1
repeat,1
repeated,1
repel,1
repellent,1
repent,1
repentance,1
repentant,1
repercussion,1
repertoire,1
repertory,1
repetition,1
repetitious,1
repetitive,1
rephrase,1
replace,1
replaceable,1
replacement,1
replay,1
replenish,1
replenishment,1
replete,1
repletion,1
replica,1
replicate,1
replication,1
reply,1
report,1
reportage,1
reporter,1
repose,1
repository,1
repossess,1
repossession,1
reprehend,1
reprehensible,1
represent,1
representation,1
representative,1
repress,1
repression,1
repressive,1
reprieve,1
reprimand,1
reprint,1
reprisal,1
reprise,1
reproach,1
reproachful,1
reprobate,1
reproduce,1
reproducible,1
reproduction,1
reproductive,1
reproof,1
reprove,1
reptile,1
reptilian,1
republic,1
republican,1
republicanism,1
repudiate,1
repudiation,1
repugnance,1
repugnant,1
repulse,1
repulsion,1
repulsive,1
reputable,1
reputation,1
repute,1
reputed,1
request,1
requiem,1
require,1
requirement,1
requisite,1
requisition,1
requital,1
requite,1
rerun,1
resale,1
rescind,1
rescue,1
research,1
resemblance,1
resemble,1
resent,1
resentful,1
resentment,1
reservation,1
reserve,1
reserved,1
reserves,1
reservist,1
reservoir,1
reset,1
reshuffle,1
reside,1
residence,1
residency,1
resident,1
residential,1
residual,1
residue,1
resign,1
resignation,1
resigned,1
resilience,1
resiliency,1
resilient,1
resin,2
resinous,2
resist,1
resistance,1
resistant,1
resistor,1
resold,1
resolute,1
resolution,1
resolve,1
resolved,1
resonance,1
resonant,1
resonate,1
resonator,1
resort,1
resound,1
resounding,1
resource,1
resourceful,1
respect,1
respectability,1
respectable,1
respectful,1
respecting,1
respective,1
respectively,1
respiration,1
respirator,1
respiratory,1
respire,1
respite,1
resplendence,1
resplendent,1
respond,1
respondent,1
response,1
responsibility,1
responsible,1
responsive,1
rest,1
restate,1
restatement,1
restaurant,1
restaurateur,1
restful,1
restitution,1
restive,1
restless,1
restoration,1
restorative,1
restore,1
restrain,1
restrained,1
restraint,1
restrict,1
restricted,1
restriction,1
restrictive,1
restructure,1
result,1
resultant,1
resume,1
resumption,1
resurface,1
resurgence,1
resurgent,1
resurrect,1
resurrection,1
resuscitate,1
resuscitation,1
retail,1
retain,1
retainer,1
retake,1
retaken,1
retaliate,1
retaliation,1
retaliatory,1
retard,1
retardation,1
retarded,1
retch,1
retention,1
retentive,1
rethink,1
rethought,1
reticence,1
reticent,1
retina,1
retinae,1
retinal,1
retinue,1
retire,1
retired,1
retiree,1
retirement,1
retiring,1
retold,1
retook,1
retool,1
retort,1
retouch,1
retrace,1
retract,1
retractable,1
retraction,1
retread,1
retreat,1
retrench,1
retrenchment,1
retrial,1
retribution,1
retributive,1
retrieval,1
retrieve,1
retriever,1
retroactive,1
retrograde,1
retrogress,1
retrogression,1
retrogressive,1
retrorocket,1
retrospect,1
retrospection,1
retrospective,1
return,1
returnable,1
returnee,1
reunification,1
reunify,1
reunion,1
reunite,1
reupholster,1
reusable,1
reuse,1
rev,1
revalue,1
revamp,1
reveal,1
revealing,1
reveille,1
revel,1
revelation,1
reveller,1
revelry,1
revenge,1
revengeful,1
revenue,1
reverberate,1
reverberation,1
revere,1
reverence,1
reverend,1
reverent,1
reverential,1
reverie,1
reversal,1
reverse,1
reversible,1
reversion,1
revert,1
review,1
revile,1
revise,1
revision,1
revitalization,1
revitalize,1
revival,1
revivalist,1
revive,1
revivify,1
revocable,1
revocation,1
revoke,1
revolt,1
revolting,1
revolution,1
revolutionary,1
revolutionist,1
revolutionize,1
revolve,1
revolver,1
revue,1
revulsion,1
reward,1
rewarding,1
rewind,1
reword,1
rework,1
rewound,1
rewrite,1
rewritten,1
rewrote,1
rhapsodic,1
rhapsodize,1
rhapsody,1
rhea,1
rheostat,1
rhetoric,1
rhetorical,1
rhetorician,1
rheum,1
rheumatic,1
rheumatism,1
rheumy,1
rhinestone,1
rhino,1
rhinoceros,1
rhizome,2
rhododendron,3
rhomboid,1
rhombus,1
rhubarb,3
rhyme,1
rhythm,1
rhythmic,1
rhythmical,1
rib,1
ribald,1
ribaldry,1
ribbon,1
riboflavin,1
rice,3
rich,1
riches,1
rick,1
rickets,1
rickety,1
ricksha,1
rickshaw,1
ricochet,1
ricotta,1
rid,1
riddance,1
ridden,1
riddle,1
ride,1
rider,1
ridge,1
ridicule,1
ridiculous,1
rife,1
riff,1
riffle,1
riffraff,1
rifle,1
rifleman,1
rift,1
rig,1
rigamarole,1
rigging,1
right,1
righteous,1
rightful,1
rightist,1
rigid,1
rigidity,1
rigmarole,1
rigor,1
rigorous,1
rile,1
rill,1
rim,1
rime,1
rind,2
ring,1
ringer,1
ringlet,1
rink,1
rinse,1
riot,1
riotous,1
rip,1
ripe,1
ripen,2
riposte,1
ripple,1
rise,1
risen,1
riser,1
risible,1
risk,1
risky,1
risque,1
rite,1
ritual,1
ritualism,1
ritzy,1
rival,1
rivalry,1
riven,1
river,1
rivet,1
rivulet,1
roach,1
road,1
roam,1
roan,1
roar,1
roaring,1
roast,1
rob,1
robbery,1
robe,1
robin,1
robot,1
robotic,1
robotics,1
robust,1
rock,1
rocker,1
rocket,1
rocketry,1
rocky,1
rococo,1
rod,1
rode,1
rodent,1
rodeo,1
roe,1
roentgen,1
roger,1
rogue,1
roguery,1
roguish,1
roil,1
role,1
roll,1
roller,1
rollicking,1
romaine,3
romance,1
romantic,1
romanticism,1
romanticize,1
romp,1
rompers,1
roof,1
roofing,1
rook,1
rookery,1
rookie,1
room,1
roomer,1
roomful,1
roomy,1
roost,1
rooster,1
root,2
rootless,1
rope,1
rosary,1
rose,3
roseate,1
rosemary,3
rosette,1
rosin,2
roster,1
rostra,1
rostrum,1
rosy,1
rot,1
rotary,1
rotate,1
rotation,1
rote,1
rotisserie,1
rotogravure,1
rotor,1
rotten,1
rotund,1
rotunda,1
rotundity,1
roue,1
rouge,1
rough,1
roughage,2
roughen,1
roughshod,1
roulette,1
round,1
roundish,1
roundly,1
rouse,1
rousing,1
roustabout,1
rout,1
route,1
routine,1
rove,1
row,1
rowdy,1
rowdyism,1
royal,1
royalist,1
royalty,1
rub,1
rubber,1
rubberize,1
rubbery,1
rubbish,1
rubble,1
rubella,1
rubicund,1
ruble,1
rubric,1
ruby,1
rucksack,1
ruckus,1
rudder,1
ruddy,1
rude,1
rudiment,1
rudimentary,1
rue,1
rueful,1
ruff,1
ruffian,1
ruffle,1
rug,1
rugby,1
rugged,1
ruin,1
ruination,1
ruinous,1
ruins,1
rule,1
ruler,1
ruling,1
rum,1
rumba,1
rumble,1
ruminant,1
ruminate,1
rumination,1
rummage,1
rummy,1
rumor,1
rump,1
rumple,1
rumpus,1
run,1
rune,1
rung,1
runner,1
running,1
runny,1
runt,1
rupee,1
rupture,1
rural,1
ruse,1
rush,3
rusk,1
russet,1
rust,1
rustic,1
rustle,1
rusty,1
rut,1
rutabaga,3
ruthless,1
rye,3
sabbatical,1
saber,1
sable,1
sabotage,1
saboteur,1
sabre,1
sac,1
saccharin,1
saccharine,1
sachem,1
sachet,1
sack,1
sacking,1
sacrament,1
sacramental,1
sacred,1
sacrifice,1
sacrificial,1
sacrilege,1
sacrilegious,1
sacristy,1
sacrosanct,1
sad,1
sadden,1
saddle,1
sadism,1
sadist,1
sadistic,1
safari,1
safe,1
safety,1
safflower,3
saffron,3
sag,1
saga,1
sagacious,1
sagacity,1
sage,3
saguaro,3
said,1
sail,1
sailing,1
sailor,1
saint,1
sainthood,1
sake,1
salaam,1
salable,1
salacious,1
salad,1
salamander,1
salami,1
salary,1
sale,1
saleable,1
salesclerk,1
salesman,1
salesmanship,1
salesperson,1
saleswoman,1
salient,1
saline,1
salinity,1
saliva,1
salivary,1
salivate,1
salivation,1
sallow,1
sally,1
salmon,1
salmonella,1
salon,1
saloon,1
salsa,1
salt,1
saltine,1
salty,1
salubrious,1
salutary,1
salutation,1
salute,1
salvage,1
salvageable,1
salvation,1
salve,1
salver,1
salvo,1
same,1
samovar,1
sampan,1
sample,1
sampler,1
samurai,1
sanatorium,1
sanctification,1
sanctify,1
sanctimonious,1
sanction,1
sanctity,1
sanctuary,1
sanctum,1
sand,1
sandal,1
sandman,1
sandy,1
sane,1
sang,1
sangfroid,1
sanguinary,1
sanguine,1
sanitarium,1
sanitary,1
sanitation,1
sanitize,1
sanity,1
sank,1
sans,1
sap,2
sapience,1
sapient,1
sapling,3
sapphire,1
sappy,1
sarcasm,1
sarcastic,1
sarcophagi,1
sarcophagus,1
sardine,1
sardonic,1
sari,1
sarong,1
sarsaparilla,3
sartorial,1
sash,1
sashay,1
sass,1
sassafras,3
sassy,1
sat,1
satanic,1
satchel,1
sate,1
sateen,1
satellite,1
satiate,1
satiety,1
satin,1
satiny,1
satire,1
satirical,1
satirist,1
satirize,1
satisfaction,1
satisfactory,1
satisfied,1
satisfy,1
saturate,1
saturation,1
saturnine,1
satyr,1
sauce,1
saucer,1
saucy,1
sauerkraut,1
sauna,1
saunter,1
sausage,1
saute,1
savage,1
savagery,1
savanna,1
savannah,1
savant,1
save,1
saving,1
savior,1
saviour,1
savor,1
savory,1
savvy,1
saw,1
sawn,1
sawyer,1
sax,1
saxophone,1
saxophonist,1
say,1
saying,1
scab,1
scabbard,1
scabby,1
scabies,1
scads,1
scaffold,1
scaffolding,1
scalawag,1
scald,1
scale,1
scalene,1
scallion,3
scallop,1
scalp,1
scalpel,1
scaly,1
scam,1
scamp,1
scamper,1
scampi,1
scan,1
scandal,1
scandalize,1
scandalous,1
scanner,1
scant,1
scanty,1
scapula,1
scapulae,1
scar,1
scarab,1
scarce,1
scarcely,1
scarcity,1
scare,1
scarf,1
scarify,1
scarlet,1
scarves,1
scary,1
scat,1
scathing,1
scatter,1
scavenge,1
scavenger,1
scenario,1
scene,1
scenery,1
scenic,1
scent,1
scepter,1
sceptic,1
sceptre,1
schedule,1
schematic,1
scheme,1
scheming,1
scherzo,1
schism,1
schismatic,1
schizoid,1
schizophrenia,1
schizophrenic,1
schlemiel,1
schlep,1
schlock,1
schmaltz,1
schmaltzy,1
schmuck,1
schnapps,1
schnauzer,1
scholar,1
scholastic,1
school,1
schooling,1
schoolmarm,1
schooner,1
schuss,1
schwa,1
sciatica,1
science,1
scientific,1
scientist,1
scimitar,1
scintilla,1
scintillate,1
scintillating,1
scintillation,1
scion,1
scissors,1
sclerosis,1
sclerotic,1
scoff,1
scold,1
sconce,1
scone,1
scoop,1
scoot,1
scooter,1
scope,1
scorch,1
score,1
scoreless,1
scorn,1
scornful,1
scorpion,1
scotch,1
scoundrel,1
scour,1
scourge,1
scout,1
scouting,1
scow,1
scowl,1
scrabble,1
scraggly,1
scram,1
scramble,1
scrap,1
scrape,1
scrappy,1
scratch,1
scratchy,1
scrawl,1
scrawny,1
scream,1
screech,1
screen,1
screw,1
screwy,1
scribble,1
scribe,1
scrimmage,1
scrimp,1
scrip,1
script,1
scriptural,1
scripture,1
scrod,1
scroll,1
scrooge,1
scrota,1
scrotum,1
scrounge,1
scrub,1
scrubby,1
scruff,1
scruffy,1
scrumptious,1
scrunch,1
scruple,1
scrupulous,1
scrutinize,1
scrutiny,1
scuba,1
scud,1
scuff,1
scuffle,1
scull,1
scullery,1
scullion,1
sculpt,1
sculptor,1
sculptural,1
sculpture,1
scum,1
scupper,1
scurf,1
scurrilous,1
scurry,1
scurvy,1
scuttle,1
scuzzy,1
scythe,1
sea,1
seal,1
sealant,1
seam,1
seaman,1
seamanship,1
seamless,1
seamstress,1
seamy,1
seance,1
sear,1
search,1
searching,1
season,1
seasonable,1
seasonal,1
seasoning,1
seat,1
seaward,1
seawards,1
sebaceous,1
secede,1
secession,1
secessionist,1
seclude,1
secluded,1
seclusion,1
second,1
secondary,1
secondly,1
secrecy,1
secret,1
secretarial,1
secretariat,1
secretary,1
secrete,1
secretion,1
secretive,1
sect,1
sectarian,1
sectarianism,1
section,1
sectional,1
sector,1
secular,1
secularism,1
secularization,1
secularize,1
secure,1
security,1
sedan,1
sedate,1
sedation,1
sedative,1
sedentary,1
sedge,3
sediment,1
sedimentary,1
sedimentation,1
sedition,1
seditious,1
seduce,1
seduction,1
seductive,1
seductively,1
sedulous,1
see,1
seed,2
seedless,2
seedling,2
seedy,1
seeing,1
seek,1
seem,1
seeming,1
seemly,1
seen,1
seep,1
seer,1
seethe,1
segment,1
segmentation,1
segregate,1
segregation,1
segregationist,1
seismic,1
seismograph,1
seismographic,1
seismologist,1
seismology,1
seize,1
seizure,1
seldom,1
select,1
selection,1
selective,1
selectivity,1
selenium,1
self,1
selfish,1
selfless,1
sell,1
seltzer,1
selvage,1
selvedge,1
selves,1
semantic,1
semantics,1
semaphore,1
semblance,1
semen,1
semester,1
semi,1
semiannual,1
semiautomatic,1
semicircle,1
semicircular,1
semicolon,1
semiconductor,1
semiconscious,1
semifinal,1
semifinalist,1
semimonthly,1
seminal,1
seminar,1
seminarian,1
seminary,1
semiprecious,1
semiprivate,1
semiskilled,1
semitrailer,1
semitropical,1
semiweekly,1
senate,1
senator,1
senatorial,1
send,1
senile,1
senility,1
senior,1
seniority,1
senna,3
sensation,1
sensational,1
sensationalism,1
sensationalist,1
sense,1
senseless,1
senselessness,1
sensibility,1
sensible,1
sensitive,1
sensitivity,1
sensitize,1
sensor,1
sensory,1
sensual,1
sensuality,1
sensuous,1
sent,1
sentence,1
sententious,1
sentient,1
sentiment,1
sentimental,1
sentimentalist,1
sentimentality,1
sentinel,1
sentry,1
sepal,2
separable,1
separate,1
separated,1
separation,1
separatism,1
separatist,1
separator,1
sepia,1
sepsis,1
septet,1
septic,1
septicemia,1
septuagenarian,1
sepulcher,1
sepulchral,1
sequel,1
sequence,1
sequential,1
sequester,1
sequestration,1
sequin,1
sequoia,3
sera,1
serape,1
seraph,1
seraphic,1
seraphim,1
sere,1
serenade,1
serendipitous,1
serendipity,1
serene,1
serenity,1
serf,1
serfdom,1
serge,1
sergeant,1
serial,1
serialize,1
series,1
serious,1
sermon,1
sermonize,1
serous,1
serpent,1
serpentine,1
serrated,1
serried,1
serum,1
servant,1
serve,1
server,1
service,1
serviceable,1
serviceman,1
servicewoman,1
servile,1
servility,1
serving,1
servitude,1
sesame,3
session,1
set,1
settee,1
setter,1
setting,1
settle,1
settlement,1
settler,1
setup,1
seven,1
seventeen,1
seventeenth,1
seventh,1
seventieth,1
seventy,1
sever,1
several,1
severance,1
severe,1
severity,1
sew,1
sewage,1
sewer,1
sewerage,1
sewing,1
sewn,1
sex,1
sexism,1
sexist,1
sexless,1
sextant,1
sextet,1
sexton,1
sexual,1
sexuality,1
sexy,1
sh,1
shabby,1
shack,1
shackle,1
shad,1
shade,1
shading,1
shadow,1
shadowy,1
shady,1
shaft,1
shag,1
shaggy,1
shah,1
shake,1
shaken,1
shaker,1
shaky,1
shale,1
shall,1
shallot,3
shallow,1
shalt,1
sham,1
shaman,1
shamble,1
shambles,1
shame,1
shameful,1
shameless,1
shampoo,1
shanghai,1
shank,1
shanty,1
shape,1
shapeless,1
shapely,1
shard,1
share,1
shark,1
sharp,1
sharpen,1
shat,1
shatter,1
shave,1
shaven,1
shaver,1
shaving,1
shawl,1
she,1
sheaf,1
shear,1
shears,1
sheath,1
sheathe,1
sheathing,1
sheaves,1
shebang,1
shed,1
sheen,1
sheep,1
sheepish,1
sheer,1
sheet,1
sheeting,1
sheik,1
sheikdom,1
sheikh,1
shekel,1
shelf,1
shell,1
shellac,1
shelter,1
shelve,1
shelves,1
shelving,1
shenanigan,1
shenanigans,1
shepherd,1
shepherdess,1
sherbet,1
sheriff,1
sherry,1
shibboleth,1
shied,1
shield,1
shift,1
shiftless,1
shifty,1
shill,1
shilling,1
shim,1
shimmer,1
shimmy,1
shin,1
shine,1
shiner,1
shingle,1
shingles,1
shinny,1
shiny,1
ship,1
shipment,1
shipping,1
shire,1
shirk,1
shirt,1
shit,1
shitty,1
shiver,1
shivery,1
shoal,1
shock,1
shocker,1
shocking,1
shod,1
shoddy,1
shoe,1
shogun,1
shone,1
shoo,1
shook,1
shoot,1
shop,1
shoplifting,1
shore,1
shorn,1
short,1
shortage,1
shorten,1
shortening,1
shortly,1
shorts,1
shot,1
should,1
shoulder,1
shout,1
shove,1
shovel,1
shovelful,1
show,1
shower,1
showery,1
showing,1
showman,1
showmanship,1
shown,1
showy,1
shrank,1
shrapnel,1
shred,1
shrew,1
shrewd,1
shrewish,1
shriek,1
shrift,1
shrike,1
shrill,1
shrimp,1
shrine,1
shrink,1
shrinkage,1
shrivel,1
shroud,1
shrub,3
shrubbery,2
shrubby,2
shrug,1
shrunk,1
shrunken,1
shuck,1
shucks,1
shudder,1
shuffle,1
shun,1
shunt,1
shush,1
shut,1
shutter,1
shuttle,1
shy,1
shyster,1
sibilant,1
sibling,1
sibyl,1
sic,1
sick,1
sicken,1
sickening,1
sickle,1
sickly,1
sickness,1
side,1
siding,1
sidle,1
siege,1
sierra,1
siesta,1
sieve,1
sift,1
sigh,1
sight,1
sighted,1
sightless,1
sign,1
signal,1
signalize,1
signally,1
signatory,1
signature,1
signet,1
significance,1
significant,1
signification,1
signify,1
silage,2
silence,1
silencer,1
silent,1
silhouette,1
silica,1
silicate,1
silicon,1
silicone,1
silicosis,1
silk,1
silken,1
silky,1
sill,1
silly,1
silo,1
silt,1
silver,1
silvery,1
simian,1
similar,1
similarity,1
simile,1
simmer,1
simper,1
simple,1
simpleton,1
simplicity,1
simplification,1
simplify,1
simplistic,1
simply,1
simulate,1
simulation,1
simultaneous,1
sin,1
since,1
sincere,1
sincerity,1
sinecure,1
sinew,1
sinewy,1
sinful,1
sing,1
singe,1
single,1
singly,1
singular,1
singularity,1
sinister,1
sink,1
sinkable,1
sinker,1
sinner,1
sinuous,1
sinus,1
sinusitis,1
sip,1
siphon,1
sir,1
sire,1
siren,1
sirloin,1
sirocco,1
sirup,1
sis,1
sisal,3
sissy,1
sister,1
sisterhood,1
sit,1
sitar,1
sitcom,1
site,1
sitter,1
sitting,1
situate,1
situation,1
six,1
sixteen,1
sixteenth,1
sixth,1
sixtieth,1
sixty,1
sizable,1
size,1
sizeable,1
sizing,1
sizzle,1
skate,1
skedaddle,1
skein,1
skeletal,1
skeleton,1
skeptic,1
skeptical,1
skepticism,1
sketch,1
sketchy,1
skew,1
skewer,1
ski,1
skid,1
skiff,1
skill,1
skilled,1
skillet,1
skillful,1
skim,1
skimp,1
skimpy,1
skin,1
skinless,1
skinny,1
skip,1
skipper,1
skirmish,1
skirt,1
skit,1
skittish,1
skulduggery,1
skulk,1
skull,1
skullduggery,1
skunk,1
sky,1
skywards,1
slab,1
slack,1
slacken,1
slacker,1
slacks,1
slag,1
slain,1
slake,1
slalom,1
slam,1
slammer,1
slander,1
slanderous,1
slang,1
slangy,1
slant,1
slap,1
slash,1
slat,1
slate,1
slather,1
slattern,1
slaughter,1
slave,1
slaver,1
slavery,1
slavish,1
slaw,1
slay,1
sleaze,1
sleazy,1
sled,1
sledge,1
sleek,1
sleep,1
sleeper,1
sleepless,1
sleepy,1
sleet,1
sleety,1
sleeve,1
sleeveless,1
sleigh,1
slender,1
slept,1
sleuth,1
slew,1
slice,1
slick,1
slicker,1
slid,1
slide,1
slider,1
slight,1
slim,1
slime,1
slimy,1
sling,1
slink,1
slinky,1
slip,1
slippage,1
slipper,1
slippery,1
slipshod,1
slit,1
slither,1
slithery,1
sliver,1
slob,1
slobber,1
sloe,3
slog,1
slogan,1
sloop,1
slop,1
slope,1
sloppy,1
slosh,1
slot,1
sloth,1
slothful,1
slouch,1
slough,1
sloven,1
slovenly,1
slow,1
sludge,1
slug,1
sluggard,1
sluggish,1
sluice,1
slum,1
slumber,1
slump,1
slung,1
slunk,1
slur,1
slurp,1
slush,1
slushy,1
slut,1
sluttish,1
sly,1
smack,1
small,1
smallish,1
smarmy,1
smart,1
smarten,1
smash,1
smattering,1
smear,1
smell,1
smelly,1
smelt,1
smelter,1
smidgen,1
smidgeon,1
smidgin,1
smile,1
smirch,1
smirk,1
smite,1
smith,1
smithereens,1
smithy,1
smitten,1
smock,1
smocking,1
smog,1
smoggy,1
smoke,1
smokeless,1
smoky,1
smolder,1
smooch,1
smooth,1
smorgasbord,1
smote,1
smother,1
smoulder,1
smudge,1
smudgy,1
smug,1
smuggle,1
smut,1
smutty,1
snack,1
snafu,1
snag,1
snail,1
snake,1
snaky,1
snap,1
snappish,1
snappy,1
snare,1
snarl,1
snatch,1
snazzy,1
sneak,1
sneaker,1
sneaking,1
sneaky,1
sneer,1
sneeringly,1
sneeze,1
snicker,1
snide,1
sniff,1
sniffle,1
sniffles,1
snigger,1
snip,1
snipe,1
snippet,1
snippy,1
snit,1
snitch,1
snivel,1
snob,1
snobbery,1
snobbish,1
snoop,1
snoot,1
snooty,1
snooze,1
snore,1
snorkel,1
snort,1
snot,1
snotty,1
snout,1
snow,1
snowy,1
snub,1
snuck,1
snuff,1
snuffle,1
snug,1
snuggle,1
so,1
soak,1
soap,1
soapy,1
soar,1
sob,1
sober,1
sobriety,1
sobriquet,1
soccer,1
sociability,1
sociable,1
social,1
socialism,1
socialist,1
socialistic,1
socialite,1
socialization,1
socialize,1
societal,1
society,1
socioeconomic,1
sociological,1
sociologist,1
sociology,1
sociopath,1
sock,1
socket,1
sod,2
soda,1
sodden,1
sodium,1
sodomite,1
sodomy,1
sofa,1
soft,1
soften,1
softy,1
soggy,1
soil,2
soiree,1
sojourn,1
sol,1
solace,1
solar,1
solaria,1
solarium,1
sold,1
solder,1
soldier,1
sole,1
solecism,1
solely,1
solemn,1
solemnity,1
solemnize,1
solicit,1
solicitation,1
solicitor,1
solicitous,1
solicitude,1
solid,1
solidarity,1
solidification,1
solidify,1
solidity,1
soliloquize,1
soliloquy,1
solitaire,1
solitary,1
solitude,1
solo,1
soloist,1
solstice,1
solubility,1
soluble,1
solution,1
solvable,1
solve,1
solvency,1
solvent,1
somber,1
sombrero,1
some,1
somersault,1
somnambulism,1
somnambulist,1
somnolence,1
somnolent,1
son,1
sonar,1
sonata,1
song,1
songster,1
sonic,1
sonnet,1
sonny,1
sonorous,1
soon,1
soot,1
soothe,1
sooty,1
sop,1
sophisticate,1
sophisticated,1
sophistication,1
sophistry,1
sophomore,1
sophomoric,1
soporific,1
sopping,1
soppy,1
soprano,1
sorbet,1
sorcerer,1
sorceress,1
sorcery,1
sordid,1
sore,1
sorely,1
sorghum,3
sorority,1
sorrel,3
sorrow,1
sorrowful,1
sorry,1
sort,1
sortie,1
sot,1
souffle,1
sought,1
soul,1
soulful,1
soulless,1
sound,1
soundless,1
soup,1
soupcon,1
soupy,1
sour,1
source,1
souse,1
south,1
southerly,1
southern,1
southerner,1
southward,1
southwards,1
souvenir,1
sovereign,1
sovereignty,1
soviet,1
sow,2
sown,2
sox,1
soy,3
spa,1
space,1
spacey,1
spacious,1
spade,1
spaghetti,1
span,1
spandex,1
spangle,1
spaniel,1
spank,1
spanking,1
spar,1
spare,1
sparing,1
spark,1
sparkle,1
sparkler,1
sparrow,1
sparse,1
spasm,1
spasmodic,1
spastic,1
spat,1
spate,1
spatial,1
spatter,1
spatula,1
spawn,1
spay,1
speak,1
speaker,1
spear,1
special,1
specialist,1
specialization,1
specialize,1
specially,1
specialty,1
specie,1
species,1
specific,1
specification,1
specify,1
specimen,1
specious,1
speck,1
speckle,1
speckled,1
specs,1
spectacle,1
spectacular,1
spectator,1
specter,1
spectra,1
spectral,1
spectroscope,1
spectroscopic,1
spectroscopy,1
spectrum,1
speculate,1
speculation,1
speculative,1
sped,1
speech,1
speechless,1
speed,1
speedometer,1
speedster,1
speedy,1
spell,1
speller,1
spelling,1
spelt,3
spelunker,1
spend,1
spent,1
sperm,1
spermatozoa,1
spermatozoon,1
spew,1
sphere,1
spherical,1
spheroid,1
sphincter,1
sphinx,1
spice,2
spicy,2
spider,1
spidery,1
spiel,1
spiffy,1
spigot,1
spike,1
spiky,1
spill,1
spilt,1
spin,1
spinach,3
spinal,1
spindle,1
spindly,1
spine,1
spineless,1
spinet,1
spinnaker,1
spinster,1
spinsterhood,1
spiny,1
spiral,1
spire,1
spirit,1
spirited,1
spiritless,1
spiritual,1
spiritualism,1
spiritualist,1
spiritualistic,1
spirituality,1
spit,1
spite,1
spiteful,1
spittle,1
spittoon,1
splash,1
splashy,1
splat,1
splatter,1
splay,1
spleen,1
splendid,1
splendor,1
splenetic,1
splice,1
splint,1
splinter,1
split,1
splitting,1
splotch,1
splotchy,1
splurge,1
splutter,1
spoil,1
spoiled,1
spoilt,1
spoke,1
spoken,1
spokesman,1
spokesperson,1
spokeswoman,1
sponge,1
spongy,1
sponsor,1
sponsorship,1
spontaneity,1
spontaneous,1
spoof,1
spook,1
spooky,1
spool,1
spoon,1
spoonerism,1
spoonful,1
spoor,1
sporadic,1
spore,2
sport,1
sporting,1
sportive,1
sports,1
sportsman,1
sportsmanlike,1
sportsmanship,1
sportswoman,1
sporty,1
spot,1
spotless,1
spotter,1
spotty,1
spouse,1
spout,1
sprain,1
sprang,1
sprat,1
sprawl,1
spray,1
spread,1
spree,1
sprig,2
sprightly,1
spring,1
springy,1
sprinkle,1
sprinkling,1
sprint,1
sprite,1
sprocket,1
sprout,2
spruce,3
sprung,1
spry,1
spud,2
spume,1
spun,1
spunk,1
spunky,1
spur,1
spurious,1
spurn,1
spurt,1
sputter,1
sputum,1
spy,1
squab,1
squabble,1
squad,1
squadron,1
squalid,1
squall,1
squalor,1
squander,1
square,1
squash,3
squat,1
squatter,1
squaw,1
squawk,1
squeak,1
squeaky,1
squeal,1
squeamish,1
squeegee,1
squeeze,1
squelch,1
squid,1
squiggle,1
squint,1
squire,1
squirm,1
squirmy,1
squirrel,1
squirt,1
squish,1
squishy,1
stab,1
stability,1
stabilization,1
stabilize,1
stable,1
staccato,1
stack,1
stadia,1
stadium,1
staff,1
staffer,1
stag,1
stage,1
stagger,1
staggering,1
stagnant,1
stagnate,1
stagnation,1
staid,1
stain,1
stainless,1
stair,1
stake,1
stalactite,1
stalagmite,1
stale,1
stalk,2
stall,1
stallion,1
stalwart,1
stamen,2
stamina,1
stammer,1
stamp,1
stampede,1
stance,1
stanch,1
stanchion,1
stand,1
standard,1
standardization,1
standardize,1
standing,1
stank,1
stanza,1
staph,1
staphylococcus,1
staple,1
star,1
starch,2
starchy,2
stardom,1
stare,1
stark,1
starless,1
starlet,1
starling,1
starry,1
start,1
starter,1
startle,1
startling,1
starvation,1
starve,1
stash,1
state,1
statehood,1
stateless,1
stately,1
statement,1
statesman,1
statesmanlike,1
statesmanship,1
static,1
station,1
stationary,1
stationer,1
stationery,1
statistic,1
statistical,1
statistician,1
statistics,1
statuary,1
statue,1
statuesque,1
statuette,1
stature,1
status,1
statute,1
statutory,1
staunch,1
stave,1
staves,1
stay,1
stead,1
steady,1
steak,1
steal,1
stealth,1
stealthy,1
steam,1
steamer,1
steamship,1
steamy,1
steed,1
steel,1
steely,1
steep,1
steeple,1
steer,1
steerage,1
stein,1
stellar,1
stem,2
stench,1
stencil,1
stenographer,1
stenography,1
stentorian,1
step,1
steppe,1
stereo,1
stereophonic,1
stereoscope,1
sterile,1
sterility,1
sterilization,1
sterilize,1
sterling,1
stern,1
sterna,1
sternum,1
steroid,1
stethoscope,1
stevedore,1
stew,1
steward,1
stewardess,1
stick,1
sticker,1
stickler,1
sticky,1
stiff,1
stiffen,1
stifle,1
stigma,1
stigmata,1
stigmatize,1
stile,1
stiletto,1
still,1
stilt,1
stilted,1
stimulant,1
stimulate,1
stimulating,1
stimulation,1
stimuli,1
stimulus,1
sting,1
stingy,1
stink,1
stinking,1
stint,1
stipend,1
stipple,1
stipulate,1
stipulation,1
stir,1
stirring,1
stirrup,1
stitch,1
stoat,1
stock,1
stockade,1
stocking,1
stocky,1
stodgy,1
stoic,1
stoical,1
stoicism,1
stoke,1
stole,1
stolen,1
stolid,1
stomach,1
stomp,1
stone,1
stoned,1
stony,1
stood,1
stooge,1
stool,1
stoop,1
stop,1
stoppage,1
stopper,1
storage,1
store,1
storey,1
storied,1
stork,1
storm,1
stormy,1
story,1
stout,1
stove,1
stow,1
straddle,1
strafe,1
straggle,1
straggly,1
straight,1
straighten,1
strain,1
strained,1
strainer,1
strait,1
strand,1
strange,1
stranger,1
strangle,1
strangulate,1
strangulation,1
strap,1
strapless,1
strapped,1
strapping,1
strata,1
stratagem,1
strategic,1
strategist,1
strategy,1
stratification,1
stratify,1
stratosphere,1
stratum,1
straw,1
stray,1
streak,1
streaky,1
stream,1
streamer,1
street,1
strength,1
strengthen,1
strenuous,1
streptococci,1
streptococcus,1
streptomycin,1
stress,1
stressful,1
stretch,1
stretcher,1
stretchy,1
strew,1
strewn,1
stricken,1
strict,1
stricture,1
stridden,1
stride,1
strident,1
strife,1
strike,1
striker,1
striking,1
string,1
stringency,1
stringent,1
stringer,1
stringy,1
strip,1
stripe,1
striped,1
stripling,1
stripper,1
strive,1
striven,1
strobe,1
strode,1
stroke,1
stroll,1
stroller,1
strong,1
strontium,1
strop,1
strove,1
struck,1
structural,1
structure,1
strudel,1
struggle,1
strum,1
strumpet,1
strung,1
strut,1
strychnine,1
stub,1
stubble,1
stubbly,1
stubborn,1
stubby,1
stucco,1
stuck,1
stud,1
student,1
studied,1
studio,1
studious,1
study,1
stuff,1
stuffing,1
stuffy,1
stultification,1
stultify,1
stumble,1
stump,1
stumpy,1
stun,1
stung,1
stunk,1
stunning,1
stunt,1
stupefaction,1
stupefy,1
stupendous,1
stupid,1
stupidity,1
stupor,1
sturdy,1
sturgeon,1
stutter,1
sty,1
stye,1
style,1
styli,1
stylish,1
stylist,1
stylistic,1
stylize,1
stylus,1
stymie,1
styptic,1
suave,1
suavity,1
sub,1
subatomic,1
subbasement,1
subcommittee,1
subcompact,1
subconscious,1
subcontinent,1
subcontract,1
subculture,1
subcutaneous,1
subdivide,1
subdivision,1
subdue,1
subheading,1
subhuman,1
subject,1
subjection,1
subjective,1
subjectivity,1
subjugate,1
subjugation,1
subjunctive,1
sublease,1
sublet,1
sublimate,1
sublimation,1
sublime,1
subliminal,1
submarine,1
submerge,1
submergence,1
submersible,1
submersion,1
submission,1
submissive,1
submit,1
subnormal,1
subordinate,1
subordination,1
suborn,1
subplot,1
subpoena,1
subscribe,1
subscript,1
subscription,1
subsequent,1
subservience,1
subservient,1
subset,1
subside,1
subsidence,1
subsidiary,1
subsidization,1
subsidize,1
subsidy,1
subsist,1
subsistence,1
subsoil,2
subsonic,1
substance,1
substandard,1
substantial,1
substantiate,1
substantiation,1
substantive,1
substation,1
substitute,1
substitution,1
substrata,1
substratum,1
substructure,1
subsume,1
subterfuge,1
subterranean,1
subtitle,1
subtle,1
subtlety,1
subtotal,1
subtract,1
subtraction,1
subtropical,2
suburb,1
suburban,1
suburbanite,1
suburbia,1
subversion,1
subversive,1
subvert,1
subway,1
succeed,1
success,1
successful,1
succession,1
successive,1
successor,1
succinct,1
succor,1
succotash,1
succulence,2
succulent,3
succumb,1
such,1
suck,1
sucker,1
suckle,1
suckling,1
sucrose,1
suction,1
sudden,1
suds,1
sudsy,1
sue,1
suede,1
suet,1
suffer,1
sufferance,1
suffering,1
suffice,1
sufficiency,1
sufficient,1
suffix,1
suffocate,1
suffocation,1
suffrage,1
suffragette,1
suffuse,1
suffusion,1
sugar,2
sugarless,1
sugary,1
suggest,1
suggestible,1
suggestion,1
suggestive,1
suicidal,1
suicide,1
suit,1
suitability,1
suitable,1
suite,1
suitor,1
sukiyaki,1
sulfate,1
sulfide,1
sulfur,1
sulfuric,1
sulfurous,1
sulk,1
sulky,1
sullen,1
sully,1
sulphur,1
sultan,1
sultana,1
sultanate,1
sultry,1
sum,1
sumac,3
sumach,3
summarize,1
summary,1
summation,1
summer,1
summery,1
summit,1
summon,1
summons,1
sumptuous,1
sun,1
sunbather,1
sundae,1
sunder,1
sundries,1
sung,1
sunk,1
sunken,1
sunny,1
suntan,1
sunup,1
sup,1
super,1
superabundance,1
superabundant,1
superannuated,1
superb,1
supercilious,1
superego,1
superficial,1
superficiality,1
superfluity,1
superfluous,1
superhuman,1
superimpose,1
superintend,1
superintendence,1
superintendent,1
superior,1
superiority,1
superlative,1
superman,1
supermarket,1
supernatural,1
supernova,1
supernovae,1
supernumerary,1
superpower,1
superscript,1
supersede,1
supersonic,1
superstar,1
superstition,1
superstitious,1
superstructure,1
supertanker,1
supervise,1
supervision,1
supervisory,1
supine,1
supper,1
supplant,1
supple,1
supplement,1
supplemental,1
supplementary,1
suppliant,1
supplicant,1
supplicate,1
supplication,1
supply,1
support,1
supportable,1
supportive,1
suppose,1
supposed,1
supposing,1
supposition,1
suppository,1
suppress,1
suppression,1
supranational,1
supremacist,1
supremacy,1
supreme,1
surcharge,1
sure,1
surely,1
surety,1
surf,1
surface,1
surfeit,1
surfing,1
surge,1
surgeon,1
surgery,1
surgical,1
surly,1
surmise,1
surmount,1
surmountable,1
surname,1
surpass,1
surplice,1
surplus,1
surprise,1
surprising,1
surreal,1
surrealism,1
surrealist,1
surrealistic,1
surrender,1
surreptitious,1
surrey,1
surrogate,1
surround,1
surroundings,1
surtax,1
surveillance,1
survey,1
survival,1
survive,1
survivor,1
susceptibility,1
susceptible,1
sushi,1
suspect,1
suspend,1
suspenders,1
suspense,1
suspenseful,1
suspension,1
suspicion,1
suspicious,1
sustain,1
sustenance,1
suture,1
svelte,1
swab,1
swaddle,1
swag,1
swagger,1
swain,1
swallow,1
swam,1
swami,1
swamp,2
swampy,2
swan,1
swank,1
swanky,1
swap,1
sward,2
swarm,1
swarthy,1
swashbuckler,1
swastika,1
swat,1
swatch,1
swath,1
swathe,1
sway,1
swear,1
sweat,1
sweater,1
sweaty,1
sweep,1
sweeping,1
sweet,1
sweeten,1
sweetener,1
sweetie,1
sweetish,1
swell,1
swelling,1
swelter,1
sweltering,1
swept,1
swerve,1
swift,1
swig,1
swill,1
swim,1
swimming,1
swindle,1
swine,1
swing,1
swinish,1
swipe,1
swirl,1
swish,1
switch,1
swivel,1
swollen,1
swoon,1
swoop,1
swop,1
sword,1
swordsman,1
swore,1
sworn,1
swum,1
swung,1
sycamore,3
sycophant,1
sycophantic,1
syllabi,1
syllabic,1
syllabication,1
syllabification,1
syllabify,1
syllable,1
syllabus,1
syllogism,1
sylph,1
sylvan,2
symbiosis,1
symbiotic,1
symbol,1
symbolic,1
symbolism,1
symbolize,1
symmetric,1
symmetrical,1
symmetry,1
sympathetic,1
sympathize,1
sympathy,1
symphonic,1
symphony,1
symposia,1
symposium,1
symptom,1
symptomatic,1
synagog,1
synagogue,1
synapse,1
sync,1
synch,1
synchronization,1
synchronize,1
synchronous,1
syncopate,1
syncopation,1
syndicate,1
syndication,1
syndrome,1
synergism,1
synergistic,1
synergy,1
synod,1
synonym,1
synonymous,1
synopses,1
synopsis,1
syntactic,1
syntax,1
syntheses,1
synthesis,1
synthesize,1
synthesizer,1
synthetic,1
syphilis,1
syphilitic,1
syringe,1
syrup,1
syrupy,1
system,1
systematic,1
systematize,1
systemic,1
systolic,1
tab,1
tabby,1
tabernacle,1
table,1
tableau,1
tableaux,1
tablet,1
tabloid,1
taboo,1
tabular,1
tabulate,1
tabulation,1
tachometer,1
tacit,1
taciturn,1
taciturnity,1
tack,1
tackle,1
tacky,1
taco,1
tact,1
tactful,1
tactic,1
tactical,1
tactician,1
tactics,1
tactile,1
tactless,1
tad,1
tadpole,1
taffeta,1
taffy,1
tag,1
tail,1
tailless,1
tailor,1
taint,1
tainted,1
take,1
taken,1
taking,1
talc,1
tale,1
talent,1
talisman,1
talk,1
talkative,1
tall,1
tallow,1
tally,1
tallyho,1
talon,1
tamable,1
tamale,1
tamarind,3
tambourine,1
tame,1
tamp,1
tamper,1
tampon,1
tan,1
tanager,1
tandem,1
tang,1
tangelo,3
tangent,1
tangential,1
tangerine,3
tangibility,1
tangible,1
tangle,1
tango,1
tangy,1
tank,1
tankard,1
tanker,1
tankful,1
tanner,1
tannery,1
tannin,2
tantalize,1
tantalizing,1
tantamount,1
tantrum,1
tap,1
tape,1
taper,1
tapestry,1
tapioca,2
tapir,1
taps,1
tar,1
tarantula,1
tardy,1
target,1
tariff,1
tarmac,1
tarnish,1
taro,3
tarot,1
tarp,1
tarpaulin,1
tarpon,1
tarragon,3
tarry,1
tart,1
tartan,1
tartar,1
task,1
tassel,1
taste,1
tasteful,1
tasteless,1
tasty,1
tat,1
tatter,1
tattered,1
tatting,1
tattle,1
tattoo,1
taught,1
taunt,1
taupe,1
taut,1
tautological,1
tautology,1
tavern,1
tawdry,1
tawny,1
tax,1
taxable,1
taxation,1
taxi,1
taxidermist,1
taxidermy,1
taxing,1
taxonomy,1
taxpayer,1
tea,2
teach,1
teachable,1
teacher,1
teaching,1
teak,3
teal,1
team,1
teamster,1
tear,1
tearful,1
tease,1
teat,1
technical,1
technicality,1
technician,1
technique,1
technocracy,1
technocrat,1
technological,1
technologist,1
technology,1
tectonics,1
tedious,1
tedium,1
tee,1
teem,1
teen,1
teenage,1
teenaged,1
teenager,1
teens,1
teeny,1
teepee,1
teeter,1
teeth,1
teethe,1
teetotal,1
teetotaler,1
teetotaller,1
telecast,1
telecommute,1
teleconference,1
telegram,1
telegraph,1
telegraphic,1
telegraphy,1
telekinesis,1
telemarketing,1
telemetry,1
telepathic,1
telepathy,1
telephone,1
telephonic,1
telephoto,1
telescope,1
telescopic,1
telethon,1
televangelist,1
televise,1
television,1
tell,1
teller,1
telling,1
temblor,1
temerity,1
temp,1
temper,1
tempera,1
temperament,1
temperamental,1
temperance,1
temperate,1
temperature,1
tempered,1
tempest,1
tempestuous,1
tempi,1
template,1
temple,1
tempo,1
temporal,1
temporary,1
temporize,1
tempt,1
temptation,1
tempting,1
temptingly,1
temptress,1
tempura,1
ten,1
tenability,1
tenable,1
tenacious,1
tenacity,1
tenancy,1
tenant,1
tend,1
tendency,1
tendentious,1
tender,1
tenderize,1
tenderloin,1
tendinitis,1
tendon,1
tendril,2
tenement,1
tenet,1
tennis,1
tenon,1
tenor,1
tense,1
tensile,1
tension,1
tent,1
tentacle,1
tentative,1
tenth,1
tenuous,1
tenure,1
tepee,1
tepid,1
tequila,1
term,1
terminal,1
terminate,1
termination,1
termini,1
terminology,1
terminus,1
termite,1
tern,1
terrace,1
terrain,1
terrapin,1
terraria,1
terrarium,2
terrestrial,1
terrible,1
terrier,1
terrific,1
terrified,1
terrify,1
terrifying,1
territorial,1
territory,1
terror,1
terrorism,1
terrorist,1
terrorize,1
terry,1
terse,1
tertiary,1
test,1
testament,1
testate,1
testes,1
testicle,1
testify,1
testimonial,1
testimony,1
testis,1
testosterone,1
testy,1
tetanus,1
tether,1
tetrahedron,1
text,1
textile,1
textual,1
texture,1
thalami,1
thalamus,1
than,1
thank,1
thankful,1
thankless,1
thanks,1
that,1
thatch,2
thaw,2
the,1
theater,1
theatre,1
theatrical,1
thee,1
theft,1
their,1
theirs,1
theism,1
theistic,1
them,1
thematic,1
theme,1
then,1
thence,1
theocracy,1
theocratic,1
theologian,1
theological,1
theology,1
theorem,1
theoretical,1
theoretician,1
theorist,1
theorize,1
theory,1
therapeutic,1
therapeutics,1
therapist,1
therapy,1
there,1
thermal,1
thermodynamic,1
thermodynamics,1
thermometer,1
thermonuclear,1
thermos,1
thermostat,1
thesauri,1
thesaurus,1
these,1
theses,1
thesis,1
thespian,1
they,1
thiamin,1
thiamine,1
thick,1
thicken,1
thicket,2
thickness,1
thief,1
thieve,1
thievery,1
thieves,1
thievish,1
thigh,1
thimble,1
thimbleful,1
thin,1
thine,1
thing,1
think,1
thinner,1
third,1
thirst,1
thirsty,1
thirteen,1
thirteenth,1
thirtieth,1
thirty,1
this,1
thistle,3
thither,1
tho,1
thong,1
thoraces,1
thoracic,1
thorax,1
thorn,2
thorny,1
thorough,1
those,1
thou,1
though,1
thought,1
thoughtful,1
thoughtless,1
thousand,1
thousandth,1
thrall,1
thrash,1
thrasher,1
thread,1
threat,1
threaten,1
three,1
threesome,1
thresh,2
threshold,1
threw,1
thrice,1
thrift,1
thrifty,1
thrill,1
thriller,1
thrilling,1
thrive,1
thriven,1
throat,1
throaty,1
throb,1
throe,1
thrombosis,1
throne,1
throng,1
throttle,1
through,1
throve,1
throw,1
thrown,1
thru,1
thrum,1
thrush,1
thrust,1
thud,1
thug,1
thumb,1
thump,1
thunder,1
thunderous,1
thus,1
thwack,1
thwart,1
thy,1
thyme,3
thymus,1
thyroid,1
ti,1
tiara,1
tibia,1
tibiae,1
tic,1
tick,1
ticker,1
ticket,1
ticking,1
tickle,1
ticklish,1
tidal,1
tidbit,1
tiddlywinks,1
tide,1
tidings,1
tidy,1
tie,1
tier,1
tiff,1
tiger,1
tight,1
tighten,1
tights,1
tightwad,1
tigress,1
tilde,1
tile,1
tiling,1
till,2
tillage,2
tiller,2
tilt,1
timber,2
timbre,1
time,1
timeless,1
timely,1
timer,1
times,1
timid,1
timidity,1
timing,1
timorous,1
timpani,1
timpanist,1
tin,1
tincture,1
tinder,1
tine,1
tinge,1
tingle,1
tingly,1
tinker,1
tinkle,1
tinny,1
tinsel,1
tint,1
tiny,1
tip,1
tipple,1
tipster,1
tipsy,1
tirade,1
tire,1
tired,1
tireless,1
tiresome,1
tissue,1
tit,1
titan,1
titanic,1
titanium,1
tithe,1
titillate,1
titillation,1
title,1
titled,1
titter,1
tittle,1
titular,1
tizzy,1
to,1
toad,1
toady,1
toast,1
toaster,1
toasty,1
tobacco,3
tobacconist,1
toboggan,1
tocsin,1
today,1
toddle,1
toddler,1
toddy,1
toe,1
toffee,1
toffy,1
tofu,1
toga,1
together,1
toggle,1
togs,1
toil,1
toilet,1
toiletry,1
toilette,1
toilsome,1
token,1
tokenism,1
told,1
tolerable,1
tolerance,1
tolerant,1
tolerate,1
toleration,1
toll,1
tom,1
tomahawk,1
tomato,3
tomb,1
tome,1
tomorrow,1
ton,1
tonal,1
tonality,1
tone,1
toneless,1
tongs,1
tongue,1
tonic,1
tonnage,1
tonsil,1
tonsillectomy,1
tonsillitis,1
tonsorial,1
tonsure,1
too,1
took,1
tool,1
toot,1
tooth,1
toothless,1
toothsome,1
toothy,1
top,1
topaz,1
topic,1
topical,1
topless,1
topographic,1
topographical,1
topography,1
topping,1
topple,1
torch,1
tore,1
toreador,1
torment,1
torn,1
tornado,1
torpedo,1
torpid,1
torpor,1
torque,1
torrent,1
torrential,1
torrid,1
torsion,1
torso,1
tort,1
torte,1
tortilla,1
tortoise,1
tortuous,1
torture,1
toss,1
tot,1
total,1
totalitarian,1
totalitarianism,1
totality,1
tote,1
totem,1
totter,1
toucan,1
touch,1
touche,1
touched,1
touching,1
touchy,1
tough,1
toughen,1
toupee,1
tour,1
tourism,1
tourist,1
tournament,1
tourniquet,1
tousle,1
tout,1
tow,1
toward,1
towards,1
towel,1
toweling,1
towelling,1
tower,1
towering,1
town,1
township,1
toxic,1
toxicity,1
toxicologist,1
toxicology,1
toxin,1
toy,1
trace,1
traceable,1
tracer,1
tracery,1
trachea,1
tracheae,1
tracing,1
track,1
tract,1
tractable,1
traction,1
tractor,1
trade,1
trader,1
tradesman,1
tradition,1
traditional,1
traditionalist,1
traduce,1
traffic,1
tragedian,1
tragedy,1
tragic,1
trail,1
trailer,1
train,1
trainee,1
training,1
traipse,1
trait,1
traitor,1
traitorous,1
trajectory,1
tram,1
trammel,1
tramp,1
trample,1
trampoline,1
trance,1
tranquil,1
tranquility,1
tranquilize,1
tranquilizer,1
tranquillity,1
tranquillize,1
tranquillizer,1
transact,1
transatlantic,1
transceiver,1
transcend,1
transcendence,1
transcendent,1
transcendental,1
transcribe,1
transcript,1
transcription,1
transducer,1
transept,1
transfer,1
transferable,1
transference,1
transfiguration,1
transfigure,1
transfix,1
transform,1
transformation,1
transformer,1
transfuse,1
transfusion,1
transgress,1
transgression,1
transience,1
transient,1
transistor,1
transit,1
transition,1
transitional,1
transitive,1
transitory,1
translate,1
translation,1
transliterate,1
translucence,1
translucent,1
transmigrate,1
transmigration,1
transmissible,1
transmission,1
transmit,1
transmittal,1
transmitter,1
transmutation,1
transmute,1
transnational,1
transoceanic,1
transom,1
transparency,1
transparent,1
transpiration,2
transpire,1
transplant,2
transplantation,2
transport,1
transportation,1
transpose,1
transposition,1
transsexual,1
transverse,1
transvestite,1
trap,1
trapeze,1
trapezoid,1
trapezoidal,1
trappings,1
trash,1
trashy,1
trauma,1
traumata,1
traumatic,1
traumatize,1
travail,1
travel,1
traveller,1
travelog,1
travelogue,1
traverse,1
travesty,1
trawl,1
trawler,1
tray,1
treacherous,1
treachery,1
treacle,1
tread,1
treadle,1
treason,1
treasonable,1
treasonous,1
treasure,1
treasurer,1
treasury,1
treat,1
treatable,1
treatise,1
treatment,1
treaty,1
treble,1
tree,3
treeless,2
trefoil,3
trek,1
trellis,2
tremble,1
tremendous,1
tremolo,1
tremor,1
tremulous,1
trench,1
trenchant,1
trend,1
trendy,1
trepidation,1
trespass,1
tress,1
trestle,1
triad,1
triage,1
trial,1
triangle,1
triangular,1
triathlon,1
tribal,1
tribe,1
tribesman,1
tribulation,1
tribunal,1
tribune,1
tributary,1
tribute,1
trice,1
triceps,1
trick,1
trickery,1
trickle,1
trickster,1
tricky,1
tricolor,1
tricycle,1
trident,1
tried,1
triennial,1
trifle,1
trifling,1
trig,1
trigger,1
trigonometry,1
trill,1
trillion,1
trillionth,1
trilogy,1
trim,1
trimaran,1
trimester,1
trimming,1
trinity,1
trinket,1
trio,1
trip,1
tripartite,1
tripe,1
triple,1
triplet,1
triplicate,1
tripod,1
triptych,1
trisect,1
trite,1
triumph,1
triumphal,1
triumphant,1
triumvirate,1
trivet,1
trivia,1
trivial,1
triviality,1
trivialize,1
trod,1
trodden,1
troika,1
troll,1
trolley,1
trollop,1
trombone,1
trombonist,1
troop,1
trooper,1
trophy,1
tropic,1
tropical,1
troposphere,1
trot,1
troth,1
troubadour,1
trouble,1
troublesome,1
trough,1
trounce,1
troupe,1
trousers,1
trousseau,1
trousseaux,1
trout,1
trowel,2
troy,1
truancy,1
truant,1
truce,1
truck,1
truculence,1
truculent,1
trudge,1
true,1
truffle,3
truism,1
truly,1
trump,1
trumpery,1
trumpet,1
truncate,1
truncation,1
truncheon,1
trundle,1
trunk,1
truss,1
trust,1
trustee,1
trusteeship,1
trustful,1
trusting,1
trusty,1
truth,1
truthful,1
try,1
trying,1
tryst,1
tsar,1
tsunami,1
tub,1
tuba,1
tubby,1
tube,1
tubeless,1
tuber,2
tubercle,1
tubercular,1
tuberculosis,1
tuberous,2
tubing,1
tubular,1
tuck,1
tucker,1
tuft,1
tug,1
tuition,1
tulip,3
tulle,1
tumble,1
tumbler,1
tummy,1
tumor,1
tumult,1
tumultuous,1
tuna,1
tundra,1
tune,1
tuneful,1
tuneless,1
tuner,1
tungsten,1
tunic,1
tunnel,1
turban,1
turbid,1
turbine,1
turbot,1
turbulence,1
turbulent,1
turd,1
tureen,1
turf,2
turgid,1
turgidity,1
turkey,1
turmeric,3
turmoil,1
turn,1
turnip,3
turpentine,2
turpitude,1
turquoise,1
turret,1
turtle,1
tush,1
tusk,1
tussle,1
tussock,3
tutelage,1
tutor,1
tutorial,1
tutu,1
tux,1
tuxedo,1
twaddle,1
twain,1
twang,1
tweak,1
tweed,1
tweedy,1
tweet,1
tweeter,1
tweezers,1
twelfth,1
twelve,1
twentieth,1
twenty,1
twerp,1
twice,1
twiddle,1
twig,2
twiggy,1
twilight,1
twill,1
twin,1
twine,1
twinge,1
twinkle,1
twinkling,1
twirl,1
twist,1
twisted,1
twister,1
twit,1
twitch,1
twitter,1
two,1
twosome,1
tycoon,1
tying,1
tyke,1
tympana,1
tympanum,1
type,1
typhoid,1
typhoon,1
typhus,1
typical,1
typify,1
typist,1
typo,1
typographer,1
typographical,1
typography,1
tyrannical,1
tyrannize,1
tyrannous,1
tyranny,1
tyrant,1
tyro,1
tzar,1
ubiquitous,1
ubiquity,1
udder,1
ugh,1
ugly,1
uh,1
ukulele,1
ulcer,1
ulcerate,1
ulceration,1
ulcerous,1
ulna,1
ulnae,1
ulterior,1
ultimata,1
ultimate,1
ultimatum,1
ultra,1
umber,1
umbilical,1
umbrage,1
umbrella,1
umiak,1
umlaut,1
ump,1
umpire,1
umpteenth,1
unabashed,1
unabated,1
unable,1
unabridged,1
unacceptable,1
unaccompanied,1
unaccountable,1
unaccustomed,1
unacquainted,1
unadorned,1
unadulterated,1
unaffected,1
unalterable,1
unanimity,1
unanimous,1
unanswerable,1
unanticipated,1
unappetizing,1
unappreciated,1
unappreciative,1
unapproachable,1
unarmed,1
unashamed,1
unasked,1
unassailable,1
unassuming,1
unattached,1
unattended,1
unavailing,1
unavoidable,1
unaware,1
unawares,1
unbalanced,1
unbar,1
unbearable,1
unbeatable,1
unbeaten,1
unbecoming,1
unbeknown,1
unbeknownst,1
unbelief,1
unbelievable,1
unbeliever,1
unbend,1
unbending,1
unbiased,1
unbidden,1
unblushing,1
unbolt,1
unborn,1
unbosom,1
unbound,1
unbounded,1
unbridled,1
unbroken,1
unbuckle,1
unburden,1
unbutton,1
uncanny,1
uncaring,1
unceasing,1
uncensored,1
unceremonious,1
uncertain,1
uncertainty,1
unchanged,1
uncharitable,1
uncharted,1
unchecked,1
uncivil,1
uncivilized,1
unclasp,1
unclassified,1
uncle,1
unclean,1
unclear,1
unclothed,1
uncluttered,1
uncoil,1
uncomfortable,1
uncommitted,1
uncommon,1
uncommunicative,1
uncomplimentary,1
uncompromising,1
unconcern,1
unconcerned,1
unconditional,1
unconscionable,1
unconscious,1
uncontaminated,1
uncontested,1
uncontrollable,1
unconventional,1
unconvincing,1
unconvincingly,1
uncoordinated,1
uncork,1
uncorroborated,1
uncountable,1
uncounted,1
uncouple,1
uncouth,1
uncover,1
unctuous,1
uncut,1
undamaged,1
undaunted,1
undecided,1
undecipherable,1
undefeated,1
undemanding,1
undemocratic,1
undemonstrative,1
undeniable,1
undependable,1
under,1
underachieve,1
underage,1
underarm,1
underbelly,1
underbid,1
underbrush,2
undercarriage,1
undercharge,1
underclass,1
underclassman,1
underclothes,1
underclothing,1
undercoat,1
undercover,1
undercurrent,1
undercut,1
underdeveloped,1
underdog,1
underdone,1
underemployed,1
underestimate,1
underexpose,1
underfoot,1
undergarment,1
undergo,1
undergone,1
undergraduate,1
underground,1
undergrowth,2
underhand,1
underhanded,1
underlain,1
underlay,1
underlie,1
underling,1
underlying,1
undermine,1
underneath,1
undernourished,1
underpaid,1
underpants,1
underpass,1
underpay,1
underpinning,1
underplay,1
underprivileged,1
underrate,1
underscore,1
undersea,1
undersecretary,1
undersell,1
undershirt,1
undershorts,1
underside,1
undersigned,1
undersized,1
underskirt,1
undersold,1
understaffed,1
understand,1
understandable,1
understanding,1
understandingly,1
understate,1
understatement,1
understood,1
understudy,1
undertake,1
undertaken,1
undertaker,1
undertaking,1
undertone,1
undertook,1
undertow,1
undervalue,1
underwater,1
underway,1
underwear,1
underweight,1
underwent,1
underworld,1
underwrite,1
underwritten,1
underwrote,1
undeserving,1
undesirable,1
undeveloped,1
undid,1
undies,1
undignified,1
undiminished,1
undisturbed,1
undo,1
undoing,1
undone,1
undoubted,1
undress,1
undue,1
undulate,1
undulation,1
unduly,1
undying,1
unearned,1
unearth,1
unearthly,1
uneasy,1
uneducated,1
unembarrassed,1
unemotional,1
unemployable,1
unemployed,1
unemployment,1
unending,1
unendurable,1
unenthusiastic,1
unequal,1
unequaled,1
unequalled,1
unequivocal,1
unerring,1
uneven,1
uneventful,1
unexceptionable,1
unexceptional,1
unexpected,1
unexplored,1
unfailing,1
unfair,1
unfaithful,1
unfamiliar,1
unfamiliarity,1
unfasten,1
unfathomable,1
unfavorable,1
unfeeling,1
unfeigned,1
unfettered,1
unfinished,1
unfit,1
unflappable,1
unflinching,1
unfold,1
unforgettable,1
unfortunate,1
unfounded,1
unfriendly,1
unfurl,1
unfurnished,1
ungainly,1
ungentlemanly,1
ungodly,1
ungovernable,1
ungracious,1
ungrateful,1
ungrudging,1
unguarded,1
unguent,1
unhand,1
unhappy,1
unhealthy,1
unheard,1
unhesitating,1
unhesitatingly,1
unhindered,1
unhinge,1
unhitch,1
unholy,1
unhook,1
unhorse,1
unicameral,1
unicorn,1
unicycle,1
unidentified,1
unification,1
uniform,1
uniformity,1
unify,1
unilateral,1
unimaginative,1
unimpeachable,1
unimportant,1
unimpressed,1
unimpressive,1
uninhabited,1
uninhibited,1
uninspired,1
uninspiring,1
unintelligible,1
unintentional,1
uninterested,1
uninterrupted,1
union,1
unionize,1
unique,1
unisex,1
unison,1
unit,1
unite,1
united,1
unity,1
universal,1
universality,1
universe,1
university,1
unjust,1
unkempt,1
unkind,1
unknowing,1
unknown,1
unlace,1
unlatch,1
unlawful,1
unleaded,1
unlearn,1
unlearned,1
unleash,1
unleavened,1
unless,1
unlettered,1
unlike,1
unlikelihood,1
unlikely,1
unlimited,1
unlisted,1
unload,1
unlock,1
unloose,1
unlucky,1
unmade,1
unmanly,1
unmanned,1
unmannerly,1
unmask,1
unmentionable,1
unmerciful,1
unmindful,1
unmistakable,1
unmitigated,1
unmoved,1
unnatural,1
unnecessary,1
unneeded,1
unnerve,1
unnerving,1
unnoticed,1
unnumbered,1
unobjectionable,1
unobservant,1
unobtrusive,1
unoccupied,1
unoffensive,1
unofficial,1
unorganized,1
unorthodox,1
unpack,1
unpaid,1
unparalleled,1
unpatriotic,1
unpaved,1
unperturbed,1
unplanned,1
unpleasant,1
unplug,1
unplumbed,1
unpopular,1
unpopularity,1
unprecedented,1
unpredictable,1
unpremeditated,1
unprepared,1
unpretentious,1
unpreventable,1
unprincipled,1
unprintable,1
unprofessional,1
unprofitable,1
unproven,1
unprovoked,1
unpublished,1
unqualified,1
unquestionable,1
unquestioned,1
unquestioning,1
unquestioningly,1
unquote,1
unravel,1
unread,1
unready,1
unreal,1
unrealistically,1
unreasonable,1
unreasoning,1
unregistered,1
unregulated,1
unrehearsed,1
unrelenting,1
unreliable,1
unrelieved,1
unremitting,1
unrequited,1
unreserved,1
unrest,1
unrestrained,1
unrewarding,1
unripe,1
unrivaled,1
unrivalled,1
unroll,1
unromantic,1
unruffled,1
unruly,1
unsaddle,1
unsafe,1
unsaid,1
unsalted,1
unsanctioned,1
unsanitary,1
unsatisfactory,1
unsatisfying,1
unsavory,1
unscathed,1
unscientific,1
unscramble,1
unscrew,1
unscrupulous,1
unseal,1
unseasonable,1
unseat,1
unseemly,1
unseen,1
unselfish,1
unsentimental,1
unsettle,1
unsettled,1
unsettling,1
unsightly,1
unskilled,1
unskillful,1
unsolved,1
unsophisticated,1
unsound,1
unsparing,1
unspeakable,1
unspecified,1
unspoken,1
unsportsmanlike,1
unstable,1
unsteady,1
unstop,1
unstoppable,1
unstressed,1
unstructured,1
unstrung,1
unstuck,1
unstudied,1
unsubstantial,1
unsubstantiated,1
unsuccessful,1
unsuitable,1
unsung,1
unsupervised,1
unsuspecting,1
unswerving,1
untangle,1
untapped,1
untaught,1
untenable,1
unthinkable,1
unthinking,1
untidy,1
untie,1
until,1
untimely,1
untiring,1
untitled,1
unto,1
untold,1
untouchable,1
untouched,1
untoward,1
untreated,1
untried,1
untroubled,1
untrue,1
untruth,1
untruthful,1
untutored,1
unused,1
unusual,1
unutterable,1
unvarnished,1
unvarying,1
unveil,1
unverified,1
unvoiced,1
unwarranted,1
unwary,1
unwed,1
unwell,1
unwholesome,1
unwieldy,1
unwilling,1
unwind,1
unwise,1
unwitting,1
unwonted,1
unworldly,1
unworthy,1
unwound,1
unwrap,1
unwritten,1
unyielding,1
unzip,1
up,1
upbringing,1
upcoming,1
upcountry,1
upend,1
upheaval,1
upholster,1
upholstery,1
uplifting,1
upon,1
upper,1
upperclassman,1
uppity,1
uprising,1
uproarious,1
upset,1
upstanding,1
upwards,1
uranium,1
urban,1
urbane,1
urbanity,1
urbanization,1
urbanize,1
urchin,1
urea,1
urethra,1
urge,1
urgency,1
urgent,1
urinal,1
urinalysis,1
urinary,1
urinate,1
urination,1
urine,1
urn,1
us,1
usable,1
usage,1
use,1
useable,1
used,1
useful,1
useless,1
usher,1
usual,1
usurious,1
usurp,1
usurpation,1
usury,1
utensil,1
uteri,1
uterine,1
uterus,1
utilitarian,1
utility,1
utilization,1
utilize,1
utmost,1
utopia,1
utopian,1
utter,1
utterance,1
uvula,1
uvular,1
vacancy,1
vacant,1
vacate,1
vacation,1
vaccinate,1
vaccination,1
vaccine,1
vacillate,1
vacillation,1
vacua,1
vacuity,1
vacuous,1
vacuum,1
vagabond,1
vagary,1
vagina,1
vaginal,1
vagrancy,1
vagrant,1
vague,1
vain,1
valance,1
vale,1
valedictorian,1
valedictory,1
valence,1
valentine,1
valet,1
valiant,1
valid,1
validate,1
validation,1
validity,1
valise,1
valley,1
valor,1
valorous,1
valuable,1
valuation,1
value,1
valueless,1
values,1
valve,1
vamoose,1
vamp,1
vampire,1
van,1
vanadium,1
vandal,1
vandalism,1
vandalize,1
vane,1
vanguard,1
vanilla,3
vanish,1
vanity,1
vanquish,1
vantage,1
vapid,1
vapidity,1
vapidness,1
vapor,1
vaporization,1
vaporize,1
vaporous,1
variability,1
variable,1
variance,1
variant,1
variation,1
varicose,1
varied,1
variegated,1
variety,1
various,1
varmint,1
varnish,1
varsity,1
vary,1
vascular,1
vase,1
vasectomy,1
vassal,1
vast,1
vat,1
vaudeville,1
vault,1
vaulting,1
veal,1
vector,1
veep,1
veer,1
vegan,1
vegetable,2
vegetarian,1
vegetarianism,1
vegetate,2
vegetation,2
vegetative,2
veggie,2
vehemence,1
vehement,1
vehicle,1
vehicular,1
veil,1
veiled,1
vein,1
veld,2
veldt,2
vellum,1
velocity,1
velour,1
velours,1
velvet,1
velveteen,1
velvety,1
venal,1
venality,1
vend,1
vender,1
vendetta,1
vendor,1
veneer,1
venerable,1
venerate,1
veneration,1
venereal,1
vengeance,1
vengeful,1
venial,1
venison,1
venom,1
venomous,1
venous,1
vent,1
ventilate,1
ventilation,1
ventilator,1
ventral,1
ventricle,1
ventriloquism,1
ventriloquist,1
venture,1
venturesome,1
venturous,1
venue,1
veracious,1
veracity,1
veranda,1
verandah,1
verb,1
verbal,1
verbalize,1
verbatim,1
verbena,3
verbiage,1
verbose,1
verbosity,1
verdant,2
verdict,1
verdigris,1
verdure,2
verge,1
verifiable,1
verification,1
verify,1
verily,1
verisimilitude,1
veritable,1
verity,1
vermicelli,1
vermilion,1
vermin,1
verminous,1
vermouth,1
vernacular,1
vernal,2
versatile,1
versatility,1
verse,1
versed,1
versification,1
version,1
versus,1
vertebra,1
vertebrae,1
vertebral,1
vertebrate,1
vertex,1
vertical,1
vertices,1
vertiginous,1
vertigo,1
verve,1
very,1
vespers,1
vessel,1
vest,1
vested,1
vestibule,1
vestige,1
vestigial,1
vestment,1
vestry,1
vet,1
vetch,3
veteran,1
veterinarian,1
veterinary,1
veto,1
vex,1
vexation,1
vexatious,1
via,1
viability,1
viable,1
viaduct,1
vial,1
viand,1
vibes,1
vibrancy,1
vibrant,1
vibraphone,1
vibrate,1
vibration,1
vibrato,1
vibrator,1
viburnum,3
vicar,1
vicarage,1
vicarious,1
vice,1
viceroy,1
vicinity,1
vicious,1
victim,1
victimization,1
victimize,1
victor,1
victorious,1
victory,1
victuals,1
vicuna,1
video,1
vie,1
view,1
viewer,1
viewing,1
vigil,1
vigilance,1
vigilant,1
vigilante,1
vigilantism,1
vignette,1
vigor,1
vigorous,1
vile,1
vilification,1
vilify,1
villa,1
village,1
villager,1
villain,1
villainous,1
villainy,1
vim,1
vinaigrette,1
vindicate,1
vindication,1
vindictive,1
vine,3
vinegar,2
vinegary,2
vintage,2
vintner,2
vinyl,1
viola,3
violable,1
violate,1
violation,1
violence,1
violent,1
violet,3
violin,1
violinist,1
violist,1
viper,1
virago,1
viral,1
vireo,1
virgin,1
virginal,1
virginity,1
virile,1
virility,1
virtual,1
virtue,1
virtuosi,1
virtuosity,1
virtuoso,1
virtuous,1
virulence,1
virulent,1
virus,1
visa,1
visage,1
viscera,1
visceral,1
viscid,1
viscosity,1
viscount,1
viscountess,1
viscous,1
vise,1
visibility,1
visible,1
vision,1
visionary,1
visit,1
visitation,1
visitor,1
visor,1
vista,1
visual,1
visualization,1
visualize,1
vital,1
vitality,1
vitalize,1
vitamin,1
vitiate,1
vitreous,1
vitriol,1
vitriolic,1
vituperation,1
vituperative,1
vivacious,1
vivacity,1
vivid,1
vivify,1
viviparous,1
vivisection,1
vixen,1
vizier,1
vocabulary,1
vocal,1
vocalist,1
vocalization,1
vocalize,1
vocation,1
vocational,1
vociferous,1
vodka,1
vogue,1
voguish,1
voice,1
voiced,1
voiceless,1
void,1
volatile,1
volatility,1
volcanic,1
volcano,1
vole,1
volition,1
volley,1
volt,1
voltage,1
voltaic,1
voltmeter,1
volubility,1
voluble,1
volume,1
voluminous,1
voluntary,1
volunteer,1
voluptuary,1
voluptuous,1
vomit,1
voodoo,1
voodooism,1
voracious,1
voracity,1
vortex,1
vortices,1
votary,1
vote,1
votive,1
vouch,1
voucher,1
vow,1
vowel,1
voyage,1
voyeur,1
voyeurism,1
voyeuristic,1
vulcanize,1
vulgar,1
vulgarism,1
vulgarity,1
vulgarize,1
vulnerability,1
vulnerable,1
vulture,1
vulva,1
vying,1
wacko,1
wacky,1
wad,1
wadding,1
waddle,1
wade,1
wader,1
wadi,1
wafer,1
waffle,1
waft,1
wag,1
wage,1
wager,1
waggish,1
waggle,1
wagon,1
waif,1
wail,1
wainscot,1
wainscoting,1
wainscotting,1
waist,1
wait,1
waiter,1
waitress,1
waive,1
waiver,1
wake,1
wakeful,1
waken,1
walk,1
walker,1
wall,1
wallaby,1
wallet,1
wallop,1
wallow,1
walnut,3
walrus,1
waltz,1
wampum,1
wan,1
wand,1
wander,1
wanderlust,1
wane,1
wangle,1
wannabe,1
want,1
wanting,1
wanton,1
wapiti,1
war,1
warble,1
warbler,1
ward,1
warden,1
wardrobe,1
wardroom,1
ware,1
warm,1
warmonger,1
warmth,1
warn,1
warning,1
warp,1
warrant,1
warranty,1
warren,1
warrior,1
wart,1
warty,1
wary,1
was,1
wash,1
washable,1
washer,1
washing,1
wasp,1
waspish,1
wassail,1
wastage,1
waste,1
wasted,1
wasteful,1
wastrel,1
watch,1
watchful,1
water,2
watery,1
watt,1
wattage,1
wattle,3
wave,1
waver,1
wavy,1
wax,1
waxen,1
waxy,1
way,1
wayward,1
we,1
weak,1
weaken,1
weakling,1
weakness,1
weal,1
wealth,1
wealthy,1
wean,1
weapon,1
weaponless,1
weaponry,1
wear,1
wearable,1
wearisome,1
weary,1
weasel,1
weather,1
weathering,1
weatherize,1
weatherman,1
weave,1
web,1
webbing,1
wed,1
wedding,1
wedge,1
wee,1
weed,2
weeds,2
weedy,2
week,1
weekly,1
weep,1
weeping,1
weepy,1
weevil,1
weft,1
weigh,1
weight,1
weightless,1
weighty,1
weir,1
weird,1
weirdo,1
welcome,1
weld,1
welfare,1
well,1
welsh,1
welt,1
welter,1
wench,1
wend,1
went,1
wept,1
were,1
werewolf,1
werewolves,1
west,1
westerly,1
western,1
westerner,1
westernize,1
westward,1
westwards,1
wet,1
whack,1
whale,1
whaler,1
whaling,1
wham,1
whammy,1
wharf,1
wharves,1
what,1
wheat,3
wheaten,2
wheedle,1
wheel,1
wheeze,1
wheezy,1
whelk,1
whelp,1
when,1
whence,1
where,1
whet,1
whether,1
whew,1
whey,1
which,1
whiff,1
while,1
whilst,1
whim,1
whimper,1
whimsical,1
whimsy,1
whine,1
whinny,1
whiny,1
whip,1
whippet,1
whipping,1
whir,1
whirl,1
whirligig,1
whirr,1
whisk,1
whisker,1
whiskey,1
whisky,1
whisper,1
whist,1
whistle,1
whit,1
white,1
whiten,1
whither,1
whiting,1
whitish,1
whittle,1
whiz,1
whizz,1
who,1
whoa,1
whole,1
wholesome,1
wholly,1
whom,1
whoop,1
whoopee,1
whoops,1
whoosh,1
whopper,1
whopping,1
whore,1
whorl,1
whose,1
why,1
wick,1
wicked,1
wicker,1
wicket,1
wide,1
widen,1
widow,1
widower,1
widowhood,1
width,1
wield,1
wiener,1
wife,1
wig,1
wiggle,1
wiggly,1
wigwam,1
wild,1
wildebeest,1
wilderness,1
wile,1
wilful,1
will,1
willful,1
willies,1
willing,1
willow,3
willowy,1
wilt,2
wily,1
wimp,1
wimple,1
wimpy,1
win,1
wince,1
winch,1
wind,1
winded,1
winding,1
window,1
windward,1
windy,1
wine,2
winery,2
wing,1
winged,1
wingless,1
wink,1
winner,1
winning,1
winnow,2
wino,1
winsome,1
winter,1
winterize,1
wintery,1
wintry,1
wipe,1
wire,1
wired,1
wireless,1
wiring,1
wiry,1
wisdom,1
wise,1
wish,1
wishful,1
wisp,1
wispy,1
wisteria,3
wistful,1
wit,1
witch,1
witchery,1
with,1
withal,1
withdrawal,1
wither,2
withers,1
witless,1
witness,1
witticism,1
witty,1
wives,1
wizard,1
wizardry,1
wizened,1
wobble,1
wobbly,1
woe,1
woeful,1
wok,1
woke,1
woken,1
wolf,1
wolfish,1
wolverine,1
wolves,1
woman,1
womanhood,1
womanish,1
womanize,1
womanly,1
womb,1
wombat,1
women,1
womenfolks,1
won,1
wonder,1
wonderful,1
wonderment,1
wondrous,1
wont,1
wonted,1
woo,1
wood,2
wooded,2
wooden,1
woodman,1
woodsman,1
woodsy,2
woody,2
woof,1
woofer,1
wool,1
woolen,1
woolens,1
woollen,1
woolly,1
wooly,1
woozy,1
word,1
wording,1
wordy,1
wore,1
work,1
workable,1
workaholic,1
worker,1
working,1
workingman,1
workman,1
workmanlike,1
workmanship,1
world,1
worldly,1
worm,1
wormy,1
worn,1
worrisome,1
worry,1
worse,1
worsen,1
worship,1
worshipful,1
worshipper,1
worst,1
worsted,1
worth,1
worthless,1
worthy,1
would,1
wound,1
wove,1
woven,1
wow,1
wrack,1
wraith,1
wrangle,1
wrangler,1
wrap,1
wrapper,1
wrapping,1
wrath,1
wrathful,1
wreak,1
wreath,1
wreathe,1
wreck,1
wreckage,1
wrecker,1
wren,1
wrench,1
wrest,1
wrestle,1
wrestling,1
wretch,1
wretched,1
wriggle,1
wriggler,1
wring,1
wringer,1
wrinkle,1
wrinkly,1
wrist,1
writ,1
write,1
writer,1
writhe,1
writing,1
written,1
wrong,1
wrongful,1
wrote,1
wrought,1
wrung,1
wry,1
wuss,1
xenon,1
xenophobia,1
xenophobic,1
xerographic,1
xerography,1
xylem,2
xylophone,1
yacht,1
yachting,1
yachtsman,1
yahoo,1
yak,1
yam,3
yammer,1
yank,1
yap,1
yard,1
yarmulke,1
yarn,1
yaw,1
yawl,1
yawn,1
yaws,1
ye,1
yea,1
yeah,1
year,1
yearling,1
yearly,1
yearn,1
yeast,3
yeasty,1
yell,1
yellow,1
yellowish,1
yelp,1
yen,1
yeoman,1
yep,1
yes,1
yet,1
yew,3
yield,2
yielding,2
yip,1
yippee,1
yodel,1
yoga,1
yoghurt,1
yogi,1
yogurt,1
yoke,1
yokel,1
yolk,1
yon,1
yonder,1
yore,1
you,1
young,1
youngish,1
youngster,1
your,1
yours,1
youth,1
youthful,1
yowl,1
yttrium,1
yucca,3
yuck,1
yucky,1
yule,1
yuletide,1
yummy,1
yuppie,1
zany,1
zap,1
zeal,1
zealot,1
zealous,1
zebra,1
zebu,1
zed,1
zenith,1
zephyr,1
zeppelin,1
zero,1
zest,1
zestful,1
zigzag,1
zilch,1
zillion,1
zinc,1
zing,1
zinger,1
zinnia,3
zip,1
zipper,1
zippy,1
zircon,1
zirconium,1
zit,1
zither,1
zodiac,1
zodiacal,1
zombie,1
zonal,1
zone,1
zonked,1
zoo,1
zoological,1
zoologist,1
zoology,1
zoom,1
zucchini,3
zwieback,1
zygote,1
